nep4 5 B N Si C Cu
cutoff 4.2 3.5 42 21
n_max 8 8
basis_size 6 6
l_max 4 2 0
ANN 50 0
  -2.8354862332e-01
  -1.6003802419e-01
  3.9534926414e-02
  2.1790896356e-01
  -2.3179750144e-01
  3.6689171195e-01
  -5.0192587078e-02
  1.1227948219e-01
  -1.4622493088e-01
  -5.9630078077e-01
  -1.4821830392e-01
  1.8676593900e-02
  1.5128133819e-02
  1.4225603640e-01
  -2.4335614871e-03
  -4.9441727996e-01
  -4.9095973372e-01
  3.6419737339e-01
  -3.3177905716e-03
  1.2954890728e-01
  3.6602988839e-02
  1.8444511807e-04
  1.6354739666e-01
  1.8488897383e-01
  -4.4909393787e-01
  1.6028562561e-02
  3.0573964119e-01
  9.9559865892e-02
  -1.3460148126e-02
  2.7516942471e-02
  3.6132939160e-02
  1.4151497185e-01
  1.1073991656e-01
  4.1843641549e-02
  -2.5132387877e-01
  1.6460677981e-01
  -5.3123972612e-04
  1.5617434680e-01
  -1.0265492648e-01
  1.4983503520e-01
  1.8613839149e-01
  7.8986011446e-02
  2.9385599494e-01
  3.1203959137e-02
  8.4043763578e-02
  7.6992057264e-02
  1.3797391951e-01
  1.5223298967e-01
  -4.2071664333e-01
  -2.4078033864e-01
  1.7008712888e-01
  -2.9386526346e-01
  -1.8821062148e-01
  1.8288220465e-01
  -3.1524363905e-02
  1.3882803917e-01
  3.3388340473e-01
  -6.7602626979e-02
  3.8299858570e-02
  1.9217701629e-02
  -8.1163696945e-02
  -1.5908804536e-01
  -1.0270348936e-01
  -3.8388289511e-02
  4.3776512146e-02
  -1.5286265314e-01
  -8.8914029300e-02
  -1.3025374711e-01
  -2.1667383611e-02
  1.4148278534e-01
  -4.6177748591e-02
  -9.6602566540e-02
  2.0966753364e-01
  -5.8861173689e-02
  -1.9022318721e-01
  -3.1039854884e-01
  -1.3369327784e-01
  1.9405398518e-02
  9.1047491878e-03
  -1.1627549306e-02
  -1.6855669022e-01
  7.4316486716e-02
  1.5730847418e-01
  -1.8550114334e-01
  -1.1878532823e-03
  -1.5939161181e-01
  -1.8974107504e-01
  1.0590637475e-01
  7.5685583055e-02
  -5.0997704268e-02
  -4.1324705817e-03
  5.5601123720e-02
  6.6322818398e-02
  5.1571145654e-02
  9.1758415103e-02
  -5.0564546138e-02
  -7.9954318702e-02
  4.1450832039e-02
  -2.8759108856e-02
  2.1655330434e-02
  1.4700876176e-01
  -3.1367722154e-01
  -1.9544731826e-02
  -9.4890281558e-02
  -1.2017483264e-01
  1.0290428996e-01
  1.3561728410e-02
  4.9626547843e-02
  4.0474608541e-02
  -2.2734197974e-01
  1.1839221418e-01
  1.8630726635e-01
  3.2140663266e-01
  -2.6329314709e-01
  -2.7973845601e-01
  1.5251873434e-01
  -1.0221338272e-01
  -4.7437679768e-01
  4.6452593803e-01
  -1.2674301863e-01
  2.4775338173e-01
  -7.3674969375e-02
  -9.5964722335e-02
  3.5607691854e-02
  -3.6020332575e-01
  5.5397301912e-01
  7.9075908288e-03
  2.6777160168e-01
  -3.5586722195e-02
  5.5486555211e-03
  -1.2557867169e-01
  6.4652860165e-02
  -2.1549801528e-01
  -3.0689257383e-01
  1.3283115625e-01
  -8.4206587076e-01
  5.8586347103e-01
  -3.5685807467e-01
  2.3392355442e-01
  7.4594162405e-02
  4.3981242925e-03
  2.6808921248e-02
  3.3016008139e-01
  -1.2668223679e-01
  1.4677910134e-02
  2.7169901133e-01
  -1.1028557271e-01
  3.7037545443e-01
  1.1017849296e-01
  -1.6423447430e-01
  1.5186595730e-02
  -8.1851929426e-02
  -2.8123274446e-02
  -1.9811856747e-01
  3.8103318214e-01
  4.2275616527e-01
  -1.3572211564e-01
  2.8484467417e-02
  1.6947330534e-01
  -6.9490119815e-02
  -2.6659145951e-01
  4.8042297363e-02
  4.5833644271e-01
  -7.6346665621e-01
  1.4348027110e-01
  1.4553359151e-01
  -5.0148135424e-01
  -5.4575490952e-01
  6.8718858063e-02
  -4.5203108341e-02
  -4.3966752291e-01
  -8.2103110850e-02
  3.6016011238e-01
  8.9221484959e-02
  -4.6092656255e-01
  1.7427696288e-01
  -2.6289394498e-01
  -3.8936084509e-01
  1.5282066166e-01
  6.0093176365e-01
  -5.2907800674e-01
  -1.3110698760e-01
  2.3106025159e-01
  4.4507125020e-01
  -5.9080615640e-02
  -7.0934712887e-02
  2.3484027386e-01
  -1.5289284289e-02
  2.0437376201e-01
  -9.6699468791e-02
  -2.5926268101e-01
  4.1217344999e-01
  1.4017058909e-01
  2.3325470090e-01
  -3.6652883887e-01
  6.7375266552e-01
  -1.1624877900e-01
  2.5213724375e-01
  -6.2730288506e-01
  4.3604367971e-01
  -7.9136505723e-02
  1.0235119611e-01
  -1.1397521198e-01
  -1.2607553601e-01
  2.9165476561e-01
  -7.2635270655e-02
  -2.4704664946e-01
  -3.0619798228e-02
  1.1605455726e-01
  1.5514104068e-01
  5.4607743025e-01
  -5.7299852371e-01
  5.1209563017e-01
  5.9070531279e-03
  1.3250535354e-02
  -1.5970189869e-01
  -1.2113681436e-01
  -6.8288165331e-01
  -2.0381636918e-01
  -6.8735294044e-02
  -1.3317638636e-01
  -5.1896031946e-02
  -7.8308597207e-02
  -4.5334413648e-02
  1.8102629483e-01
  -5.9857446700e-02
  -1.3079991937e-01
  1.2024150044e-01
  2.2051176056e-02
  1.1626460403e-01
  6.7402228713e-02
  1.5685182810e-01
  3.5021942854e-01
  1.3808664680e-01
  2.9152117670e-02
  9.4076119363e-02
  -3.2760635018e-02
  2.1005405486e-01
  4.8759780824e-02
  1.2075344473e-01
  3.2894831896e-01
  7.2899848223e-02
  1.1440166831e-01
  -1.1137368530e-01
  1.5589615703e-01
  -1.0048494488e-01
  -1.8956652284e-01
  3.7015971541e-01
  1.3733318448e-01
  -1.1270374060e-01
  1.9733119756e-02
  3.3334665000e-02
  6.1060193926e-02
  -2.1252094209e-01
  7.5997218490e-02
  1.2528479099e-01
  1.0427957028e-01
  1.9172830880e-01
  -2.6023593545e-01
  -1.3534502685e-01
  -2.8260244057e-02
  6.4462378621e-02
  -1.0245373100e-01
  9.8898403347e-02
  -5.5864971131e-02
  7.6773799956e-02
  -8.0387465656e-02
  1.2197921425e-01
  -4.7195643187e-02
  -6.6097296774e-02
  2.6655429602e-01
  1.4014376700e-01
  -1.8370775878e-01
  -2.1029111743e-01
  -3.3024471998e-01
  4.5292359591e-01
  3.5657522082e-01
  -2.8497168422e-01
  -7.6688647270e-02
  4.2374292016e-01
  -5.6825852394e-01
  1.7536328733e-01
  -3.8547359873e-03
  1.4258578420e-01
  1.5558972955e-01
  -2.6180166006e-01
  -1.3168592937e-02
  -8.8968455791e-02
  -2.6706543565e-01
  -2.7252399921e-01
  2.8292882442e-01
  -1.5248034894e-01
  -9.1195506975e-03
  1.4664483070e-01
  -1.4695411921e-01
  -1.1002559960e-01
  3.4060311317e-01
  5.4774624109e-01
  -5.1762801409e-01
  3.5618492961e-01
  7.6717540622e-02
  -2.8375884518e-02
  -3.4132689238e-02
  -3.2265344262e-01
  -3.6863571405e-01
  3.6167043447e-01
  1.3952094316e-01
  -8.7193185464e-03
  2.1324034035e-01
  -2.1946821362e-02
  2.1967825294e-01
  1.4124824107e-01
  1.0686244816e-01
  -1.8139990047e-02
  9.2573679984e-02
  3.3051946759e-01
  -4.8815169930e-01
  -4.3748363853e-01
  1.7675104737e-01
  -9.3738131225e-02
  2.3521173745e-02
  -2.0119617693e-03
  -7.9878553748e-02
  -1.9855350256e-02
  -2.2330652177e-01
  3.9521923661e-01
  -1.5897059441e-01
  -2.7140355110e-01
  -1.2049123645e-01
  2.7064836025e-01
  5.2468258888e-02
  -4.5352318883e-01
  -3.6896474659e-02
  -8.8736593723e-02
  9.3256033957e-02
  -9.6289150417e-02
  -5.3645290434e-02
  6.7684471607e-02
  2.3175038397e-01
  2.1614399552e-01
  1.7009159923e-01
  1.6987353563e-01
  -5.4168384522e-02
  -7.7128268778e-02
  2.2690348327e-01
  7.7411167324e-02
  2.6369994879e-01
  4.8062670976e-02
  1.2503549457e-01
  -1.8571183085e-01
  2.8394064307e-01
  1.6641965508e-01
  1.6812795401e-01
  1.8106174469e-01
  -6.5790265799e-01
  3.3812543750e-01
  2.8630277514e-01
  -2.4380309880e-01
  3.3531674743e-01
  2.1491555497e-02
  -1.1187912524e-01
  -6.1874007806e-03
  -1.2140294164e-01
  -3.1217634678e-01
  -1.6486708820e-01
  1.3360624015e-01
  -1.6563181579e-01
  3.0660349131e-01
  7.2228483856e-02
  -3.1144091487e-01
  1.9109505415e-01
  1.9803294539e-01
  9.7714234143e-03
  -4.7573130578e-02
  -9.4931557775e-02
  -3.6288642883e-01
  2.6182937622e-01
  5.0991561264e-02
  -1.9404417276e-01
  1.5069933236e-01
  2.9230214655e-02
  6.2426973134e-02
  -3.3280795813e-01
  7.7111586928e-02
  1.8664748967e-01
  -2.8710427880e-01
  -8.6893387139e-02
  4.3501213193e-01
  -1.9630703330e-01
  1.9924454391e-01
  -2.1834960580e-01
  1.8687462807e-01
  9.2867337167e-02
  -4.4836103916e-02
  1.8656305969e-01
  -1.4188507199e-01
  5.2684053779e-02
  -3.0176103115e-01
  2.3174256086e-01
  2.2418174893e-02
  1.4660859108e-01
  4.4358875602e-02
  -1.8777811900e-02
  -2.8728964925e-01
  2.6059202850e-02
  2.0395530760e-01
  -4.3373537064e-01
  3.2858374715e-01
  6.7175284028e-02
  1.4648044109e-01
  -2.6831839234e-02
  -9.3470327556e-02
  1.5223057009e-02
  5.1947239786e-02
  1.0853043199e-01
  -4.0733093023e-01
  3.0769074336e-02
  8.3904430270e-02
  -2.4811901152e-01
  1.1011675745e-01
  7.4879840016e-02
  6.2842397019e-03
  -1.2470670789e-01
  1.2286467105e-01
  -2.4191614985e-01
  -5.3094285727e-01
  -1.0324416310e-01
  1.3397386670e-01
  -2.8597629070e-01
  1.6371940076e-01
  2.6953468099e-02
  1.9023834169e-01
  -5.5675965548e-01
  4.2872413993e-01
  -3.9272084832e-01
  -1.0274702311e+00
  -2.8987053037e-01
  1.1567915678e+00
  -1.4321468771e-01
  1.1798682064e-01
  1.3654762506e+00
  -4.6578577161e-01
  1.6246465445e+00
  -4.1491290927e-01
  -5.4834812880e-02
  -3.3230322599e-01
  -2.5335729122e-01
  1.2088481188e+00
  1.5563692898e-02
  6.0934591293e-01
  -6.9424390793e-02
  -2.1998064592e-02
  -5.5285185575e-01
  -2.1254679561e-01
  -4.1229832172e-01
  -4.3734856881e-03
  -6.7667007446e-02
  -5.8625817299e-01
  7.2031992674e-01
  7.2332644463e-01
  -1.1602602005e+00
  8.2772123814e-01
  -4.7820228338e-01
  -3.3463373780e-01
  1.2507580221e-01
  1.3807377219e-01
  -1.7280313373e-01
  5.9627705812e-01
  4.7379836440e-01
  -1.0188381672e+00
  -2.4253183603e-01
  2.4198840559e-01
  -4.3041002005e-02
  -4.9172297120e-01
  1.3189119101e-01
  -7.0232614875e-02
  -1.3675273396e-02
  3.9185759425e-01
  3.2364580035e-01
  1.4491974115e+00
  -9.0964056551e-02
  -7.0396170020e-02
  -1.6868978739e-02
  -4.0615998209e-02
  6.8846565485e-01
  1.2003094703e-01
  -1.0731592178e+00
  4.4020769000e-01
  -1.2141299248e-01
  -7.0182240009e-01
  -8.4858246148e-02
  3.8164079189e+00
  6.1483908445e-02
  -2.2654555738e-01
  1.1557511091e+00
  2.8656166792e-01
  1.3371123001e-02
  -7.7918611467e-02
  -2.2972187027e-02
  -1.2500110269e-01
  -7.4390938971e-04
  9.7625750303e-01
  2.2060644627e-01
  -2.9898127913e-01
  2.8680455685e-01
  5.3509943187e-02
  -1.2445544451e-01
  -7.3362395167e-02
  4.1690312326e-02
  3.2928183675e-02
  -8.1526406109e-02
  7.1096414328e-01
  -4.8091039062e-02
  5.8293426037e-01
  -7.2990417480e-02
  -8.8043741882e-02
  -3.3852991462e-01
  7.9406179488e-02
  3.1852221489e-01
  -2.5607681274e-01
  3.1705990434e-01
  2.1535521746e-01
  5.1835492253e-02
  -4.4883631170e-02
  -2.5328299403e-01
  -2.0435144007e-01
  -2.5484057143e-02
  1.2065977603e-01
  -1.9932603836e-01
  4.6471205354e-01
  3.1688776612e-01
  -6.5245047212e-02
  1.5561385453e-01
  -1.1023717234e-03
  -1.5541324019e-01
  4.6363034844e-01
  -1.0336713493e-01
  -2.2820690274e-01
  5.3107571602e-01
  6.8572960794e-02
  -2.7383154631e-01
  -5.3717669100e-02
  2.6251128316e-01
  1.3835407794e-01
  2.5505229831e-01
  -1.7314714193e-01
  -2.9870444536e-01
  4.1664606333e-01
  2.9928492382e-02
  -1.8252874911e-01
  2.4120317400e-01
  -1.0684899986e-01
  -1.3729991019e-01
  -2.3640657961e-01
  -2.0239856094e-02
  1.3026960194e-01
  -2.0409883931e-02
  2.0139227808e-01
  -7.2558648884e-02
  3.1024441123e-01
  -3.8174565881e-02
  -3.7754070014e-02
  -1.4402207732e-01
  -1.8953531981e-01
  3.0221244693e-01
  1.1382555217e-01
  -2.1136917174e-01
  4.7436982393e-02
  4.3126171827e-01
  -4.9534147978e-01
  1.0682427138e-01
  -1.9091530144e-01
  -4.4769592583e-02
  2.9198437929e-01
  3.4168815613e-01
  -3.2356142998e-01
  1.4681661129e-01
  4.5725587010e-01
  -3.3976593614e-01
  -5.6045509875e-02
  -1.2727023661e-01
  -5.8976959437e-02
  7.6387003064e-02
  1.0165008903e-01
  -1.8716688454e-01
  -4.5786648989e-01
  2.7674859762e-01
  3.4673565626e-01
  -4.3967541307e-02
  2.5795772672e-01
  1.8186017871e-01
  -2.5505904108e-02
  7.1141773462e-01
  -6.0656867921e-02
  -2.3757030070e-01
  -9.7381722927e-01
  -3.1497191638e-02
  2.0911023021e-01
  1.5436795354e-01
  -4.4222483039e-01
  -1.6142730415e-01
  2.6972672343e-01
  4.1193649173e-02
  -1.0240871459e-01
  8.0460734665e-02
  2.1756410599e-01
  -8.6562618613e-02
  -7.9158090055e-02
  6.1081819236e-02
  -5.3044557571e-01
  -5.8598691225e-01
  -3.6051802337e-02
  -3.0297082663e-01
  -1.8690079451e-02
  -1.2048194185e-03
  2.0909845829e-01
  1.0183018446e-01
  2.1582579613e-01
  -2.4371157587e-01
  -3.5251927376e-01
  -5.9897527099e-02
  -3.6281388998e-01
  2.3849962279e-02
  2.5347253680e-01
  3.2086691260e-01
  -1.1474765092e-01
  7.0033885539e-02
  9.4055712223e-02
  -6.3549989462e-01
  1.5787909925e-01
  -3.9045993239e-02
  -3.6038331687e-02
  3.3457171917e-01
  1.7544236779e-01
  1.0855393857e-01
  -1.6515204310e-01
  -1.5960155055e-02
  -4.8362830281e-01
  4.2857211083e-02
  1.3278612494e-01
  -8.0757446587e-02
  -1.4162324369e-01
  -3.3759083599e-02
  -6.7040003836e-02
  -9.1874398291e-02
  2.3525035009e-02
  -2.7495893836e-01
  -2.0740267634e-01
  -4.3989565969e-01
  -7.1795749664e-01
  -2.0451802760e-02
  -1.3854105771e-01
  2.1554930508e-01
  5.4863351583e-01
  -1.4879222214e-01
  -4.2746029794e-02
  7.6934194565e-01
  -8.8226936758e-02
  3.5973301530e-01
  -2.5615967810e-02
  1.9157694280e-01
  -6.1839405447e-02
  3.7007245421e-01
  -1.4707836509e-01
  -1.6569499671e-01
  -2.8968492150e-01
  3.8561016321e-02
  -1.9842468202e-01
  6.0055874288e-02
  2.0645821095e-01
  1.1698694527e-01
  1.1584164947e-01
  -1.9735852256e-02
  1.4949080348e-01
  -1.1911794543e-01
  1.0788801312e-01
  2.4690656364e-01
  -1.4373157918e-01
  -1.1474398524e-01
  2.8084298968e-01
  1.5763317049e-01
  -1.7326679826e-01
  1.1720136553e-01
  -4.3898284435e-02
  5.6688752025e-02
  2.1047301590e-01
  -6.8047761917e-02
  -3.3593171835e-01
  5.9714227915e-02
  6.6883951426e-02
  -2.9805970192e-01
  1.9097777084e-02
  9.7649730742e-02
  6.5345972776e-02
  -2.7691575885e-01
  -4.6497389674e-02
  1.0817874968e-01
  2.5482345372e-02
  1.2035226077e-01
  -8.3496898413e-02
  -4.6435323358e-01
  -1.8246471882e-01
  1.0062146932e-01
  -7.5342297554e-02
  -2.5331249833e-01
  -3.0825099349e-01
  -1.9901002944e-01
  1.3507807255e-01
  3.3925068378e-01
  -4.5659881830e-01
  -1.4234497212e-02
  4.2562174797e-01
  -3.8152685761e-01
  2.5483641028e-01
  1.1116594076e-01
  2.5870320201e-01
  2.7936905622e-01
  1.6857737303e-01
  1.1037713848e-02
  1.0363732278e-01
  -7.8585900366e-02
  -4.6372541785e-01
  5.7533577085e-02
  1.6119448841e-01
  -1.7638146877e-02
  2.1760432422e-01
  -8.5337445140e-02
  -1.3619084656e-01
  9.4183422625e-02
  1.0822168738e-01
  -7.0370680094e-01
  5.8941107988e-01
  5.7778283954e-02
  -7.7109992504e-02
  1.3999752700e-01
  -2.9865434766e-01
  -4.9061957002e-01
  2.7917557955e-01
  -4.9130491912e-02
  -1.6747000813e-01
  1.1806534976e-01
  1.1664470285e-01
  1.4329178631e-01
  2.9781395197e-01
  -3.0073049664e-01
  -1.9214592176e-03
  1.5169137716e-01
  2.1757730842e-01
  -3.4057217836e-01
  -2.9904952645e-01
  -4.0886763483e-02
  -2.0513603091e-01
  3.8881495595e-02
  2.4044641852e-01
  -1.0158473998e-01
  2.3511192203e-01
  5.7072356343e-02
  7.5947597623e-02
  -2.3819965124e-01
  -1.1628250033e-01
  -2.1073304117e-01
  -2.6611003280e-01
  1.6864593327e-01
  -1.8790584803e-01
  2.8777116537e-01
  4.3640691042e-01
  -5.3980934620e-01
  -6.1046261340e-02
  -1.8910752842e-03
  4.5050919056e-02
  3.2913771272e-01
  5.8057516813e-01
  2.6762950420e-01
  -1.1411060095e+00
  3.0186581612e-01
  -2.8641033173e-01
  5.1375657320e-02
  1.3030160964e-01
  6.9242328405e-02
  -1.4441172779e-01
  1.3780723512e-01
  3.3246036619e-02
  -5.7962156832e-02
  5.6193268299e-01
  -2.0949967206e-01
  3.5407301784e-01
  -1.8709772825e-01
  -4.1235812008e-02
  1.1322172731e-01
  -4.7696232796e-01
  -3.2060381025e-02
  -2.9747682810e-01
  9.2870607972e-02
  -2.2119930387e-01
  1.8032288179e-02
  -4.5650231838e-01
  -1.7294901609e-01
  -5.6258540601e-02
  -1.3289946318e-01
  -1.2491209805e-01
  1.5579717234e-02
  -1.5811906755e-01
  -1.8418665230e-01
  -4.3925496936e-01
  6.4759694040e-02
  -2.8085300326e-01
  -6.9479592144e-02
  2.4136933684e-01
  5.9668147564e-01
  1.2541048229e-01
  2.4024395645e-01
  -6.3906712458e-03
  -1.6509499401e-02
  2.1767130494e-01
  -7.2385147214e-02
  -6.7991679907e-01
  3.9065506309e-02
  -1.9493639469e-01
  -5.2806377411e-01
  -9.9531151354e-03
  1.5898104012e-01
  5.8587878942e-02
  -1.4990806580e-01
  1.2832428515e-01
  -1.4087282121e-01
  -1.7765033245e-01
  -3.7948105484e-02
  4.7560077906e-01
  -9.8139047623e-02
  -5.2072301507e-02
  6.6879419610e-03
  1.5328308940e-01
  4.2356025428e-02
  6.6465795040e-02
  2.4022695422e-01
  3.0995905399e-01
  1.4675202966e-01
  -2.0749295130e-02
  -4.3237335049e-03
  9.7057439387e-02
  1.7345517874e-01
  1.1139394343e-01
  1.1402606964e-01
  -1.7182469368e-01
  -2.1855321527e-01
  2.1910998225e-01
  -1.4246532321e-01
  2.3497711867e-02
  1.4087198675e-01
  -1.5380014479e-01
  1.3075160980e-01
  1.9393485785e-01
  -3.3915508538e-02
  -7.8683853149e-02
  -2.6080825925e-01
  1.0812002001e-03
  2.6311349869e-01
  9.1049998999e-02
  -2.3717741668e-01
  -2.4605348706e-01
  -1.3570549898e-02
  1.9249626994e-01
  6.1611813307e-01
  9.2287771404e-02
  1.0765589774e-01
  -1.2032383680e-01
  -2.5159010664e-02
  -1.6523358226e-01
  -7.0912882686e-02
  5.4900842905e-01
  2.7939611673e-01
  -1.4316911995e-01
  1.8581037223e-01
  4.4800940156e-01
  -3.9570640773e-02
  -9.0828984976e-02
  7.0122680627e-03
  3.3547878265e-02
  2.3441351950e-01
  5.6872600317e-01
  7.0284062624e-01
  -8.9716315269e-01
  1.2292762101e-01
  -2.1126431227e-01
  1.2701080181e-02
  8.7951280177e-02
  -1.0143036395e-01
  -2.3002617061e-02
  8.1608720124e-02
  5.4727252573e-02
  3.6478269845e-02
  6.5582114458e-01
  1.0216809064e-01
  1.3179521263e-01
  -1.7867521942e-01
  -1.2323477864e-01
  -1.5389241278e-01
  -4.2308026552e-01
  -4.3498963118e-01
  -2.9684795067e-02
  4.4519412331e-03
  7.1250423789e-02
  -8.1033542752e-02
  -3.1194758415e-01
  9.3221209943e-02
  -8.6761996150e-02
  -3.1743288040e-02
  -6.9808863103e-02
  4.9001429230e-02
  1.9223344326e-01
  -2.7458143234e-01
  -1.7468662560e-01
  4.4520264864e-01
  -7.7950604260e-02
  -6.0719165951e-02
  1.3015325367e-01
  1.3066861629e+00
  -1.2547051534e-02
  -1.3269360065e+00
  1.1107556820e+00
  -1.0202033818e-01
  -4.2268732190e-01
  -1.0991525650e-01
  1.2500742674e+00
  -3.0483797193e-01
  -5.8710467815e-01
  4.7347702086e-02
  -6.3409782946e-02
  -7.6615005732e-02
  1.7087707296e-02
  -1.6108995304e-02
  -7.8973762691e-02
  -3.2526005059e-02
  -3.1865048409e-01
  6.0056889057e-01
  1.2844672799e-01
  6.8952597678e-02
  1.3263267279e-01
  -6.6521786153e-02
  -1.1344404519e-01
  9.0900175273e-03
  2.2379076481e-01
  1.0755652934e-01
  3.4158331156e-01
  2.1638512611e-01
  6.5732710063e-02
  1.2468770146e-01
  -3.6271443963e-01
  -3.1566962600e-02
  3.7633183599e-01
  -1.3452078402e-01
  -3.1040446833e-02
  4.8806062341e-01
  -2.2855927050e-01
  1.5225778520e-01
  2.0651528612e-02
  -8.8981814682e-02
  -1.4874501526e-01
  -1.7920129001e-01
  -7.9074010253e-02
  -6.2836565077e-02
  7.3021614552e-01
  1.2227687985e-01
  1.3176093809e-02
  -1.5135002136e-01
  1.0380454361e-01
  -3.8881871104e-01
  2.0919522643e-01
  -1.5741613507e-01
  -2.6898244023e-01
  4.4631069899e-01
  -1.1008925736e-02
  4.0619242936e-02
  -2.8972632717e-03
  -7.2548113763e-02
  7.3484607041e-02
  -2.0693054423e-02
  -2.6034170762e-02
  2.3157240823e-02
  3.3473130316e-02
  1.8158382177e-01
  -2.6421886683e-01
  3.6465066671e-01
  -1.4913140237e-01
  9.9873557687e-02
  1.6173060238e-01
  2.4485211819e-02
  6.2851585448e-02
  -2.5527676940e-01
  1.0429418832e-01
  8.8468834758e-02
  1.5134407580e-01
  -1.6826074570e-02
  -1.1054319888e-01
  1.3493886590e-01
  1.2669673562e-01
  -1.1529362947e-01
  -7.1142941713e-02
  1.7711843550e-01
  -7.8665688634e-02
  -3.2162126154e-02
  -3.5266649723e-01
  -1.8658007681e-01
  2.0075820386e-01
  3.9164298773e-01
  -1.7445018888e-01
  -1.4328363538e-01
  -1.0870584846e-01
  -1.8769813702e-02
  1.4525568113e-02
  6.9730781019e-02
  -3.0826631188e-01
  2.0841006935e-01
  1.0704936087e-01
  -5.4566985928e-03
  -1.2480968982e-01
  -1.7081338912e-02
  -2.3489502072e-01
  9.5377266407e-02
  -1.3096606731e-01
  2.0527674258e-01
  -1.2249310315e-01
  -1.4958970249e-02
  -9.3077331781e-02
  -2.2345878184e-01
  2.3177496623e-03
  -6.2336310744e-02
  -6.9988496602e-02
  2.2428478301e-01
  4.0589384735e-02
  1.1076539755e-01
  8.4727525711e-02
  -5.1758136600e-02
  2.4912455678e-01
  -9.0841360390e-02
  -7.5601875782e-02
  5.0264966488e-01
  -2.9239979386e-01
  -6.5835319459e-02
  -9.8833866417e-02
  -2.1479694545e-01
  -4.7364532948e-01
  5.2820551395e-01
  2.0238430798e-01
  -1.0046816617e-01
  1.2580497563e-01
  -3.2013934106e-02
  2.6067155600e-01
  5.1060961559e-03
  4.9734048545e-02
  8.0723844469e-02
  -9.7056783736e-02
  -8.8879629970e-02
  -1.6782386601e-01
  3.0165866017e-01
  -3.8638478518e-01
  2.5252079964e-01
  -4.7075182199e-02
  -2.6138264220e-03
  5.5407023430e-01
  3.4468981624e-01
  -9.8697163165e-02
  1.0709396005e-01
  -8.0361254513e-02
  1.6394922137e-01
  1.7520870268e-01
  -2.8246405721e-01
  -4.7090280801e-02
  -4.2163837701e-02
  8.5771717131e-02
  -5.9211846441e-02
  -1.1825885624e-01
  2.1423296630e-01
  2.1195800602e-01
  -2.2049656510e-01
  1.3952803612e-01
  -1.2380834669e-01
  -2.7820659801e-02
  2.9685929418e-01
  1.0410592705e-01
  1.2318519503e-01
  3.2591652870e-01
  6.0786759853e-01
  2.1782034636e-01
  7.5328484178e-02
  1.1721264571e-01
  9.3575164676e-02
  -6.6339015961e-02
  -6.9186121225e-01
  1.1886844039e-01
  6.7731246352e-02
  4.9901725724e-03
  1.6496680677e-01
  -1.7459295690e-01
  -2.9296490550e-01
  2.8634101618e-03
  -5.9534147382e-02
  -2.8495233506e-02
  -3.7534365058e-01
  -2.0769184455e-02
  -3.8523327559e-02
  -1.9029788673e-02
  -1.2225285918e-01
  -9.3796864152e-02
  2.4686418474e-01
  -1.0176857561e-01
  -6.2222201377e-02
  8.5379108787e-02
  2.6928246021e-01
  -1.0946777649e-02
  3.3160725236e-01
  -3.5194575787e-01
  -5.4897353053e-02
  -2.2390032187e-02
  2.6616859436e-01
  -1.9934849441e-01
  1.4119698107e-01
  1.8370138109e-01
  9.8675332963e-02
  -6.6934049129e-02
  -3.8481533527e-01
  -1.2581992149e-01
  2.6243880391e-02
  2.9467344284e-01
  1.8397988379e-01
  1.1658123881e-01
  -2.8646954894e-01
  9.2832155526e-02
  -7.9332828522e-02
  -1.1129260808e-01
  -5.0897590816e-02
  6.2344480306e-02
  -2.2560386360e-01
  -1.0825915635e-01
  6.3515447080e-02
  -3.1957101077e-02
  3.0709835887e-01
  -2.3115934804e-02
  1.8680888414e-01
  -1.2884889543e-01
  -1.9885224104e-01
  2.1089887619e-01
  1.8066634238e-01
  -3.1220686436e-01
  4.4693115354e-01
  -2.3798400164e-01
  1.5397334099e-01
  -1.8025560677e-01
  -2.7515172958e-01
  -4.8449561000e-03
  -4.1956745088e-02
  -6.3257411122e-02
  5.8940064162e-02
  1.2356919050e-01
  -6.5181210637e-02
  -8.1824492663e-03
  2.5078877807e-02
  5.3473688662e-02
  -1.4660285786e-02
  1.7622552812e-02
  -1.7484384775e-01
  -1.4170196839e-02
  2.8844216466e-01
  -3.2463297248e-01
  -1.9338686764e-01
  -1.6723562032e-02
  -8.3048738539e-02
  -4.5054595917e-02
  7.9360432923e-02
  -3.3011007309e-01
  1.0715190321e-02
  5.2333582193e-02
  -2.6933500543e-02
  -1.5721936524e-01
  -9.9310956895e-02
  4.4853378087e-02
  -3.6393947899e-02
  -9.9231109023e-02
  -1.8594573438e-01
  -5.8417633176e-02
  3.6314389110e-01
  2.4109253287e-01
  1.5336531401e-01
  2.2609777749e-01
  -1.4809185266e-01
  -6.5764874220e-02
  1.6933439672e-01
  -9.1402381659e-02
  -5.7401936501e-02
  3.7342384458e-03
  -1.1855237931e-01
  -2.4627143145e-01
  -6.5540969372e-02
  2.5454819202e-01
  -1.4165911078e-01
  8.2729317248e-02
  1.3328808546e-01
  1.4729335904e-01
  -1.7126505077e-01
  6.9844171405e-02
  1.8766213953e-01
  8.6231887341e-02
  -2.6792517304e-01
  5.8578890562e-01
  -2.9802972078e-01
  2.1501945332e-02
  -1.9708296657e-01
  -6.5912015736e-02
  -3.4626135230e-01
  -5.9251356125e-01
  -1.4030703343e-02
  1.0950749367e-01
  1.4487953484e-01
  7.3281943798e-02
  7.6464854181e-02
  2.1594162285e-01
  -1.9443684816e-01
  -2.2114320099e-01
  -3.4959480166e-01
  -1.2762685120e-01
  -1.8703658879e-01
  2.7127307653e-01
  5.3678703308e-01
  -1.9061692059e-01
  3.5886996984e-01
  -3.7255573273e-01
  -1.0717777908e-01
  -4.0959393978e-01
  -1.1915411800e-01
  -1.4508385956e-01
  2.9996411875e-02
  4.0415325761e-01
  -7.3329597712e-02
  -2.3590499163e-01
  -1.9030724466e-01
  3.7108579278e-01
  1.0843314976e-01
  4.9680535449e-04
  1.3711383939e-01
  -3.1263852119e-01
  -1.3100006580e+00
  -2.1377338469e-01
  -1.1214973778e-01
  2.2413074970e-01
  4.4493392110e-02
  -1.4789547026e-01
  -1.0038470477e-01
  3.5447928309e-01
  1.5790598467e-02
  8.1063568592e-02
  -1.1877395958e-01
  -5.2678775042e-02
  -2.1449552476e-01
  -1.2719875574e-01
  -1.1101914197e-01
  -1.3813081384e-01
  -1.3832050562e-01
  7.5715214014e-02
  1.9840875268e-01
  2.5924143195e-01
  -1.7756516114e-02
  -1.2178111821e-02
  -1.9540052116e-01
  -8.2632347941e-02
  -6.2495283782e-02
  -8.9397311211e-02
  3.7290647626e-01
  7.4908845127e-02
  6.6686697304e-02
  1.6453083605e-02
  -5.0712794065e-02
  -3.1774851680e-01
  -9.4309903681e-02
  3.4673981369e-02
  -6.9196455181e-02
  1.5388089418e-01
  3.1316065788e-01
  -1.1728957295e-01
  2.8597239405e-02
  -5.0723992288e-02
  -1.8340730667e-01
  1.7917186022e-02
  -1.3180692680e-02
  7.7600523829e-02
  5.6710250676e-02
  3.2154408097e-01
  -5.2424140275e-02
  -1.1539954692e-01
  -8.4560796618e-02
  2.8182062507e-01
  -6.9121323526e-02
  1.2113303691e-01
  9.3459270895e-02
  -9.7349300981e-02
  2.6138377190e-01
  1.3844707608e-01
  1.3154949248e-01
  4.1621152312e-02
  2.6094254851e-01
  1.6363924742e-01
  2.2511966527e-01
  -7.6881301356e-04
  -2.4696274102e-01
  1.1024433374e-01
  -1.0044389218e-01
  -2.1769510210e-01
  5.8232444525e-01
  -2.4450266361e-01
  8.5834562778e-02
  -1.2174480408e-01
  -3.9356827736e-01
  -1.0516629368e-01
  1.6917625070e-01
  1.6013051569e-01
  -8.6391031742e-02
  4.0238100290e-01
  -1.8090905249e-01
  -9.8800085485e-02
  -9.2719599605e-02
  -3.0163445044e-03
  1.1229797453e-01
  -1.2858328223e-01
  -1.4656902850e-01
  -1.5815442801e-01
  2.9278105497e-01
  -3.7446534634e-01
  -6.7359805107e-02
  -6.8194359541e-02
  -1.2564279139e-01
  1.9897906482e-01
  3.1419059634e-01
  -1.3301558793e-01
  2.4535238743e-02
  -1.1805898696e-01
  -8.4291115403e-02
  1.2497845292e-01
  -3.1527329236e-02
  -1.9038582221e-02
  -1.1584802717e-01
  5.3856864572e-02
  -2.3087038100e-01
  -1.4763647318e-01
  3.0105615035e-02
  2.6372048259e-01
  3.0229424592e-03
  6.1890326440e-02
  -5.5986050516e-02
  3.9091765881e-02
  1.8589843810e-01
  -1.3093379326e-02
  9.3397594988e-02
  6.2871642411e-02
  -2.5574651361e-01
  -2.7510738373e-01
  -3.3930847049e-01
  2.0464691520e-01
  8.0757886171e-02
  -2.7570962906e-01
  -1.5344071388e-01
  4.7713306546e-01
  -5.7606816292e-01
  1.9020110369e-01
  -2.9369828105e-01
  2.0692378283e-01
  1.8255674839e-01
  6.0583733022e-02
  2.4381980300e-01
  -3.2781171799e-01
  -1.7026332021e-01
  -2.8082746267e-01
  4.8000294715e-02
  -7.3972485960e-02
  5.2303507924e-02
  -4.5010976493e-02
  4.5442704111e-02
  -4.0238834918e-02
  -9.4766896218e-03
  7.2824072838e-01
  -5.9345793724e-01
  4.2745301127e-01
  -1.2547330558e-01
  2.1800717711e-01
  1.4114026725e-01
  -1.5420496464e-01
  -2.1821597219e-01
  1.0292085260e-01
  4.7746341676e-02
  -3.2030466199e-01
  2.0330671966e-01
  -5.2701640874e-02
  4.0444597602e-02
  1.0780905187e-01
  -3.2066948712e-02
  -2.0464737713e-01
  -1.0427160189e-02
  1.5949447453e-01
  -1.7282201350e-01
  -6.1141622066e-01
  -2.2827756405e-01
  -2.3548631370e-01
  5.0350520760e-02
  1.6246397793e-01
  3.4355548024e-01
  3.2869863510e-01
  1.7293858528e-01
  -7.7039435506e-02
  -1.4077346027e-01
  -1.4721643925e-01
  -3.5742349923e-02
  1.4998406172e-02
  1.5858171880e-01
  1.3109192252e-01
  1.9785830379e-01
  -1.2106204033e-01
  1.6924068332e-01
  2.7887910604e-02
  8.0963559449e-02
  9.1312989593e-02
  1.7582894862e-01
  3.5773465037e-01
  -3.5668261349e-02
  1.9808714092e-01
  -1.0133440048e-01
  3.9418810047e-03
  2.1191184223e-01
  2.4982254207e-01
  6.8099178374e-02
  6.4777947962e-02
  7.8331977129e-02
  -2.0359758288e-02
  -2.6474732906e-02
  -1.7759701610e-01
  4.6894393861e-02
  -8.4531627595e-02
  4.8269055784e-02
  3.2394766808e-01
  2.2164370120e-01
  3.8870759308e-03
  -3.3134978265e-02
  6.7788533866e-02
  1.7398539186e-01
  -2.5668957829e-01
  2.4683414027e-02
  1.0858722776e-01
  7.6513610780e-02
  1.4637815952e-01
  2.7646633983e-01
  -4.2338147759e-01
  1.1025522649e-01
  1.0111615807e-01
  -2.6816492900e-02
  1.0221453756e-01
  -2.9434522148e-03
  3.6501858383e-02
  -1.0228571482e-03
  6.6339015961e-02
  3.8651771843e-02
  1.5480077267e-01
  -1.7835086584e-01
  7.6339796185e-02
  1.9940483570e-01
  2.0389313996e-01
  2.9119104147e-01
  -1.3381081820e-01
  -3.5304656625e-01
  2.7158117294e-01
  7.8633196652e-02
  -2.2925727069e-01
  1.7243099213e-01
  -3.0805248022e-01
  2.0963586867e-01
  -1.6852162778e-01
  -5.4327502847e-02
  -4.1779547930e-02
  3.1462740153e-02
  -1.1417388916e-01
  1.7203609645e-01
  2.3175017536e-01
  -2.3523299396e-01
  -2.1027098596e-01
  -6.5028183162e-02
  9.0208508074e-02
  1.4920327067e-01
  3.6769712460e-04
  -2.0468536019e-01
  -1.3537491858e-01
  1.0236370564e-01
  -5.3710311651e-01
  1.8107609451e-01
  -6.6382884979e-02
  -1.2640129775e-02
  2.9848554730e-01
  2.8234297037e-01
  -4.3047693372e-01
  -1.7928920686e-01
  -1.4731912315e-01
  -2.4547730386e-01
  4.0936242789e-02
  1.4157114923e-01
  -7.6673552394e-02
  -1.2184661627e-01
  3.6190649867e-01
  -2.9004895687e-01
  -3.2855769992e-01
  3.2113146782e-01
  3.8080471754e-01
  6.1638001353e-02
  1.7185641825e-01
  2.5293456391e-02
  -1.3427597284e-01
  6.4268589020e-01
  -8.9344494045e-03
  -2.4113844335e-01
  -9.2385314405e-02
  6.8205259740e-02
  -1.1411860585e-01
  3.1707522273e-01
  5.1198139787e-02
  -9.8902828991e-02
  -3.1824994367e-03
  -7.4953667354e-04
  2.1312215924e-01
  -9.5992423594e-02
  -5.7430593297e-03
  -1.3546837866e-01
  5.6246176362e-02
  -1.0116865486e-01
  1.1314123869e-01
  -1.3955318928e-01
  -5.5166885257e-02
  5.2907094359e-02
  -1.6023799777e-02
  -4.9452543259e-02
  -7.8628554940e-02
  -1.5446360409e-01
  3.6294742022e-03
  -1.8968899548e-01
  -2.2041829303e-02
  -6.1283327639e-02
  -3.5376220942e-02
  1.7589850724e-01
  -9.7623907030e-02
  -2.3751163855e-02
  -1.8637333810e-01
  -5.6311953813e-03
  1.8872281909e-01
  -8.7925255299e-02
  -1.5110582113e-01
  -8.1246616319e-03
  -1.2423294038e-01
  -1.7608897388e-01
  -1.2377852947e-01
  -8.6862109601e-02
  -1.6198873520e-01
  5.7783272117e-02
  1.5308998525e-01
  5.7273946702e-02
  -3.4898351878e-02
  9.0969853103e-02
  6.5237157047e-02
  3.3267536201e-03
  1.5055979788e-01
  -2.5175394490e-02
  1.6339331865e-02
  -6.7998640239e-02
  -7.4122389778e-03
  -3.4680199623e-01
  5.5286508799e-01
  3.9554750919e-01
  4.0925435722e-02
  -4.6246889979e-02
  3.6962571740e-01
  -6.6582761705e-02
  8.2622282207e-02
  2.5141611695e-01
  -1.8455316126e-01
  -4.7964489460e-01
  4.9996513873e-02
  1.1105056107e-01
  -1.1187502742e-01
  -2.9659199715e-01
  -3.6605650187e-01
  8.0601461232e-02
  -6.0863938183e-02
  1.8509592861e-02
  2.5239353999e-02
  -1.0436422378e-01
  -1.0090553761e-01
  -1.0391251743e-01
  1.1018530279e-01
  1.7474474013e-01
  1.4494539797e-01
  -1.6960129142e-01
  2.4165074527e-01
  1.1851785332e-01
  -3.7960064411e-01
  6.3942350447e-02
  -1.1549038440e-01
  5.3489591926e-02
  -1.3199865818e-01
  2.8816187382e-01
  -3.0125945807e-01
  4.3797157705e-02
  6.9260895252e-02
  1.4230673201e-02
  1.8772190437e-02
  3.7306927145e-02
  8.5149399936e-02
  2.1616963670e-02
  2.6739421487e-01
  4.5804258436e-02
  -3.0241740867e-02
  -1.6172438860e-02
  1.8356540799e-01
  -1.0519871861e-01
  2.8010135517e-02
  -4.4170450419e-02
  -3.0660194159e-01
  1.9635137916e-01
  -6.7280054092e-02
  4.1463948786e-02
  1.6592013836e-01
  1.6621232033e-01
  -1.4063234627e-01
  -9.4240896404e-02
  6.0422074795e-01
  7.6848872006e-02
  2.2175654769e-01
  8.9103955030e-01
  -1.0854190588e-01
  8.9331966639e-01
  4.6204995364e-02
  -1.4358189702e-01
  5.4210454226e-02
  -2.5724238157e-01
  -4.2663931847e-01
  -8.1714010239e-01
  4.6974709630e-01
  -3.2665878534e-02
  1.6515756026e-02
  -7.1335785091e-02
  -1.7501211166e-01
  -3.2469201833e-02
  -2.3345373571e-01
  1.4662325382e-01
  -2.6311105490e-01
  2.4440510571e-01
  -2.1288771927e-01
  -1.6916227341e-01
  8.5549995303e-02
  1.0603888333e-01
  -2.0508261025e-01
  -2.8710311651e-01
  -1.0271423310e-01
  1.8279244006e-01
  -5.0083452463e-01
  1.0216008127e-01
  -7.7571764588e-02
  -4.2036462575e-02
  -8.1964805722e-02
  -9.9654160440e-03
  -3.6524921656e-02
  1.0881427675e-01
  -2.8765109181e-01
  7.6070725918e-02
  1.6026963294e-01
  1.4815256000e-01
  8.5646420717e-02
  -1.9709555432e-02
  -1.8482442200e-01
  -6.0229521245e-02
  -3.0122155324e-02
  -2.0094802976e-01
  -1.2943992019e-01
  3.2339805365e-01
  -1.7119964957e-01
  1.2907814980e-01
  1.2578903139e-01
  -8.2170650363e-02
  -2.7161082625e-01
  3.0672499537e-01
  -1.4663456380e-01
  -2.9742980003e-01
  -3.4933331609e-01
  2.4596577883e-01
  -1.6013342142e-01
  -9.6457436681e-02
  1.3695095479e-01
  1.4151035249e-01
  2.3381419480e-01
  -3.0583748221e-01
  3.5168340802e-01
  1.2666095793e-01
  2.5066524744e-01
  -8.0291919410e-02
  -1.3996361196e-01
  2.9174289107e-01
  -1.7612177134e-01
  3.0953946710e-01
  2.3882053792e-01
  -1.7024359107e-01
  -1.7486120760e-01
  -3.9290025830e-02
  -4.5204707980e-01
  3.1510609388e-01
  4.7847118974e-01
  1.9488343596e-01
  2.9450986534e-02
  -3.7540427875e-03
  1.1158613116e-01
  1.5963263810e-02
  8.6903192103e-02
  -2.8405234218e-02
  -2.4912418798e-02
  2.0640520379e-02
  1.1817357689e-01
  3.7604294717e-02
  1.6174184158e-02
  5.5888392031e-02
  1.2964050472e-01
  2.2474601865e-01
  2.3222704232e-01
  -3.2898038626e-01
  -3.2518175244e-01
  1.2373449281e-02
  5.8789715171e-02
  5.0785565376e-01
  -1.9938712940e-02
  -1.7568127811e-01
  -5.8777280152e-02
  1.3565663993e-01
  9.7070433199e-02
  2.2321182489e-01
  -2.2071683407e-01
  -6.5224729478e-02
  -2.4133288860e-01
  -2.1417519450e-01
  -2.4140287936e-01
  9.9398069084e-02
  8.2301288843e-02
  -9.9971659482e-02
  -2.3124319315e-01
  -1.9283731282e-01
  1.8176656961e-01
  -2.4069917202e-01
  -1.8429260701e-02
  9.0863570571e-02
  1.5032500029e-01
  -1.9942110777e-01
  1.5355014801e-01
  -2.4568670988e-01
  -8.3148621023e-02
  -5.1709186286e-02
  -2.2648409009e-01
  1.4708089828e-01
  -1.2050817162e-01
  1.1824408174e-01
  -6.3618950546e-02
  -9.8967157304e-02
  -5.6042104959e-02
  -1.3679769635e-01
  1.0856576264e-01
  1.0986002535e-01
  2.8207894415e-02
  -6.7085176706e-02
  -3.4047566354e-02
  -1.4628411829e-01
  4.3816249818e-02
  3.4744057804e-02
  -4.6127859503e-02
  -2.9776772484e-02
  1.2467945926e-02
  -2.4312378466e-01
  -2.2997133434e-01
  1.3513681293e-01
  -4.9474220723e-02
  9.6021682024e-02
  8.7016500533e-02
  6.7659981549e-02
  9.7352847457e-02
  4.6711370349e-01
  -7.2477921844e-02
  -4.7075131536e-01
  3.3932647109e-01
  2.2359196842e-01
  2.3507042229e-01
  -6.7646212876e-02
  2.6249364018e-01
  -2.5657489896e-01
  1.1842772365e-01
  -4.6554535627e-02
  -1.0156964511e-01
  7.2289389372e-01
  -3.9806243032e-02
  1.2822090089e-01
  -1.2445772439e-01
  -1.3341933489e-01
  -1.2401971966e-01
  -1.0288502276e-01
  3.3665910363e-01
  1.6188932955e-01
  2.9698953032e-01
  -1.3704241812e-01
  -2.7624112368e-01
  -1.6846759617e-01
  7.3927089572e-02
  -2.6948306710e-02
  -4.4453352690e-01
  1.4055861533e-01
  -3.3770883083e-01
  9.6303898096e-01
  -2.2487775981e-01
  1.5358783305e-01
  6.8596452475e-02
  -6.5435618162e-02
  1.2175536901e-01
  -8.6401909590e-02
  -1.5086974204e-01
  1.5075303614e-01
  2.6255166531e-01
  -2.6981245726e-02
  2.3999447003e-03
  1.0492254794e-01
  5.6923966855e-02
  6.3793875277e-02
  -2.0962357521e-01
  -7.9550035298e-02
  -3.0001096427e-02
  2.2093172371e-01
  1.6007872298e-02
  -1.9634346664e-01
  1.3618889451e-01
  -4.0139917284e-02
  -1.2138993479e-02
  4.7693848610e-02
  1.5547846258e-01
  3.6997467279e-01
  -2.6181435585e-01
  -1.7379321158e-01
  1.7432592809e-01
  -1.0926981270e-01
  -1.8708337843e-01
  1.9472835958e-01
  8.5476726294e-02
  -4.8748180270e-02
  2.2787193954e-01
  2.6320916414e-01
  2.2111056745e-01
  1.6187663376e-01
  -2.9888233170e-02
  2.1867801249e-01
  3.1249359250e-01
  9.5563851297e-02
  1.1818508804e-01
  -2.5312927365e-01
  1.2857177854e-01
  1.6074810922e-01
  4.7564025968e-02
  5.6234598160e-02
  -3.7340587005e-03
  9.9977068603e-02
  -7.0276416838e-02
  1.3475123048e-01
  -1.4405487478e-01
  6.8155921996e-02
  -5.9943325818e-02
  8.7104529142e-02
  -8.1572517753e-02
  9.8971031606e-02
  -1.3965490460e-01
  1.7539903522e-02
  2.8413310647e-01
  1.1229193956e-01
  -1.6827368736e-01
  5.4573282599e-02
  -1.8272472918e-01
  1.8116755784e-01
  -1.7562601715e-02
  8.5843801498e-02
  -8.1034816802e-02
  1.2059849501e-01
  1.9040631130e-02
  1.0768748075e-01
  1.9142988324e-01
  1.5408533812e-01
  4.3939959258e-02
  4.8904769123e-02
  -5.1502443850e-02
  -4.0203839540e-02
  -1.0931312293e-01
  -1.9069804111e-03
  -1.0105931759e-01
  1.4353007078e-01
  4.4049003720e-01
  4.1264531016e-01
  -2.1102599800e-01
  -3.5164654255e-01
  3.3298784494e-01
  -9.6844255924e-02
  -4.1238859296e-01
  6.7776823044e-01
  -6.4556561410e-02
  2.0433244109e-01
  -2.3420335352e-01
  6.6850483418e-02
  8.3077633753e-03
  -2.3449452221e-01
  8.9172922075e-02
  -2.1553708613e-01
  3.5833510756e-01
  -1.6310165823e-01
  -1.2081887573e-01
  -9.5554567873e-02
  8.0148451030e-02
  2.0402862132e-01
  -6.2514051795e-02
  7.2907027788e-03
  -3.9093530178e-01
  6.3957577944e-01
  -2.7973765135e-01
  -8.0776721239e-02
  -3.6514112353e-01
  -6.9156818092e-02
  -7.9459644854e-02
  -1.8917122483e-01
  -8.1368476152e-02
  -2.0011073351e-01
  2.5258398056e-01
  -2.7274256945e-01
  1.1188948900e-01
  1.0902949609e-02
  -1.4160214365e-01
  -1.7051130533e-01
  -1.5317075886e-02
  5.4672464728e-02
  1.0097806901e-01
  -3.3579532057e-02
  3.0837818980e-01
  -3.1409855932e-02
  1.8619492650e-01
  7.2488538921e-02
  -8.6966358125e-02
  -1.6671861708e-01
  -8.4283322096e-02
  -2.5205269456e-02
  -2.8423833847e-01
  7.9307951033e-02
  2.1899478137e-01
  2.4823424220e-01
  -1.4745555818e-01
  -3.3510214090e-01
  3.3420580626e-01
  7.8236639500e-02
  -9.5357254148e-02
  3.5531574488e-01
  -1.3734157383e-01
  -9.8119489849e-02
  -2.1189518273e-01
  -1.5290077031e-01
  -6.1367224902e-02
  3.4270185232e-01
  -2.2593310475e-01
  -1.7241378082e-03
  1.1035071313e-01
  -5.7687785476e-02
  -1.2136800215e-02
  -8.8513987139e-03
  -5.2144769579e-02
  1.5196186304e-01
  -1.3455832005e-01
  -3.1483936310e-01
  -1.6314235330e-01
  6.6576898098e-02
  -2.0247921348e-01
  -7.2550559416e-03
  -2.8691610694e-01
  -1.7302629352e-01
  1.8139189109e-02
  -1.9259124994e-01
  -1.0732789338e-01
  -2.3403699696e-01
  2.4700082839e-02
  -1.4225713909e-01
  -9.2954635620e-02
  1.0779205710e-02
  -6.3230656087e-02
  8.1403434277e-02
  -1.0865805298e-01
  1.0646800697e-01
  2.4359476566e-01
  1.3328357600e-02
  2.5502026081e-01
  1.3874545693e-01
  5.8907851577e-02
  1.7952302098e-01
  6.0631625354e-02
  -1.9331063330e-01
  -2.0364705473e-02
  -1.9592034817e-01
  -5.2088344097e-01
  -3.3956202865e-01
  1.9836526364e-02
  -1.0252277553e-01
  -1.1267289519e-01
  1.5095613897e-01
  2.2225314379e-01
  8.4180718660e-01
  -1.6699863970e-01
  3.7126815319e-01
  1.3257803023e-01
  -2.6721546892e-03
  1.4900021255e-01
  9.8851516843e-02
  2.5916755199e-01
  9.7740001976e-02
  -4.1295370460e-01
  3.6499145627e-01
  1.1049576849e-01
  -5.9666078538e-02
  2.3028886318e-01
  2.8063580394e-01
  1.9847436249e-01
  -2.2976794839e-01
  -1.9950307906e-01
  -1.6823965311e-01
  2.4221605062e-01
  -2.8560128808e-01
  5.3328216076e-01
  1.9383510947e-01
  1.8064895272e-01
  1.0345599800e-01
  2.8264082968e-02
  -4.3203303218e-01
  1.2526164949e-01
  -3.4213203192e-01
  1.3980327547e-01
  1.0748581029e-02
  -2.3161832243e-02
  9.6789106727e-02
  -8.5434533656e-02
  -9.4227299094e-02
  -3.2797521353e-01
  7.2898730636e-02
  9.1274671257e-02
  1.3129886985e-01
  -3.4832674265e-01
  6.5967597067e-02
  4.6854668856e-01
  1.0252671689e-01
  -1.3069912791e-01
  1.5214489400e-01
  1.7767304182e-01
  1.7007334530e-01
  4.7976022959e-01
  1.7032687366e-01
  5.0134066492e-02
  1.7575299740e-01
  4.4455762953e-02
  -2.5317952037e-01
  4.0930133313e-02
  -2.7666112781e-01
  -3.6935757846e-02
  -7.5272612274e-02
  2.7095718309e-02
  3.8816940039e-02
  -3.5908332467e-01
  -1.0667932034e-01
  -4.3599012494e-01
  -1.7959746718e-01
  -3.2377328724e-02
  -8.6200959980e-02
  8.2689829171e-02
  3.0430020764e-02
  -8.6650149897e-03
  -1.8138159811e-01
  -1.4238093980e-02
  1.8100012839e-01
  -4.3524459004e-02
  4.9217037857e-02
  2.2524218261e-01
  1.0083292425e-01
  -2.5161835551e-01
  -9.5962725580e-02
  -1.3239561580e-02
  -1.3232177496e-01
  -2.3747536540e-01
  2.9336987063e-02
  -3.0933928490e-01
  -7.7554740012e-02
  7.1986488998e-02
  3.2942868769e-02
  -1.8129227683e-02
  -6.6687695682e-02
  -2.4675182998e-01
  6.9285847247e-02
  6.4958646894e-02
  -2.5734540820e-01
  1.4082828164e-01
  -1.8253360689e-01
  8.2840345800e-02
  -9.5498390496e-02
  1.9606932998e-02
  -1.8738047779e-01
  -7.7155038714e-02
  8.9824502356e-04
  1.1709969491e-01
  2.8010445833e-01
  2.1874542534e-01
  3.7929779291e-01
  1.0180445910e+00
  3.7198081613e-01
  -2.4363698959e+00
  -1.5972122550e-02
  2.6205351576e-02
  -1.3292675018e+00
  1.2562885880e-02
  1.9226297736e-01
  2.1673029661e-01
  5.4318126291e-02
  9.3488000333e-02
  -4.8544295132e-02
  -6.5196192265e-01
  -1.9424296916e-01
  2.8214317560e-01
  -5.1631861925e-01
  2.6522693038e-01
  -1.8170697615e-02
  1.4902552962e-01
  1.2709364295e-01
  -2.9377704859e-01
  1.2156094611e-01
  -1.9538126886e-01
  3.4512159228e-01
  -7.5364965200e-01
  4.3753850460e-01
  -7.5725421309e-02
  4.8627674580e-01
  5.7493474334e-02
  3.6740388721e-02
  2.8839474916e-01
  -2.6738226414e-01
  2.4960295856e-01
  8.0360947177e-03
  4.0820900351e-02
  1.2473338842e-01
  1.7172643542e-01
  -8.2477807999e-02
  1.1067564785e-01
  9.8737351596e-02
  -2.4514430761e-01
  -1.4065085910e-02
  1.2180441618e-01
  -1.8812777102e-01
  3.3508921042e-03
  -1.5486685559e-02
  -5.1614001393e-02
  -5.9248108417e-02
  -2.4287904799e-01
  3.7749566138e-02
  2.5682384148e-03
  -3.8901647925e-01
  6.1918787658e-02
  2.6895303279e-02
  3.1329679489e-01
  2.3003719747e-01
  -2.3887880147e-01
  -3.1754443049e-01
  2.8286373615e-01
  -4.4430731796e-03
  -2.7262422442e-01
  -1.7809766531e-01
  -5.1942798309e-03
  1.0713622719e-01
  -2.4890325963e-01
  1.3618966937e-01
  -8.0047853291e-02
  -1.5256720781e-01
  -2.3146368563e-02
  1.6615605354e-01
  1.3129839301e-01
  -3.0478884000e-03
  -8.0373816192e-02
  3.4586925060e-02
  -2.4087216705e-02
  1.9416024908e-02
  -9.0106688440e-02
  -1.5813362598e-01
  -3.1757703424e-01
  3.8496601582e-01
  -4.1671311855e-01
  9.1381587088e-02
  -1.7509450018e-01
  -2.7584090829e-01
  -6.6316500306e-02
  -1.7425584793e-01
  -1.7370356619e-01
  6.8523280323e-02
  1.7961014807e-01
  -2.3411016166e-01
  -6.9473408163e-02
  -7.7930934727e-02
  4.1155889630e-02
  -3.6821637303e-02
  -3.7057451904e-02
  -1.5626557171e-01
  -5.1929443143e-03
  6.4322799444e-02
  3.3828204870e-01
  -2.1313297749e-01
  9.8711028695e-02
  1.1684413254e-01
  2.0485799015e-01
  1.0444814712e-01
  5.0448006950e-03
  -3.6116164923e-01
  1.8517285585e-01
  3.2826754451e-01
  4.0565651655e-01
  4.2327573895e-01
  -3.7682047486e-01
  -3.1907427311e-01
  6.5725189447e-01
  1.3034266233e-01
  -6.5191990137e-01
  5.8132678270e-01
  -3.0690672994e-01
  6.5157808363e-02
  -3.7225019932e-01
  -1.8282981217e-01
  2.6432174444e-01
  -5.5984258652e-02
  8.1045061350e-02
  1.1821138859e-01
  2.3390260339e-01
  -3.1874796748e-01
  -1.3516038656e-01
  -2.5736656040e-02
  -5.3047753870e-02
  2.2386936843e-01
  3.2713198662e-01
  -3.1514927745e-01
  -9.5803990960e-02
  4.3471786380e-01
  -6.6568875313e-01
  4.8940517008e-02
  -2.7968105674e-01
  -1.9649576396e-02
  3.0380460620e-01
  1.8701824546e-01
  -2.3313084245e-01
  6.0043063015e-02
  1.8838268518e-01
  -4.6694833040e-01
  4.0745925158e-02
  1.9882791676e-03
  -1.2761341035e-01
  4.7974269837e-02
  2.5205546618e-01
  2.8108218685e-02
  -5.3290718794e-01
  2.5862357020e-01
  5.8634495735e-01
  1.4184586704e-01
  2.8124085069e-01
  2.0903879404e-01
  -1.6766075790e-01
  7.0289134979e-01
  -1.7121270299e-01
  9.2477619648e-02
  1.0246051848e-01
  4.6693112701e-02
  2.1591387689e-01
  -8.2376837730e-02
  -1.7121228576e-01
  -3.9987646043e-02
  1.4256528020e-01
  -3.2897228003e-01
  6.8115800619e-02
  3.8143602014e-01
  -2.8069135547e-01
  3.8851473480e-02
  -7.5835414231e-02
  -1.1994866282e-01
  -4.0859337896e-02
  -3.5774320364e-01
  2.7237525582e-01
  -7.0175938308e-02
  4.0330728889e-01
  -3.1008884311e-02
  -7.1660518646e-02
  1.2940560468e-02
  4.6908546239e-02
  -1.8828366697e-01
  -2.7991044521e-01
  -1.5618006699e-02
  1.1100974679e-01
  4.9286296964e-01
  -2.3295377195e-01
  1.8499791622e-01
  -1.8897770345e-01
  -7.1906156838e-02
  -6.2303770334e-02
  1.6047582030e-01
  -8.5409522057e-02
  6.7807443440e-02
  8.9157178998e-02
  1.9761146978e-02
  -1.4527825639e-02
  -7.0167290978e-03
  -9.4439804554e-02
  3.4628842026e-02
  -4.0563967079e-02
  -5.9790305793e-02
  -1.1248560250e-01
  1.5019756556e-01
  1.7576995492e-01
  -5.4525951855e-03
  1.1111325771e-01
  1.8671482801e-02
  8.0496072769e-02
  -8.1118993461e-02
  1.5923681855e-01
  5.4733717442e-01
  -4.9508716911e-02
  -9.4295337796e-02
  -3.9275732636e-01
  -1.5623648465e-01
  4.4462648034e-01
  3.0450522900e-01
  -1.4391261339e-01
  3.2299059629e-01
  4.7686621547e-01
  -5.1425778866e-01
  2.1694676578e-01
  -1.0478298366e-01
  9.3596465886e-03
  3.9306484163e-02
  -2.6813222095e-02
  -1.3357789814e-01
  -2.5113528967e-01
  -1.3410420716e-01
  -3.9444530010e-01
  7.0072084665e-02
  2.0799588412e-02
  -1.8980869651e-01
  1.2998571992e-01
  -1.1202133028e-03
  1.2877044082e-01
  -1.4466901124e-01
  8.2360744476e-01
  -5.7112824917e-01
  5.8485174179e-01
  1.4637289941e-01
  1.3813750818e-02
  -8.0671362579e-02
  -1.3342672586e-01
  1.7558974028e-01
  -5.9953216463e-02
  1.5306720510e-02
  -2.4088592827e-01
  5.1495622844e-02
  1.0961744934e-01
  1.3998278975e-01
  1.6563454270e-01
  -1.7661730945e-01
  -1.0354103148e-01
  9.7109235823e-02
  2.2418901324e-01
  -9.7128920257e-02
  -4.6201613545e-01
  1.6789323092e-01
  -4.6627484262e-02
  -3.2197928429e-01
  -1.2206211686e-02
  -7.3704141378e-01
  1.4719295502e-01
  -2.5024396181e-01
  1.5756444633e-01
  3.6330258846e-01
  -1.4644897543e-02
  6.0262315674e-04
  2.8163472190e-02
  -4.8434663564e-02
  9.6107134596e-03
  -5.3537940979e-01
  -7.2746612132e-03
  -3.8087877631e-01
  -5.5869918317e-02
  -7.0838972926e-02
  8.8520936668e-02
  -2.2809468210e-01
  -1.8288850784e-01
  -6.5736007690e-01
  7.5462795794e-02
  1.5501324832e-01
  3.0859208107e-01
  2.7880954742e-01
  -2.7942100167e-01
  -2.8133323789e-01
  5.6209575385e-02
  1.2976925075e-01
  -1.0807100683e-01
  -5.2959617227e-02
  2.5021773577e-01
  -1.2208462693e-02
  4.0174093843e-01
  1.2747968733e-01
  -6.1288785934e-01
  -4.8864719272e-01
  -8.1366844475e-02
  -1.6500594094e-02
  2.3857006431e-01
  -1.3461455703e-01
  3.5636398941e-02
  -2.1585243940e-01
  -9.7284309566e-02
  -2.5034478307e-01
  -1.4117029309e-01
  -8.3240352571e-02
  3.5906400532e-02
  6.1801228672e-02
  1.1182361841e-01
  -1.9211333711e-03
  2.5024437904e-01
  8.9391924441e-02
  1.5418863297e-01
  -1.7935787141e-01
  -9.3445554376e-02
  7.5502745807e-02
  2.4176562205e-02
  -7.5834333897e-01
  7.0627623796e-01
  -1.2825381756e-01
  -3.4436509013e-01
  -2.2515547276e-01
  1.4825172424e+00
  -1.8366167322e-02
  8.6277373135e-02
  7.0463675261e-01
  -2.0236071944e-01
  -2.9049125314e-01
  3.6384969950e-02
  3.2069486380e-01
  1.5407088399e-01
  4.2467411608e-02
  2.0679168403e-01
  4.4100016356e-01
  6.9769591093e-02
  4.6332228929e-02
  -5.5910848081e-02
  3.5993519705e-03
  1.8065346777e-01
  2.7152282000e-01
  -5.4521456361e-02
  -8.3346199244e-03
  3.8726729155e-01
  -1.0907942802e-01
  3.7441167235e-01
  1.1346428096e-01
  -9.5445446670e-02
  -2.6109481230e-02
  1.2011929415e-02
  1.4712671936e-01
  1.2622655369e-02
  1.7733715475e-01
  3.7617334723e-01
  -1.1058811098e-01
  1.2658423185e-01
  4.0293149650e-02
  -7.6746717095e-02
  9.3168660998e-02
  -7.3657177389e-02
  1.4212670922e-01
  2.6986113191e-01
  2.2965283692e-01
  3.0670294166e-01
  1.7372965813e-02
  2.9977115989e-01
  -1.5673683584e-01
  1.6503502429e-01
  7.6937571168e-02
  -2.7141249180e-01
  2.7245768905e-01
  4.3056651950e-02
  -2.5274434686e-01
  -3.2400467992e-01
  9.1478757560e-02
  2.1644386649e-01
  2.6887685061e-01
  -3.9700809121e-01
  -3.6979129910e-01
  1.4866390824e-01
  -1.1529362760e-02
  -2.3986059427e-01
  -1.1817739345e-02
  -1.8545077741e-01
  -7.8832358122e-02
  -1.6662331298e-02
  -1.4001199603e-01
  -2.9241254926e-01
  3.7555232644e-02
  2.9543969035e-01
  8.8471755385e-02
  5.7109333575e-02
  -6.5261930227e-02
  -2.2918100655e-01
  -1.6323685646e-01
  -7.1155913174e-02
  -5.7795001194e-03
  -3.1137263775e-01
  -1.7386730015e-01
  -6.6709524393e-01
  2.5874730945e-01
  -2.0483985543e-01
  7.9166971147e-02
  -1.4257137477e-01
  -8.1030167639e-02
  1.5947282314e-01
  -6.0887347907e-02
  -5.7408802211e-02
  -1.6292403638e-01
  -8.9055493474e-02
  1.4185637236e-02
  2.5447744131e-01
  -5.5847233161e-03
  -6.1950210482e-02
  1.3995142281e-01
  -1.3801357150e-01
  -2.6180741191e-01
  -1.3561186194e-01
  1.5061447024e-01
  -9.0157920495e-03
  6.2795504928e-02
  -4.7972928733e-02
  -1.1987156235e-02
  3.9971873164e-02
  8.8142137975e-03
  5.2160207182e-02
  -1.0471646488e-01
  4.1642490774e-02
  -1.9464345276e-01
  -2.8293901682e-01
  -1.1296296865e-01
  1.4611844718e-01
  3.7355068326e-01
  -3.2980328798e-01
  4.3093577027e-02
  2.9883340001e-01
  -1.8474633992e-01
  2.6351347566e-01
  -3.0629923940e-01
  2.2711876035e-01
  9.1849997640e-02
  4.0752422810e-01
  1.0766877234e-01
  -1.4481000602e-01
  1.8015319481e-02
  -1.4096930623e-01
  6.4415328205e-02
  1.5058706701e-01
  1.9578829408e-01
  5.5402319878e-02
  -1.0552558303e-01
  -9.4340508804e-03
  5.3334716707e-02
  4.6580734849e-01
  -1.8600490689e-01
  4.7432765365e-01
  -2.4890004098e-01
  -2.6514930651e-02
  3.3393079042e-01
  -4.1068369150e-01
  -4.9399536848e-01
  1.8904128671e-01
  1.3503967226e-01
  1.8126475811e-01
  7.2196312249e-02
  -2.7014371753e-01
  2.1787211299e-01
  -1.3390167058e-01
  1.4080032706e-01
  2.7294885367e-02
  3.7306852639e-02
  2.1266639233e-01
  -2.9472288489e-01
  -5.6592994928e-01
  3.8817971945e-02
  1.0755893588e-01
  1.9809959829e-01
  8.6816698313e-02
  -3.5460501909e-01
  -1.7115741968e-02
  -6.1562459916e-02
  -1.7276130617e-02
  -1.7493116856e-01
  1.3533993065e-01
  1.6829783097e-02
  8.9440066367e-03
  1.7295457423e-01
  1.4838257432e-01
  2.5885164738e-01
  -1.1971399933e-01
  5.9670977294e-02
  1.3447153568e-01
  1.1825118214e-01
  2.3012229800e-01
  1.2587580085e-01
  2.7468570042e-03
  -6.7940570414e-02
  -2.6641003788e-02
  1.6828821972e-02
  1.2900858186e-02
  2.1865436435e-01
  2.3716141284e-01
  2.9045784846e-02
  -1.8628908694e-01
  -1.5165455639e-01
  3.1881444156e-02
  1.1725670844e-01
  4.5039141178e-01
  -1.6334037483e-01
  9.7916074097e-02
  3.1971994042e-01
  -5.9584639966e-02
  2.7475017309e-01
  -3.1387183070e-01
  -3.8120374084e-01
  4.3463137001e-02
  -2.0227185450e-04
  -1.1677099764e-01
  7.3586791754e-02
  -3.0266775284e-03
  9.8176665604e-02
  2.5359403808e-03
  5.9443749487e-02
  -1.2440311909e-01
  1.8610268831e-02
  7.3278777301e-02
  -1.6439235210e-01
  -9.6400663257e-02
  -2.0262816548e-01
  -2.2720502689e-02
  -6.2606565654e-02
  -2.8835338354e-01
  -1.2276814133e-01
  8.1012748182e-02
  -1.2047210336e-01
  9.7679821774e-03
  1.5294623375e-01
  1.7758423090e-01
  7.1307852864e-02
  2.3746314645e-01
  -1.6459181206e-03
  -8.9455723763e-02
  -4.6681236476e-02
  -1.0371491313e-01
  -4.2460536957e-01
  4.8283435404e-02
  -2.6569008827e-01
  -2.1757969260e-01
  -6.1128892004e-02
  -7.5650855899e-02
  -8.6919352412e-02
  -5.7285218500e-03
  -3.2961133868e-02
  5.5684372783e-02
  -9.1227814555e-02
  -1.2072278559e-01
  -2.1259488165e-01
  -2.0398771390e-02
  1.3905146718e-01
  2.4488183856e-01
  -1.2611550093e-01
  1.1425928771e-01
  9.5750279725e-03
  5.7664465159e-02
  -1.7753221095e-02
  -3.9014697075e-02
  8.0774217844e-02
  1.5108582377e-01
  -5.3404860198e-02
  2.1670936048e-01
  3.9693452418e-03
  1.0793624818e-01
  5.3974445909e-03
  -9.3845054507e-02
  -1.8664444983e-01
  -2.9986608028e-01
  -1.3500285149e-01
  5.4131168872e-02
  -2.0202554762e-02
  3.4712992609e-02
  -1.5077620745e-01
  -1.6683152318e-01
  6.3414216042e-02
  1.3195665181e-01
  4.9680802040e-03
  1.6785444692e-02
  2.6880702004e-02
  -5.0152402371e-02
  5.4055261612e-01
  -7.2017060593e-03
  -9.9957875907e-02
  4.3065863848e-01
  -4.5824956894e-01
  3.7059462070e-01
  -1.5363550186e-01
  2.1051889658e-01
  -8.9685149491e-02
  -4.1962411255e-02
  -3.2905587554e-01
  2.5890648365e-01
  -3.2629179955e-01
  3.2954031229e-01
  -7.3058521375e-03
  -3.1362983584e-01
  -2.8067177162e-02
  -5.0395148993e-01
  -2.2609747946e-02
  -2.1293923259e-01
  -1.0636769235e-01
  -2.8566420078e-01
  -1.2647520006e-01
  -1.1944221705e-01
  -3.3375895023e-01
  2.2378298640e-01
  -4.4158104062e-01
  -2.3735311627e-01
  1.1018680036e-01
  -1.2009121478e-01
  1.3545128703e-01
  -4.8696228862e-01
  1.7580661923e-02
  -6.7136898637e-02
  -1.5945810080e-01
  -3.0834043026e-01
  -3.2429045439e-01
  2.0217791200e-01
  -2.1156705916e-01
  -5.1524870098e-02
  -3.1330275536e-01
  -3.3290293813e-01
  -2.7155715972e-02
  1.2298800796e-01
  5.1194006205e-01
  -2.6513056830e-02
  -7.8778214753e-02
  3.6912202835e-01
  7.5352013111e-02
  1.7458748817e-01
  2.6125237346e-01
  -3.2904762030e-01
  -1.7027416825e-01
  2.5125771761e-01
  2.8651681542e-01
  9.4785138965e-02
  3.2954257727e-01
  3.5084295273e-01
  -7.8826272488e-01
  3.9857161045e-01
  -2.7529364824e-01
  3.4766718745e-01
  3.5543581843e-01
  1.9746287167e-01
  2.6424324512e-01
  3.3122551441e-01
  2.1851517260e-01
  -2.6992461085e-01
  2.5454497337e-01
  -1.0032996535e-01
  -3.7160101533e-01
  -3.2256451249e-01
  -1.4258483052e-01
  -2.4493968487e-01
  -2.7388992906e-01
  1.6737373173e-01
  1.9916091859e-01
  -2.8598883748e-01
  -5.2358692884e-01
  -5.6694173813e-01
  -6.6435331106e-01
  4.2638108134e-01
  -4.3889981508e-01
  -2.1739116311e-01
  4.1009432077e-01
  -2.3567296565e-01
  -2.6389026642e-01
  2.4130399525e-01
  -2.8373676538e-01
  -4.3247544765e-01
  -2.3910719156e-01
  -1.6951058805e-01
  -4.5334082842e-01
  1.6116386652e-01
  -5.3753149509e-01
  2.8581714630e-01
  -3.4486028552e-01
  1.8634445965e-01
  2.1725408733e-01
  -3.8675716519e-01
  3.0263382196e-01
  2.0992287993e-01
  -1.3573739529e+00
  1.8544809520e-01
  -5.4866355658e-01
  -3.3723819256e-01
  1.1397955418e+00
  1.2241638452e-01
  1.5363964438e-01
  -1.6947384179e-01
  -6.2556348741e-02
  9.9108648300e-01
  -1.0234593153e+00
  -4.8791918159e-01
  4.6594271064e-01
  -8.2576004788e-03
  1.0345506482e-02
  -1.9969168305e-01
  -3.1794777513e-01
  -1.2253470719e-01
  4.9219843745e-01
  -1.2646151781e+00
  2.5558331981e-02
  -3.7138798833e-01
  3.0943298340e-01
  -2.8734442592e-01
  -7.4715487659e-02
  -3.2926800847e-01
  3.3012315631e-01
  4.8242124915e-01
  -1.6268022358e-01
  2.9683927074e-02
  1.8201017380e-01
  1.6674822569e-01
  5.8523993939e-02
  -4.7228699923e-01
  5.9317205101e-02
  -2.3410050571e-01
  1.5620093048e-01
  2.8064444661e-01
  2.1413038671e-01
  -2.3942491040e-02
  1.3256549835e-01
  -5.8976091444e-02
  4.4878814369e-02
  8.2872249186e-02
  2.0664225519e-01
  1.6632355750e-01
  1.0679833591e-01
  5.5356565863e-03
  -1.5659175813e-01
  2.0645466447e-01
  -8.0936804414e-02
  3.3016702533e-01
  -5.1429343224e-01
  1.4581035376e+00
  -1.8906332254e+00
  3.2169416547e-01
  -7.7480506897e-01
  6.6433089972e-01
  1.1143584251e+00
  -2.0872515440e-01
  8.0676740408e-01
  5.6250479072e-02
  3.4485527873e-01
  5.0108224154e-01
  4.8892813921e-01
  7.3103117943e-01
  5.3852492571e-01
  2.8412735090e-02
  -5.8532023430e-01
  -5.4069095850e-01
  -1.6670137644e-01
  1.2205720693e-01
  -4.5593866706e-01
  -4.6992886066e-01
  1.2615913153e+00
  -1.1047831774e+00
  -6.2057849020e-02
  -2.2884003818e-01
  7.7951323986e-01
  -7.0924943686e-01
  4.4523227215e-01
  1.8029607832e-01
  4.1257664561e-02
  -5.4293942451e-01
  -1.9663755596e-01
  -5.5057740211e-01
  -1.7338351905e-01
  6.8128204346e-01
  -3.1866878271e-01
  -3.0853641033e-01
  -2.2711036727e-02
  5.0511062145e-01
  -7.6058882475e-01
  -9.5591045916e-02
  -4.1819638014e-01
  9.4587773085e-02
  3.0655017495e-01
  7.0823013783e-01
  -2.3557128012e-01
  4.8970389366e-01
  -9.1843232512e-02
  1.3393646479e-01
  -9.6630072594e-01
  2.2629556060e-01
  1.1844062805e+00
  2.8948158026e-01
  -2.7632680535e-01
  2.7055841684e-01
  2.8438434005e-01
  8.0266170204e-02
  2.9121106863e-01
  -1.3560129702e-01
  -1.6655699909e-01
  1.2784117460e-01
  2.5368028879e-01
  -1.2074382044e-02
  8.2202509046e-02
  2.3117297888e-01
  3.3518113196e-02
  9.0457104146e-02
  -2.3963235319e-01
  1.0133025050e-01
  -2.4511350691e-01
  8.3149887621e-02
  2.9470533133e-01
  5.9404142201e-02
  1.9461691380e-02
  1.6659921408e-01
  5.2339667082e-01
  7.2064197063e-01
  -4.3443519622e-02
  1.2527066469e-01
  1.8706718087e-01
  -4.1680444032e-02
  3.8587901741e-02
  -1.1584492028e-01
  -1.0899489745e-02
  1.8431417644e-01
  1.7432354391e-02
  2.5224664807e-01
  6.2218658626e-02
  -1.4936338365e-01
  -5.2637979388e-02
  -2.6952553540e-02
  7.2463364340e-03
  -1.1268478632e-01
  2.1779629588e-01
  -8.5625700653e-02
  1.2267361581e-01
  2.4357937276e-02
  -1.7784705758e-01
  1.2578608468e-02
  -3.4452900290e-01
  9.2408493161e-02
  2.6093404740e-02
  -4.4695121050e-01
  7.5179128908e-03
  1.4768952131e-01
  -1.9513419271e-01
  -3.0227017403e-01
  8.9918021113e-03
  -3.3995907754e-02
  -3.4680891037e-01
  -3.2737174630e-01
  1.1443124712e-01
  -1.0489724576e-01
  -2.5468632579e-02
  -1.4143753052e-01
  -6.3593894243e-02
  -1.4693588018e-01
  -1.1028201133e-01
  1.1358137429e-01
  -6.5183335543e-01
  1.3497246802e-01
  -3.6243161559e-01
  -1.4183595777e-01
  -2.3111376166e-01
  4.1144867428e-03
  -8.4999665618e-02
  -1.0737588257e-01
  -8.9075148106e-02
  -1.6633230448e-01
  -2.6149250567e-02
  -2.6674830914e-01
  -5.8213710785e-02
  -1.6612897813e-01
  -3.8891643286e-02
  -3.9020793047e-03
  -3.1244689226e-01
  -3.1718930602e-01
  -1.1870283633e-01
  -5.2585839294e-03
  -1.7383033410e-02
  -2.9859051108e-01
  -3.4795805812e-01
  -1.3550913334e-01
  8.2712490112e-03
  1.6251063347e-01
  -1.8861484528e-01
  -3.0608749390e-01
  1.3111247122e-01
  -2.7151674032e-01
  -2.2422730923e-01
  -2.8534922004e-01
  -7.9490698874e-02
  -9.0881347656e-02
  2.8917444870e-02
  1.2806372344e-01
  5.6932367384e-02
  -1.5872390941e-02
  -8.8056609035e-02
  -2.1534897387e-01
  1.0408423841e-01
  -2.0084698498e-01
  -1.1577887088e-01
  2.0131704211e-01
  2.5748276711e-01
  2.0916509628e-01
  2.5687459111e-01
  2.3224517703e-02
  2.8469556943e-02
  2.6745045558e-02
  -5.6300055236e-02
  1.0825758800e-02
  2.0507720113e-01
  -1.0453892872e-02
  5.1157563925e-01
  5.9222772717e-02
  3.5573369265e-01
  -5.0914913416e-02
  -7.3028624058e-02
  5.8339876123e-03
  2.2541081905e-01
  7.1858036518e-01
  3.6476859450e-01
  3.7013702095e-02
  6.5035092831e-01
  8.2384449244e-01
  -1.1674193665e-02
  2.6547843218e-01
  2.3970905691e-02
  -1.6229943931e-01
  3.0025073886e-01
  -1.0750942677e-01
  1.1571783572e-01
  2.8785476089e-01
  -1.3100574911e-01
  -1.6154816747e-01
  9.0856969357e-02
  1.1847294867e-01
  4.0074449033e-02
  -5.9383470565e-02
  2.5418874621e-01
  -3.3939045668e-01
  2.3401124775e-01
  2.8546543792e-02
  -6.7261010408e-02
  7.2457365692e-02
  -1.0971125960e-01
  6.7717641592e-02
  -5.1440495253e-01
  -1.8579027057e-01
  2.1478618681e-01
  -4.3844327331e-01
  -2.5545719266e-01
  -3.6144834012e-02
  -2.0393016934e-01
  -8.0387681723e-02
  2.3676335812e-02
  6.1168655753e-02
  6.6048167646e-02
  1.6249839962e-01
  -3.2534189522e-02
  2.7167654037e-01
  2.0058560371e-01
  4.7582332045e-02
  -5.6770745665e-02
  1.0571390390e-01
  2.0463120937e-01
  1.1947865784e-01
  3.4617981315e-01
  2.1059148014e-01
  9.8021715879e-02
  -2.4279193580e-01
  2.8166452050e-01
  2.1902224422e-01
  6.6409297287e-02
  1.5642619133e-01
  -1.4293849468e-01
  -1.7006739974e-01
  -1.9296303391e-02
  -1.4280761778e-01
  -2.0172929391e-02
  -4.1932597756e-02
  -1.1991467327e-01
  9.7463883460e-02
  -1.0733596049e-02
  2.4152275920e-01
  -1.4630816877e-01
  1.4431376755e-01
  -5.3102720529e-02
  -6.4431354403e-02
  -3.5829398781e-02
  3.5422232002e-02
  -7.1598254144e-02
  8.6668565869e-02
  1.0853338242e-01
  -1.3947867556e-03
  -5.0394751132e-02
  -6.2742322683e-02
  3.9920125157e-02
  9.1298244894e-02
  -7.7051739208e-03
  -1.1470535398e-01
  1.9960720092e-02
  9.3424813822e-03
  3.6905390024e-01
  1.1215980351e-01
  -6.2482374907e-01
  -1.8259562552e-02
  -8.4199785488e-04
  -5.1492899656e-02
  -4.2859432101e-01
  9.5319652557e-01
  -1.3634502888e+00
  -4.2185115814e-01
  1.6600553691e-01
  -7.6023292542e-01
  1.9651120901e-01
  -1.3044279814e-01
  -1.5544958413e-01
  1.4424353838e-01
  1.0170655251e+00
  -9.4010841846e-01
  -1.5424360335e-01
  1.2281041592e-01
  -3.8803424686e-02
  2.0648480952e-01
  -2.3390743136e-01
  1.7492298782e-01
  -1.1882360280e-01
  -2.9799327254e-02
  -9.2802666128e-02
  -2.7258905768e-01
  -1.5104773641e-01
  -1.6711647511e+00
  1.3517770171e-01
  -1.7757427692e-01
  -8.0230635405e-01
  9.3958735466e-02
  -4.4494688511e-02
  -1.4219559729e-01
  3.4939322621e-02
  -5.4312145710e-01
  -3.6235657334e-01
  1.3217166066e-01
  -1.7757034302e-01
  -1.6726316512e-01
  -4.3203309178e-02
  -6.4638711512e-02
  -2.7519273572e-03
  -9.4731047750e-02
  3.3125728369e-01
  1.1930853873e-01
  3.1078559160e-01
  -8.5145153105e-02
  -8.0338763073e-03
  -7.3510907590e-02
  1.7633581161e-01
  -2.0232650638e-01
  -1.5981459990e-02
  -6.4873027802e-01
  9.3446433544e-01
  5.1936548948e-01
  2.6928386092e-01
  -2.3193675280e-01
  9.9674046040e-02
  1.0212218761e-01
  -6.7521184683e-02
  4.5105361938e-01
  -1.5118530393e-01
  1.6821564734e-01
  4.5433530211e-01
  4.7553071380e-01
  1.7833492160e-01
  -5.5635027587e-02
  -3.3279484510e-01
  -6.0219573975e-01
  -2.1712824702e-02
  2.2288341820e-01
  4.5613530278e-01
  -1.6924585402e-01
  -3.7939271331e-01
  -1.5016178787e-01
  -1.6944046319e-01
  -1.0260882974e-01
  -3.5175807774e-02
  1.3306199014e-01
  -1.1030406505e-01
  3.5289359093e-01
  -1.2623651884e-02
  7.2480037808e-02
  4.0748696774e-02
  -9.2963673174e-02
  3.6451574415e-02
  9.2325799167e-02
  3.4163329750e-02
  7.3518499732e-02
  -2.0984373987e-01
  -5.5301718414e-02
  -4.8005545139e-01
  -2.7496874332e-02
  2.0532147586e-01
  1.2877717614e-01
  -2.7515232563e-01
  -1.4591315389e-01
  5.2290290594e-02
  -3.0800424516e-02
  -6.4564868808e-02
  -1.2962333858e-01
  1.3886845112e-01
  -1.0004746728e-02
  4.4258846901e-03
  -1.0825944692e-01
  1.9906543195e-01
  -1.5294729173e-01
  1.5684755147e-01
  1.3403518498e-01
  -1.4907258749e-01
  6.9800794125e-02
  4.6833655238e-01
  8.9798492193e-01
  -4.4396349788e-01
  4.9897361547e-02
  1.2926512957e-01
  -6.6718250513e-01
  -2.4192649126e-01
  1.8849362433e-01
  -1.7140297592e-01
  5.6727194786e-01
  -1.5052299201e-01
  -1.0971231014e-01
  -7.9855531454e-01
  1.5550480783e-01
  -7.2191655636e-01
  -5.4096144438e-01
  -1.4803014696e-01
  1.2210305035e-01
  1.5670338273e-01
  2.3381587118e-02
  -2.9377153516e-01
  2.1663253009e-01
  4.1108271480e-01
  1.3918624818e-01
  -1.9946980476e-01
  5.1205426455e-01
  -3.9501234889e-01
  -2.1239918470e-01
  -9.6005000174e-02
  1.2174168229e-01
  1.8147360533e-02
  5.3243023157e-01
  -1.0834223777e-01
  4.2050391436e-01
  1.7453183234e-01
  3.4923892468e-02
  1.6879153252e-01
  -1.8608286977e-01
  -1.2031514198e-01
  -1.2750011683e-01
  1.9956080243e-02
  1.8432164192e-01
  3.5831719637e-01
  4.5366417617e-02
  -2.1538130939e-01
  -4.0971100330e-01
  -5.3444606066e-01
  2.0067675412e-01
  -4.3634861708e-01
  2.5916981697e-01
  -2.6946279407e-01
  2.0017642528e-02
  1.0500328988e-01
  5.8376185596e-02
  -1.6204290390e+00
  2.3488225937e+00
  -3.1778863072e-01
  -4.7661375254e-02
  -2.4730144069e-03
  1.8059723377e+00
  1.2961499691e+00
  -3.4037554264e-01
  3.6974266171e-01
  -1.0044472665e-01
  4.4590875506e-01
  -2.4563272297e-01
  3.8538241386e-01
  3.0759548768e-02
  -8.0588638783e-02
  5.6109994650e-01
  4.0178813040e-02
  -9.5466285944e-02
  -1.6922321916e-01
  -7.3598682880e-02
  -3.8355357945e-02
  -9.0374611318e-04
  1.3165681064e-01
  4.4252586365e-01
  2.6222142577e-01
  2.4306596816e-01
  -1.2498538941e-01
  2.7860909700e-01
  -1.3505756855e-01
  6.4252212644e-02
  -1.3458086178e-02
  -1.0157997161e-01
  -2.2923353314e-01
  6.9874331355e-02
  -4.3393496424e-02
  4.0362738073e-02
  -1.3240882754e-01
  2.3690655828e-01
  -1.6564151272e-02
  -8.3130367100e-02
  9.4669930637e-02
  2.7849480510e-02
  -2.9027435184e-01
  -1.6500928998e-01
  -1.5224595368e-01
  1.5827116370e-01
  4.5732119679e-01
  -2.0981736481e-01
  2.4032972753e-02
  -1.7505286261e-02
  7.1815896034e-01
  -9.8024383187e-03
  7.7115339041e-01
  -1.3924191892e-01
  3.9454374462e-02
  -1.2871281803e-01
  1.0285405815e-01
  -1.2847520411e-01
  -2.6275131106e-01
  -1.1770099401e-01
  -2.7536502481e-01
  1.0571561009e-01
  -2.2246207297e-01
  -1.0823222250e-01
  -2.1315225959e-01
  2.1993134171e-02
  -5.5271416903e-01
  9.3969769776e-02
  -7.2269886732e-02
  1.3312739134e-01
  -3.5856735706e-01
  2.7231108397e-02
  -2.5858482718e-01
  -1.7895813286e-01
  8.3148539066e-02
  1.1779813468e-01
  -4.6823382378e-02
  8.5516639054e-02
  7.2819367051e-02
  -2.6222327352e-01
  1.3062814251e-03
  1.7379173636e-01
  -1.5947993845e-02
  -2.9956308007e-01
  1.7689920962e-01
  -2.1523267031e-01
  5.7175471447e-03
  1.2729953229e-01
  2.0599086583e-01
  -7.6703615487e-02
  1.0190150142e-01
  6.8263739347e-02
  4.6907156706e-02
  1.0004039854e-01
  1.0454483330e-01
  -1.1303038150e-01
  -2.4289868772e-02
  2.1420538425e-01
  -5.3833436221e-02
  -5.0737123936e-02
  5.5798295885e-02
  7.8012230806e-03
  1.3808193803e-01
  3.5882526636e-01
  -2.4037744105e-01
  2.5068268180e-01
  -9.8478473723e-02
  8.9713849127e-02
  1.2066094577e-01
  -1.9958075881e-01
  -2.7818396688e-01
  9.2130579054e-02
  1.2446420640e-01
  -1.8407154083e-01
  3.0800038576e-01
  1.0970641673e-01
  1.6410616040e-01
  -1.8720975518e-01
  -2.3251233995e-01
  4.4176372886e-01
  -5.0322109461e-01
  -4.3719258904e-01
  -3.7265378237e-01
  2.6379836723e-02
  -2.7558127046e-01
  -3.2080646604e-02
  4.3931573629e-02
  -6.2188930809e-02
  3.2711476088e-01
  1.1276706308e-01
  -2.2447365522e-01
  -9.2670388520e-02
  -2.7973484993e-01
  1.7819707096e-01
  -2.1290736273e-02
  -1.9788971543e-01
  -8.0044053495e-02
  3.0773261189e-01
  -6.5243691206e-02
  -3.1263083220e-01
  -7.4002230540e-03
  -2.2389718890e-01
  5.6385830976e-03
  2.0021533966e-01
  -7.5416155159e-02
  -1.2945866585e-01
  -9.9351495504e-02
  1.7602508888e-02
  -1.0952546448e-01
  5.7335101068e-02
  8.3563560620e-03
  -8.1980945542e-03
  -1.8593983352e-01
  -1.1045604944e-01
  2.7909162641e-01
  -2.2091956437e-01
  -2.3328458890e-02
  1.4466534555e-01
  -5.6164973974e-01
  8.4595113993e-02
  -2.9115578532e-01
  2.5814163685e-01
  7.1460795403e-01
  -2.4097770452e-01
  2.4910758436e-01
  1.8170575798e-01
  -8.0939739943e-02
  -1.4506165683e-01
  -1.3120645285e-01
  1.2773229182e-01
  2.1682183444e-01
  -1.6489073634e-02
  -2.9543030262e-01
  2.1989136934e-01
  3.2670888305e-01
  -7.1103394032e-02
  7.1592596360e-03
  -1.2398256361e-01
  4.6912815422e-02
  2.8124781325e-02
  -1.4402917027e-01
  -1.5458947048e-02
  -3.1878361106e-01
  1.0643052310e-01
  1.8836931884e-01
  1.1262582988e-01
  3.4147169441e-02
  -3.5834127665e-01
  -8.3742879331e-02
  -7.6547034085e-02
  2.1258253604e-02
  -1.2918600440e-01
  8.2020936534e-03
  -1.9172944129e-01
  1.7770489678e-02
  -3.7060031295e-01
  1.7077797651e-01
  -6.9577373564e-02
  6.6336698830e-02
  -1.4405424893e-01
  -1.0312054306e-01
  -2.4851864576e-01
  1.7455631495e-01
  5.4782558233e-02
  -2.9126342386e-02
  1.4988838136e-01
  -1.9047719240e-01
  4.6545658261e-02
  -1.8598343432e-01
  -1.7844477296e-01
  3.1160566211e-01
  5.5796685629e-03
  1.9591520727e-01
  1.4327415824e-01
  1.1937245727e-01
  -5.3504906595e-02
  -1.3921068609e-01
  -2.1247288585e-01
  -9.2602916062e-02
  1.6008314490e-01
  -2.8781270981e-01
  2.8008885682e-02
  -5.4152436554e-02
  -2.1500665694e-02
  -7.5913771987e-02
  -1.5523861349e-01
  -2.0668846369e-01
  1.8400096893e-01
  8.9598260820e-02
  5.1674898714e-02
  -3.6295360327e-01
  -1.7705240846e-01
  8.6937345564e-02
  9.5626935363e-02
  -3.1428217888e-01
  -7.7237978578e-02
  -2.4720760062e-02
  -6.5557551570e-03
  -3.1801378727e-01
  1.3023950160e-01
  -3.5564494133e-01
  1.3807326555e-01
  1.2729248405e-01
  2.7298343182e-01
  -2.1059778333e-01
  9.2615462840e-02
  2.0886328816e-01
  1.8806600571e-01
  -1.4171162620e-02
  6.1554592103e-02
  -9.6604727209e-02
  -2.1354939789e-02
  -1.3101129234e-01
  6.0721516609e-02
  1.4213633724e-02
  5.2409045398e-02
  -4.3556693941e-02
  6.8127527833e-02
  -2.1850112081e-01
  -7.2987392545e-02
  2.1528378129e-01
  1.0159693658e-01
  1.5901896358e-01
  5.8996822685e-02
  6.2097880989e-02
  -2.0469489694e-01
  3.2822945714e-01
  -4.9770493060e-03
  9.8268650472e-02
  -7.1114003658e-02
  2.9434248805e-01
  -1.8072724342e-01
  -5.7630032301e-02
  -1.5096183866e-02
  -4.3107983470e-01
  -3.6283466220e-01
  -1.9505792856e-01
  2.8176568449e-02
  -7.4306070805e-02
  -1.0884574056e-01
  -3.9575549960e-01
  2.3722851276e-01
  -1.3307012618e-01
  -2.4752336740e-01
  4.5640714467e-02
  9.1727390885e-02
  -5.3180120885e-02
  -1.0704385489e-01
  -5.4030481726e-02
  -1.4394202828e-01
  -3.7342983484e-01
  -3.0950924754e-01
  -3.1089846045e-02
  5.3903919458e-01
  5.2094377577e-02
  -1.9472998381e-01
  -1.1289557815e-01
  8.0997705460e-02
  -2.2730360925e-01
  -4.1685408354e-01
  1.4145565033e-01
  1.2893152237e-01
  2.9927214980e-01
  -6.8221546710e-02
  4.9147790670e-01
  1.3754291832e-01
  -3.0764967203e-02
  5.8956831694e-02
  -1.9284149632e-02
  5.5093757808e-02
  -2.1856835485e-01
  1.0893797129e-01
  -2.0498973131e-01
  2.2586904466e-01
  -2.0158074796e-02
  1.4549076557e-02
  -2.3356431723e-01
  -2.0737822354e-01
  6.2769897282e-02
  -1.8392106891e-01
  2.5208637118e-01
  2.4569837749e-01
  2.0120042562e-01
  -1.0521071032e-02
  7.8771710396e-01
  -1.7236889899e-01
  -7.4782192707e-01
  5.6603336334e-01
  1.9491645694e-01
  -7.7447645366e-02
  2.1022039652e-01
  3.7805175781e-01
  4.0298867226e-01
  -1.4718026854e-02
  -5.4429477453e-01
  1.4621691406e-01
  -3.0117279291e-01
  2.6374822855e-01
  6.3215380907e-01
  -1.9186492264e-01
  3.0630821362e-02
  -9.6324667335e-02
  -1.0776254535e-01
  -2.5374317169e-01
  1.3622578979e-01
  -4.1602355242e-01
  2.3982638121e-01
  4.5916765928e-01
  3.1206613779e-01
  -1.3866734505e-01
  -1.6809189320e-01
  -1.4201647043e-01
  1.1778008193e-03
  2.5529304147e-01
  -2.4213142693e-01
  -1.8563146889e-01
  9.1217748821e-02
  1.3958835602e-01
  -5.4731592536e-02
  -2.7330505848e-01
  3.2257717103e-02
  -1.7300158739e-01
  8.7375352159e-03
  -2.6440158486e-01
  -2.8986856341e-01
  -6.7519679666e-02
  1.8959970772e-01
  -1.4023320749e-02
  -1.3354800642e-01
  2.3223538883e-03
  -7.0735311508e-01
  1.3334523141e-01
  8.2081153989e-02
  -3.0200397968e-01
  2.8515842557e-01
  -2.0909098908e-02
  -8.7431957945e-03
  -1.3631162047e-01
  -4.3803360313e-02
  3.6436948180e-01
  -1.7341656983e-01
  -1.4141157269e-01
  -5.9328399599e-02
  -1.4857718349e-01
  -6.9654822350e-02
  1.6086801887e-01
  1.4225769043e-01
  -4.3344765902e-02
  5.5567916483e-02
  -2.1272654831e-01
  -1.1579699069e-01
  1.4939513803e-01
  9.1417171061e-02
  4.2088791728e-01
  -1.5311156400e-02
  1.3087977469e-01
  8.8072076440e-02
  -2.3413398862e-01
  2.6644639671e-02
  2.0931009948e-01
  9.9836550653e-02
  -1.0897211730e-01
  -4.1283037513e-02
  -4.0058147162e-02
  -1.5923313797e-01
  -4.2720243335e-01
  -4.1636967659e-01
  -1.5063112602e-02
  2.3572020233e-01
  -1.5907998383e-01
  4.4060062617e-02
  1.9033303857e-01
  -1.2344999611e-01
  -5.0163549185e-01
  1.0797091573e-01
  6.6527217627e-02
  1.0196813941e-01
  -1.9392365217e-01
  1.4260542393e-01
  -7.7188439667e-02
  -7.5881876051e-02
  -9.9036529660e-02
  1.2915129960e-01
  -1.2927392125e-01
  -5.0352282822e-02
  -5.5239653587e-01
  -1.8674986064e-01
  -4.2763108015e-01
  -7.3082536459e-02
  -6.1276089400e-02
  -3.9511516690e-02
  -2.6377549767e-01
  -1.4329334497e+00
  1.1824144125e+00
  -5.4570949078e-01
  6.8375486135e-01
  -2.0450465381e-01
  -3.5879141092e-01
  5.8030295372e-01
  6.0764765739e-01
  1.3355621099e+00
  1.4308547974e-01
  -2.9183167219e-01
  8.0461871624e-01
  -3.2103317976e-01
  -1.4871193469e-01
  9.4894088805e-02
  3.5655134916e-01
  3.8719335198e-01
  -6.8612925708e-02
  1.7399339378e-01
  1.3867661357e-02
  3.1785801053e-01
  -3.5552307963e-01
  1.7368021607e-01
  8.9149588346e-01
  5.7995325327e-01
  1.3390569389e-01
  1.4459426701e-01
  2.5941005349e-01
  1.7319464684e-01
  2.0405651629e-01
  -1.4390908182e-01
  -1.7228388786e-01
  3.3264347911e-01
  -1.2518037856e-01
  -1.1572735757e-01
  -2.0251648128e-01
  6.7148059607e-02
  4.4486504793e-01
  -8.8138254359e-03
  -1.5207052231e-01
  2.9721894860e-01
  1.6114723682e-01
  -5.7546210289e-01
  7.4045844376e-02
  -1.7282013595e-01
  -5.3420245647e-01
  -3.3534312248e-01
  2.0665518939e-02
  -1.0477887094e-01
  -8.2752602175e-03
  3.6198395491e-01
  -1.4281758666e-01
  -1.1466705799e-01
  -1.9499766827e-01
  -1.1704235524e-01
  9.5714354515e-01
  -4.4554764032e-01
  -4.2159181088e-02
  1.4524606988e-02
  -6.8424487114e-01
  1.0861766338e+00
  3.3412131667e-01
  -7.1822509170e-02
  1.3244427741e-01
  9.9673575163e-01
  -1.8929716945e-01
  1.0754230022e+00
  -4.3557557464e-01
  1.1444225907e-01
  4.7412729263e-01
  1.0544896126e-01
  1.5438273549e-01
  -3.9984691143e-01
  -6.1390295625e-02
  4.4392639399e-01
  6.5668694675e-02
  1.0425592959e-01
  -9.6035301685e-01
  8.9212723076e-02
  -3.8993626833e-01
  6.4572006464e-02
  1.1162471771e-01
  -9.0098500252e-02
  -4.5447343588e-01
  -2.8817364573e-01
  -8.0646134913e-02
  -1.5945984051e-02
  -1.4391230047e-01
  -6.9475251436e-01
  2.2038383782e-01
  1.6968162358e-01
  -5.0398325920e-01
  -1.9134312868e-01
  -1.4219853282e-01
  5.8011877537e-01
  -2.1007826924e-01
  -4.6455013752e-01
  -2.3518384993e-01
  -1.5091474354e-01
  -3.3000728488e-01
  -9.3651235104e-02
  5.4176986217e-01
  -1.2986455858e-01
  1.0092610866e-01
  -7.3373532295e-01
  -5.1539129019e-01
  -7.3906517029e-01
  4.3249849230e-02
  -3.5290107131e-01
  2.1225142479e-01
  6.9577437639e-01
  2.5736182928e-01
  -1.8182888627e-01
  -3.5315984488e-01
  -5.6375837326e-01
  2.8785395622e-01
  2.1333540976e-01
  -4.1608575732e-02
  4.3089568615e-01
  2.1466703713e-01
  5.9698987007e-01
  -2.9328158498e-01
  2.4461150169e-02
  4.8736758530e-02
  2.9832825065e-02
  1.6314814985e-01
  -2.4519596249e-02
  4.8108898103e-02
  -7.6845705509e-02
  -2.6372069493e-02
  1.6032708809e-03
  4.6051657200e-01
  3.6267179996e-02
  2.2355969250e-01
  4.0607425570e-01
  1.7683170736e-01
  3.2492959499e-01
  1.3270993531e-01
  -1.2157849967e-01
  1.2746068835e-01
  -6.3212707639e-02
  -2.1002224088e-01
  9.6313633025e-02
  7.2053319216e-01
  1.0378655791e-01
  -3.1790295243e-01
  8.5874445736e-02
  1.6449466348e-02
  -3.9405444264e-01
  3.6707967520e-03
  -8.8514596224e-02
  -1.1597140878e-01
  -6.5277025104e-02
  1.2540484313e-03
  -1.2020926178e-01
  -2.2927592695e-01
  6.0790885240e-02
  2.3075145483e-01
  1.5662221611e-01
  7.7217534184e-02
  -2.1422657371e-01
  4.3900695443e-01
  3.3155933022e-01
  -2.9212400317e-01
  2.2348465025e-01
  1.2288176268e-01
  -4.6660795808e-02
  -4.5796319842e-02
  -2.1018798649e-01
  2.4225336313e-01
  1.3497328386e-02
  -1.5035340190e-01
  -2.0443965495e-01
  -1.1068454385e-01
  1.8850272894e-01
  -3.6726947874e-02
  3.2069582492e-02
  1.6068431735e-01
  -6.9561339915e-02
  1.1816079915e-01
  -2.4317312241e-01
  -2.4459451437e-02
  -1.0173601913e-04
  2.0272161067e-01
  -4.3812912703e-01
  3.5034406185e-01
  7.9927347600e-02
  -2.7496129274e-01
  -2.8708955273e-02
  4.4721376151e-02
  1.9789712131e-01
  5.3145863116e-02
  1.9663599133e-01
  -7.8307643533e-02
  6.6787824035e-02
  -1.5421891212e-01
  -7.4859552085e-02
  8.7653063238e-02
  -7.7452056110e-02
  -6.2554866076e-02
  -7.6871611178e-02
  -1.3717103004e-01
  -1.6498608887e-01
  1.2995792925e-01
  7.8030459583e-02
  9.8371887580e-03
  -5.0804644823e-02
  4.0806934237e-02
  2.3879699409e-01
  9.1289006174e-02
  -3.0005364679e-03
  3.7622641772e-02
  3.7381884456e-01
  -2.5274977088e-01
  8.7349772453e-02
  -4.8322077841e-02
  -5.0741143525e-02
  -2.6629722118e-01
  9.7787815332e-01
  2.6850171387e-02
  4.6568992734e-01
  -2.6628518477e-02
  -1.0788978636e-01
  7.6871767640e-02
  7.9631105065e-02
  -1.5644741058e-01
  1.2201613188e-01
  -3.4724158049e-01
  6.7648583651e-01
  -7.8414894640e-02
  3.6964929104e-01
  3.8415142894e-01
  3.7988257408e-01
  1.8711756915e-02
  -2.6622217894e-01
  -3.3640399575e-02
  5.2191428840e-02
  8.1105217338e-02
  -1.6783702374e-01
  -3.2127791643e-01
  1.2324324995e-01
  2.0191287994e-01
  1.6961592436e-01
  1.9500890374e-01
  3.3199489117e-02
  -4.4087659568e-02
  1.4255036414e-01
  -2.9828166962e-01
  -9.5327764750e-02
  -3.4602740407e-01
  7.4394717813e-02
  1.0063635558e-01
  -1.4225357771e-01
  -2.4723772705e-01
  8.8248029351e-03
  -1.3443572819e-01
  -3.7560403347e-02
  -5.7232249528e-02
  9.4070114195e-02
  -8.9223064482e-02
  -1.7827437818e-01
  -8.7784543633e-02
  2.1994638443e-01
  -5.5259291083e-02
  -5.7914186269e-02
  6.9546037912e-01
  -6.0340261459e-01
  2.8701072931e-01
  -3.6560767889e-01
  -1.5227809548e-01
  -8.1420071423e-02
  -2.4160620570e-01
  4.4521453977e-01
  -8.6216941476e-02
  4.5649355650e-01
  -4.9182113260e-02
  -3.2149371505e-01
  -6.8328812718e-02
  -2.0388528705e-01
  1.8641629815e-01
  4.3900847435e-01
  4.3802693486e-02
  -3.9913292974e-02
  6.2362235039e-03
  6.4141154289e-01
  1.5099187195e-01
  1.1075508595e-01
  4.9753654748e-02
  -7.7567528933e-03
  2.3247995973e-01
  1.6995888203e-02
  -9.2243216932e-02
  1.2527649105e-01
  -7.3988431692e-01
  -1.0262237489e-01
  -1.7764352262e-01
  2.0793538541e-02
  3.6604467779e-02
  -1.2258563936e-01
  -1.7871828750e-02
  -3.9576080441e-01
  -4.4461929798e-01
  7.8303791583e-02
  1.1689794809e-01
  -9.0145863593e-02
  -8.4719788283e-03
  -1.7403817177e-01
  -2.6610646397e-02
  1.3965606689e-01
  -2.1684256196e-01
  -2.3920494318e-01
  1.3902525418e-02
  -3.8813222200e-02
  -4.0648877621e-02
  -2.8113457561e-01
  -9.4109013677e-02
  3.4042575955e-01
  -6.7624859512e-03
  -2.3059609532e-01
  -2.6716399193e-01
  -4.5440608263e-01
  -3.8112983108e-02
  -3.0331470072e-02
  5.6779175997e-02
  3.4137111902e-01
  -9.4692530110e-03
  -1.2273129076e-01
  3.5406652093e-01
  -2.5816285610e-01
  -4.8461934924e-01
  3.2872468233e-01
  1.7345309258e-01
  5.1175630093e-01
  8.3684669808e-03
  -4.2685472965e-01
  -1.1311364174e-01
  3.0352121592e-01
  2.6707760990e-02
  5.1580689847e-02
  2.4994760752e-02
  -2.5201446842e-03
  -5.0901751965e-02
  -1.3227145188e-02
  -1.1968898028e-01
  -1.2347397208e-01
  -1.6953523457e-01
  -1.2272004783e-01
  1.8610167503e-01
  9.6939221025e-02
  -2.0750043914e-02
  -3.4554276615e-02
  -2.7027466893e-01
  -5.4471556097e-02
  1.0300533473e-01
  -6.2031783164e-03
  7.6096296310e-02
  -1.8357811496e-02
  -2.5196555257e-01
  3.1754732132e-02
  -7.4682503939e-02
  -1.5016454458e-01
  -1.0968630761e-01
  -3.3761095256e-02
  1.3523033261e-01
  4.2520269752e-02
  4.2132176459e-02
  5.4439697415e-02
  -5.3922567517e-02
  3.7776954472e-02
  1.0905843228e-01
  -1.2645149231e-01
  1.0780011863e-01
  -1.0853543878e-01
  1.9819827378e-01
  -3.2868406177e-01
  -1.1177153140e-01
  3.7302985787e-02
  -3.0208067968e-02
  4.8459866643e-01
  1.1414737254e-01
  -1.1358295679e+00
  2.1807213128e-01
  -5.7565025054e-03
  -5.6768035889e-01
  5.5641567707e-01
  -3.5369938612e-01
  1.3122165203e-01
  2.3389573395e-01
  3.2697278261e-01
  2.3857863247e-01
  -7.5490468740e-01
  -2.2693490982e-01
  2.8211927414e-01
  -9.5624971390e-01
  -1.6207559407e-01
  -1.3365197182e-01
  -7.7404506505e-02
  -4.9609262496e-02
  -4.4373136014e-02
  -4.1375327110e-01
  7.1795701981e-02
  1.9413937628e-01
  1.4916585386e-01
  -2.6077568531e-01
  -4.4116888195e-02
  -1.3371063769e-01
  3.9164263010e-01
  -2.3371534422e-02
  -1.7538602650e-01
  2.7289068699e-01
  2.8303816915e-01
  2.7588972449e-01
  2.1468591690e-01
  1.7339785397e-01
  3.0480220914e-02
  6.2622272968e-01
  -5.6034263223e-02
  3.1308400631e-01
  1.5702725947e-01
  9.2100441456e-02
  1.3248771429e-01
  3.8191920519e-01
  -1.2495497614e-01
  -1.3968108594e-01
  -2.2072035074e-01
  -4.4161941856e-02
  -2.7713680267e-01
  -1.0000726581e-01
  3.2824325562e-01
  -6.4309932292e-02
  2.5376263261e-01
  -2.4304035306e-01
  -1.9837077707e-02
  -2.0163808763e-01
  4.9391186237e-01
  -5.6845253706e-01
  4.3448486924e-01
  -3.8382318616e-01
  -6.9842112064e-01
  7.8814402223e-02
  -1.9566535950e-02
  -1.4569939673e-01
  4.8568615317e-01
  -1.8694100901e-02
  1.9897404909e+00
  4.7393701971e-02
  -9.2385989428e-01
  2.7636814117e-01
  3.8574483991e-01
  6.4866937697e-02
  7.0518136024e-02
  -1.3515883684e-01
  -1.5380696952e-01
  3.3586898446e-01
  -4.5472079515e-01
  -1.1363036633e+00
  -3.2915240526e-01
  1.0646834970e-02
  1.2757997215e-01
  2.9809582233e-01
  -3.1898792833e-02
  -4.6714946628e-01
  2.9696509242e-01
  -6.4674444497e-02
  -1.4328166842e-01
  -7.0206558704e-01
  -6.8257100880e-02
  -2.2751325741e-02
  3.5119459033e-02
  -3.3062249422e-01
  -1.2771601975e-01
  -3.0543646216e-01
  -9.9291726947e-02
  -2.5012627244e-01
  1.9224311411e-01
  -1.6481113434e-01
  -2.5887608528e-01
  8.8653296232e-02
  5.6570255756e-01
  2.6320886612e-01
  3.3367103338e-01
  4.5867419243e-01
  -2.9140812159e-01
  -3.4796601534e-01
  -6.0206270218e-01
  -2.5886183977e-01
  -2.8873899579e-01
  1.2834168971e-01
  1.6942914575e-02
  -3.1959682703e-01
  1.1309858412e-01
  -6.7822081037e-03
  3.6285182834e-01
  2.9399855062e-02
  2.3621720076e-01
  -2.4453448132e-02
  -1.9653052092e-01
  1.4159233868e-01
  3.3681693673e-01
  -1.4471787214e-01
  5.9536105394e-01
  1.9971136749e-01
  1.1020404100e-01
  1.7585906386e-01
  -3.3908903599e-02
  -2.8717443347e-01
  5.7213652879e-02
  -1.2989208102e-01
  -1.7996896803e-01
  4.8560607433e-01
  -2.2027419880e-02
  -2.6703093201e-02
  2.6471379399e-01
  -1.3365577161e-01
  -8.1559479237e-02
  -3.2662937045e-01
  -5.1260955632e-02
  -6.6217944026e-02
  4.4044330716e-02
  -1.9891895354e-01
  -2.4069893360e-01
  -2.2357349098e-01
  -8.8581787422e-03
  3.7228634953e-01
  -7.2397715412e-03
  -3.5940259695e-01
  1.4124929905e-01
  2.4569930136e-01
  -2.2636243701e-01
  -9.4485081732e-02
  -1.9684566557e-01
  -1.2773826718e-01
  -9.4613738358e-02
  -2.1632646024e-01
  -1.7680883408e-01
  9.9701687694e-02
  7.5689452887e-01
  -1.6425177455e-01
  -1.9947348535e-01
  -1.0768508911e-01
  6.3292473555e-02
  3.7166547775e-01
  5.3740417957e-01
  -1.2365082651e-01
  1.6487227380e-01
  1.4856298268e-01
  -1.8717743456e-01
  -1.9793765247e-01
  2.9656797647e-01
  4.9377739429e-01
  3.7770825624e-01
  -5.2680677176e-01
  3.8816681504e-01
  -1.6176524758e-01
  -7.3122471571e-01
  -1.3786888123e-01
  -1.8210941553e-01
  2.4177909363e-03
  1.1155182868e-01
  3.3976200223e-01
  3.2535530627e-03
  1.1924035847e-01
  -1.4033165760e-02
  -9.4045720994e-02
  2.6840972900e-01
  -1.6975200176e-01
  3.9776168764e-02
  1.4958627522e-01
  -1.2796775997e-01
  2.9872047901e-01
  -5.6635521352e-02
  -1.6032062471e-01
  -1.6630170867e-02
  -8.8264971972e-02
  1.8780231476e-01
  -7.3498345912e-02
  -1.5089805424e-01
  6.7006684840e-02
  4.1442777961e-02
  -2.7045327425e-01
  2.2248452902e-01
  1.0358643532e-01
  1.5492582321e-01
  -1.2770215981e-02
  1.4893688262e-01
  1.3673028350e-01
  1.2597772479e-01
  -4.8526222818e-03
  1.3649919629e-01
  -1.6862665117e-01
  -3.4144228697e-01
  -1.7321701348e-01
  3.0390491709e-02
  -1.9132442772e-01
  -2.5531348586e-01
  1.3636562228e-01
  3.4550169110e-01
  4.4641140103e-01
  3.5374519229e-01
  -9.5711782575e-02
  -1.2751026452e-01
  1.5092186630e-01
  1.9081027806e-01
  6.4618982375e-02
  2.1615053713e-01
  -2.2250331938e-02
  4.0742689371e-01
  1.5683874488e-01
  1.1133307219e-01
  9.9467433989e-02
  3.2090019435e-02
  2.2779460251e-01
  -1.6622506082e-01
  8.2222767174e-02
  1.6059209406e-01
  2.4328276515e-01
  1.5413118899e-01
  4.7346845269e-01
  -6.3552491367e-02
  4.2748823762e-03
  3.5084959120e-02
  -2.2662617266e-01
  2.5063672662e-01
  3.1190621853e-01
  1.5432569198e-02
  1.6773711145e-01
  1.7885403335e-01
  3.3712720871e-01
  3.1784215569e-01
  2.2960312665e-01
  1.2965458632e-01
  4.5613553375e-02
  2.8522239998e-02
  -1.5566158295e-01
  1.3900485635e-01
  3.2408323884e-01
  1.4199626446e-01
  -4.4243395329e-02
  4.8403792083e-02
  -1.9408503547e-02
  -1.7307421565e-01
  -2.4931274354e-01
  2.9342600703e-01
  -3.4410309047e-02
  7.5856126845e-02
  -1.1693928391e-01
  -4.9527403712e-01
  -3.1556650996e-01
  -3.3288192749e-01
  3.4356224537e-01
  -1.0304669291e-01
  -1.9379808009e-01
  -1.9927143585e-03
  -1.5150518715e-01
  9.7145877779e-02
  -2.3175473511e-01
  8.2606993616e-02
  2.4706962705e-01
  3.5141536593e-01
  4.9220851064e-01
  -5.0933277607e-01
  -2.3849402368e-01
  1.2777139246e-01
  -1.0290262289e-03
  3.6220607162e-01
  1.6440568864e-01
  8.1174187362e-02
  9.2517107725e-02
  1.6202498972e-01
  -3.8436582685e-01
  1.7587839067e-01
  -4.5158028603e-01
  2.4847264588e-01
  5.3836226463e-02
  -4.2631972581e-02
  2.1489340067e-01
  2.2626875341e-01
  -5.6238651276e-02
  -3.2670658827e-01
  -1.2222177535e-01
  2.6691073179e-01
  -3.1656521559e-01
  -7.7722899616e-02
  -2.4342811666e-03
  8.2378149033e-02
  1.4186765254e-01
  -1.4468529820e-01
  -2.7104601264e-01
  1.2893278897e-01
  4.0518570691e-02
  1.4040406048e-01
  -6.5340682864e-02
  -3.2088592649e-01
  -6.3155628741e-02
  3.1785157323e-01
  6.7243985832e-02
  -1.8670448661e-01
  5.4548448324e-01
  -5.5702049285e-02
  7.2053121403e-04
  -1.8925163150e-01
  -3.4000936151e-01
  -2.9152112082e-02
  4.3212719262e-02
  -3.1394907832e-01
  -9.9494494498e-03
  4.1335780174e-02
  -6.9361552596e-02
  9.4812370837e-02
  2.5424139574e-02
  1.9399882853e-01
  1.9698917866e-01
  6.6896654665e-02
  1.2843145430e-01
  -1.3898801804e-01
  -1.8550179899e-01
  -1.5208265185e-01
  1.0712967068e-01
  9.7148485482e-02
  -6.6304810345e-02
  2.0262442995e-03
  7.2296723723e-02
  1.7902642488e-01
  -5.3613132238e-01
  1.5224903822e-01
  -1.9492147863e-01
  5.6248333305e-02
  1.3389976323e-01
  -2.8353910893e-02
  -3.1804868579e-01
  1.7101569474e-01
  1.1034151912e-01
  -4.4857448339e-01
  -1.4330220222e-01
  1.7240509391e-01
  5.2255701274e-02
  -1.7014120519e-01
  -3.2305055857e-01
  1.6742363572e-01
  1.5621900558e-01
  -6.1351154000e-04
  -1.4082008600e-01
  6.6905878484e-03
  1.1805669218e-01
  -1.2767364085e-01
  -8.0406099558e-02
  5.3621396422e-02
  -3.3780507743e-02
  3.3167868853e-01
  3.3773101866e-02
  -1.5492333472e-01
  1.7030295730e-01
  4.1710186005e-01
  2.1510677040e-01
  -1.6439004242e-01
  7.8562505543e-02
  6.9225095212e-03
  -6.4527314901e-01
  5.3397879004e-02
  -8.5131423548e-03
  4.5134800673e-01
  6.1526101828e-01
  -2.4556372315e-02
  -1.0121687502e-01
  2.8400704265e-01
  2.5707384944e-01
  1.6684331000e-01
  -9.9663503468e-02
  8.6995773017e-02
  1.8439559639e-01
  -4.4055244327e-01
  2.4644717574e-01
  1.2332039326e-01
  -8.6424201727e-02
  9.1436967254e-02
  -1.3931642473e-01
  3.6195302010e-01
  -1.1901210994e-02
  3.8304859400e-01
  1.6595996916e-01
  -1.0970349610e-01
  2.1633249521e-01
  4.0970525146e-01
  -1.1648552865e-01
  1.0388088413e-02
  1.4327093959e-01
  8.7301231921e-02
  -3.2332786918e-01
  5.9483017772e-02
  -3.8460233808e-01
  -7.8735925257e-02
  3.2569985837e-02
  -3.7083965540e-01
  -3.3112436533e-01
  2.5920030475e-01
  -1.2796026468e-01
  2.0076416433e-01
  -3.5715535283e-02
  -2.7626687288e-01
  1.9262592494e-01
  1.6545665264e-01
  1.5100185573e-01
  -4.2549389601e-01
  -1.8132919073e-01
  -1.6731935740e-01
  -2.8966796398e-01
  -7.6419197023e-02
  8.2293532789e-02
  -3.8889318705e-01
  9.7383695841e-01
  -5.7585861534e-02
  -4.9714335799e-01
  5.4485750198e-01
  -2.1502897143e-01
  5.7472926378e-01
  -2.8829479590e-02
  -7.9540747404e-01
  -4.6815082431e-01
  -8.9501994848e-01
  -1.7353700474e-02
  2.0452627540e-01
  1.7855729908e-02
  -3.0934157968e-01
  -1.2578552961e-01
  -3.7429636717e-01
  -3.4217780828e-01
  -1.4653007686e-01
  3.3779218793e-02
  -5.8435931802e-02
  -1.2052166462e-01
  1.7555131018e-01
  3.3688569069e-01
  3.2864563167e-02
  -1.1794224381e-01
  -5.6662689894e-02
  2.0407544449e-02
  7.2442255914e-02
  -4.4395573437e-02
  -1.6724634171e-01
  2.6655149460e-01
  1.8004214764e-01
  1.8680499494e-01
  1.0472653061e-01
  2.2794775665e-01
  -2.2231288254e-02
  1.4503452182e-01
  -2.3827145994e-01
  -2.0353609324e-01
  9.4880461693e-03
  -3.6725819111e-02
  1.7216587067e-01
  1.6966748238e-01
  -1.0498764366e-01
  1.8566726148e-01
  1.8418386579e-01
  -4.9810227938e-03
  -1.3517859578e-01
  2.0092649758e-01
  -9.3359261751e-02
  -1.5498158336e-01
  -2.2273966670e-01
  1.0155269876e-02
  -1.2612172961e-01
  2.2969324887e-01
  -3.0204007030e-01
  -1.2655104697e-01
  -9.2326946557e-02
  -2.3689641058e-01
  -4.5554250479e-01
  1.0005088151e-01
  -2.6118274778e-02
  6.7266851664e-02
  5.0113562495e-02
  -4.3073881418e-02
  1.3749073446e-01
  -6.0422003269e-01
  1.2373004854e-01
  3.4145191312e-01
  -2.9806333780e-01
  8.0105549097e-01
  -3.1946897507e-01
  3.1515553594e-02
  -2.0523011684e-01
  -7.5161248446e-02
  2.5072613731e-02
  3.3484163880e-01
  1.7409764230e-01
  -6.6809684038e-01
  -3.4467318654e-01
  2.4421687424e-01
  1.4898732305e-01
  -3.5179683566e-01
  2.3827841505e-03
  1.5454424918e-01
  -1.4823736250e-01
  4.7705341130e-02
  -2.9965341091e-01
  1.4401224256e-01
  -1.1683889478e-01
  8.3434164524e-02
  -2.0476710796e-01
  -4.4479581714e-01
  9.1682605445e-02
  -3.1268358231e-01
  -2.8971238062e-02
  1.6757236421e-01
  9.5789574087e-02
  -2.5439912081e-01
  1.0653093457e-01
  -3.8036707789e-02
  7.4969619513e-01
  1.0730373859e-01
  -1.4974837005e-01
  5.2912247181e-01
  -2.0177392662e-01
  -4.5807573199e-01
  9.9151261151e-02
  3.5299518704e-01
  8.2389146090e-02
  -2.3178270087e-02
  1.8437091261e-02
  7.3081351817e-02
  -5.9163075686e-01
  3.2357871532e-02
  -3.1592935324e-01
  6.0472583771e-01
  -3.9373368025e-01
  2.9402118921e-01
  1.2487342954e-01
  -6.5384387970e-02
  -2.8860187531e-01
  4.4943764806e-01
  -1.0612026453e+00
  2.6684463024e-01
  1.1439606547e-01
  1.1125973612e-01
  1.7712924629e-02
  -3.7360623479e-02
  1.9773255289e-01
  -6.6520172358e-01
  9.4765526056e-01
  -9.9013739824e-01
  -1.2608185410e-01
  -3.0088743567e-01
  -1.4538450539e-01
  -6.8024176359e-01
  -5.0964128971e-01
  1.6660843790e-01
  2.6365759969e-01
  -1.5582156181e-01
  1.9823436439e-01
  -2.6785352826e-01
  -2.2069744766e-01
  -4.1330319643e-01
  -1.5209494531e-01
  1.9336048281e-03
  5.8660481125e-02
  2.8328335285e-01
  1.6193731129e-01
  -1.7401292920e-02
  1.4355120063e-01
  7.2728641331e-02
  1.2975765765e-01
  7.3351040483e-02
  3.4487211704e-01
  1.3643376529e-01
  -3.3712428808e-01
  -9.4985270500e-01
  1.5346176922e-01
  -1.2248114496e-01
  -6.5315341949e-01
  5.7892417908e-01
  8.6923785508e-02
  1.0603637248e-01
  4.4178166986e-01
  2.5943765417e-02
  -9.6544153988e-02
  2.9439762235e-01
  4.7761276364e-02
  -2.9431664944e-01
  -1.1372245103e-01
  -3.2131981850e-01
  -5.4769784212e-01
  -2.1117596328e-01
  2.3993314803e-01
  9.2847414315e-02
  -1.2389795482e-01
  5.1481688023e-01
  8.1161864102e-02
  -1.4770992100e-01
  -1.3406509161e-01
  -7.6503761113e-02
  -2.0645408332e-01
  3.4693142772e-01
  -1.8285376951e-02
  -1.4846897125e-01
  -9.7255911678e-03
  1.1313375086e-01
  -1.7260859907e-01
  2.1963126957e-02
  -1.2104304880e-01
  3.4872386605e-02
  7.9257421196e-02
  2.4180509150e-01
  9.4210460782e-02
  2.4176673964e-02
  -7.8420251608e-02
  1.0075812787e-01
  7.0851589553e-03
  -1.2078046799e-01
  -8.4505903942e-05
  -5.6868787855e-02
  2.4882943928e-01
  -5.7089921087e-02
  6.2872409821e-02
  1.4771558344e-01
  -3.5297658294e-02
  -4.8065859824e-02
  1.4496278763e-01
  -6.0372534208e-03
  6.7885629833e-02
  4.4713208079e-01
  -2.8679704666e-01
  -4.0924999863e-02
  1.4190116525e-01
  2.4525399506e-01
  3.7731391191e-01
  -4.3424300849e-02
  -1.3521382213e-01
  1.5602102503e-02
  -4.3684914708e-01
  -4.4476911426e-01
  7.6404087245e-02
  -3.1907472759e-02
  2.7495563030e-01
  -1.0739370435e-01
  -1.2368676066e-01
  1.2652127445e-01
  -4.5472085476e-01
  4.2998924851e-02
  1.1845716834e-01
  -1.0217602551e-01
  -1.7563427985e-01
  -2.7189817280e-02
  -1.0172895342e-01
  -7.8591875732e-02
  1.2936732173e-01
  -2.3653128743e-01
  7.2382781655e-03
  -6.6390240192e-01
  -2.3099362850e-01
  -1.2259594165e-02
  -1.2241312861e-01
  7.1403093636e-02
  -3.1916636229e-01
  1.8971534073e-01
  8.6282782257e-02
  -1.1159395427e-01
  -4.5172233135e-02
  9.3110926449e-02
  4.7467257828e-02
  -6.1097562313e-02
  -1.3152799010e-01
  -7.4947953224e-02
  4.0748942643e-02
  2.0612147450e-01
  -1.6170123219e-01
  -7.7912822366e-02
  4.8402258754e-01
  -1.7309710383e-01
  -3.2677274197e-02
  5.4401494563e-02
  1.5947118402e-01
  -1.0626505129e-02
  -1.9794045389e-01
  -5.5546876043e-02
  1.3072519004e-01
  -2.4411523342e-01
  -8.1190839410e-02
  2.5965589285e-01
  -7.5945667922e-02
  -1.2066552788e-01
  3.5014888644e-01
  -2.8589138389e-01
  3.6305350065e-01
  2.0362640917e-01
  -1.6089996696e-01
  -6.2264739536e-03
  -1.7784629762e-01
  1.4134018123e-01
  4.5642507076e-01
  -1.5966154635e-01
  -1.3257187605e-01
  1.9777312875e-02
  -9.5052570105e-02
  -2.9842033982e-03
  2.0753121376e-01
  -4.5026775450e-02
  1.3570672274e-01
  1.5900222957e-01
  -1.8472953141e-01
  2.1612896025e-01
  -6.8319015205e-02
  1.1227145791e-01
  -4.5970264822e-02
  2.1662096679e-01
  -2.6295357943e-01
  2.1924504638e-01
  1.4699159563e-01
  2.5548067689e-01
  -1.8263857067e-01
  1.5867039561e-02
  -1.4864602685e-01
  6.6779039800e-02
  8.8785775006e-02
  -6.1603035778e-02
  -1.0045439750e-01
  2.6710247993e-01
  2.7119427919e-01
  1.9637948275e-01
  4.3725150824e-01
  -1.1277737468e-01
  3.2439085841e-01
  -1.1892415583e-01
  -1.6126672924e-01
  -2.5965932757e-02
  1.6129586101e-01
  -1.2424632907e-01
  1.0100218654e-01
  -2.9351639748e-01
  -3.6237472296e-01
  1.3888889551e-01
  1.6278846562e-01
  -5.2037831396e-02
  -2.6107826829e-01
  -1.7036259174e-01
  8.0837416649e-01
  -1.7561773956e-01
  1.3978445530e-01
  5.1802027225e-01
  -4.8299074173e-01
  2.6377027389e-03
  -4.5249596238e-01
  7.2540037334e-02
  6.1775699258e-02
  -6.9596566260e-02
  7.8230522573e-02
  -1.3502693176e-01
  -3.8751682639e-01
  1.2205276638e-01
  -3.0160058290e-02
  6.3620336354e-02
  -1.0973168910e-01
  1.6715042293e-01
  1.6294196248e-01
  -1.9699896872e-01
  8.4570445120e-02
  -3.8596415520e-01
  -1.1673231609e-02
  -3.9311390370e-02
  2.3095470667e-01
  -7.6105282642e-03
  -6.1025470495e-02
  4.2947951704e-02
  -1.9441305101e-01
  -1.6759763658e-01
  -3.8617044687e-02
  -6.4066030085e-02
  2.6489183307e-01
  9.6181720495e-02
  1.6697336733e-01
  -8.2798056304e-02
  1.1709203944e-02
  -2.1301068366e-01
  -1.8808630109e-01
  9.2555887997e-02
  5.4755687714e-02
  -7.6020047069e-02
  1.0753084719e-01
  -9.2776246369e-02
  5.2986532450e-01
  -6.9753333926e-02
  5.4834452458e-03
  -2.1535438299e-01
  1.1756763607e-01
  -1.4558656514e-01
  -9.1143354774e-02
  1.1242030561e-01
  3.6258178949e-01
  -4.6342007816e-02
  -2.1052578092e-01
  4.1047319770e-01
  -2.9378563166e-01
  2.2774571180e-01
  8.3969369531e-02
  1.8449760973e-01
  3.1239038706e-01
  -1.8573150039e-01
  -6.3030070066e-01
  4.2593784630e-02
  -1.3164260425e-02
  -1.3273537159e-01
  9.9166452885e-02
  9.8124995828e-02
  -9.3932718039e-02
  1.4131722040e-02
  3.0648224056e-02
  -2.3926880956e-01
  1.4338004589e-01
  2.3234684765e-01
  1.2340238690e-01
  5.8131748438e-01
  1.1883269995e-01
  -7.0263653994e-02
  1.9101189449e-02
  7.1292571723e-02
  1.3787390292e-01
  -1.1128204316e-01
  6.5384127200e-02
  3.9114613086e-02
  -3.4899100661e-02
  8.5000798106e-02
  2.0079591870e-01
  4.1238419712e-02
  -4.7453306615e-02
  2.1949589252e-02
  -4.7895219177e-02
  3.7837630510e-01
  3.2112771273e-01
  1.6455034912e-01
  5.1290147007e-02
  -9.2049039900e-02
  7.1833558381e-02
  1.2336770445e-01
  -8.0776596069e-01
  -2.2689943016e-01
  -6.4048893750e-02
  -3.0207782984e-01
  -9.8299175501e-01
  -4.2114565149e-03
  3.5714052618e-02
  1.5298850834e-02
  -1.5710459650e-01
  -1.7316855490e-02
  5.2572017908e-01
  -7.9546028376e-01
  1.4915941656e-01
  -2.4895296991e-01
  -5.9882408381e-01
  -3.6462920904e-01
  -7.0016890764e-01
  9.3401260674e-03
  3.4393701702e-02
  2.1382639185e-02
  1.8843300641e-01
  -2.2438196838e-01
  -4.2645069771e-03
  3.3055001497e-01
  1.6066218913e-01
  -9.2913337052e-02
  -6.0021381825e-02
  -8.5053309798e-02
  -3.2212460041e-01
  6.0738626868e-02
  -1.1686263606e-02
  1.0523762703e+00
  1.3515274227e-01
  -2.1434217691e-01
  -2.3818477988e-01
  1.6371546686e-01
  -2.0559963584e-01
  -1.1123305559e-01
  9.3980051577e-02
  -9.0327307582e-02
  -2.3996298015e-01
  -1.7262598872e-01
  -3.0545589328e-01
  -4.1225776076e-01
  1.3722900301e-02
  2.4627615511e-01
  3.2447534800e-01
  -2.7223366499e-01
  6.6464960575e-01
  -9.6693985164e-02
  2.3570331931e-01
  -3.9991077781e-01
  -2.9301524162e-01
  -1.8899381161e-01
  2.9402318597e-01
  6.5163299441e-02
  2.9459866881e-01
  -1.5577778220e-01
  -7.1242964268e-01
  1.9812056422e-01
  -1.7950908840e-01
  -6.4570462704e-01
  -3.8483813405e-01
  -3.0174925923e-01
  8.4389996529e-01
  -2.8720143437e-01
  5.4711902142e-01
  6.2855087221e-02
  -4.0873163939e-01
  -1.7244033515e-01
  -6.1207658052e-01
  -3.2046515495e-02
  6.9505095482e-01
  -2.7344039083e-01
  5.0580137968e-01
  -5.8621823788e-01
  -3.3599683642e-01
  -2.9373329878e-01
  1.2335120887e-01
  9.5001719892e-02
  -2.6642307639e-02
  1.4786727726e-01
  6.2587000430e-02
  1.0434813052e-01
  -2.0567907393e-01
  -9.0514934063e-01
  3.6176252365e-01
  -2.1495195106e-02
  -8.9800879359e-02
  1.1367049813e-01
  1.4745523036e-01
  3.3363372087e-02
  7.4390538037e-02
  -8.9501209557e-02
  -3.7146875262e-01
  -1.9388329983e-01
  2.4303257465e-01
  3.0626419187e-01
  1.8699029461e-02
  1.6823583841e-01
  -8.9728245512e-03
  -1.2341461331e-01
  8.9908868074e-02
  -2.0568726957e-01
  2.6480293274e-01
  1.0271128267e-02
  -6.5237946808e-02
  4.8016991466e-02
  7.3977863789e-01
  2.1327752620e-02
  3.9753679186e-02
  6.4434093237e-01
  -1.6476346552e-01
  2.0411001146e-01
  -3.5393664241e-01
  1.0902502388e-01
  6.8134170771e-01
  1.0875481367e+00
  -1.3443225622e+00
  3.4047630429e-01
  -3.9099511504e-01
  -1.6319079697e-01
  6.6609495878e-01
  8.3918817341e-02
  7.7214860916e-01
  -2.2890729830e-02
  1.5085837841e+00
  1.2166441679e+00
  -1.4632292986e+00
  2.3913522065e-01
  -3.7407425046e-01
  -1.7821170092e+00
  5.9300899506e-01
  -5.4742550850e-01
  -2.1627369523e-01
  1.4925208092e+00
  1.8793998659e-01
  -5.8225393295e-01
  2.4231533706e-01
  -7.8499764204e-01
  3.5783940554e-01
  3.1042402983e-01
  5.0837779418e-03
  -5.7645416260e-01
  1.0396701097e+00
  -2.3477354646e-01
  -1.8467418849e-01
  9.0188555419e-02
  2.8644573689e-01
  1.9431650639e-01
  5.2969116718e-02
  -5.1349300146e-01
  6.1026234180e-02
  -7.9069077969e-01
  2.9568701982e-01
  4.2675656080e-01
  -3.4827792645e-01
  5.1920637488e-02
  -5.6150907278e-01
  9.9511690438e-02
  1.9757780433e-01
  6.8738073111e-01
  1.3099908829e+00
  -4.5842429996e-01
  5.0060685724e-02
  8.2864552736e-02
  -4.7937664390e-01
  8.7622624636e-01
  9.7099132836e-02
  -3.0775436759e-01
  -1.1371226609e-01
  -4.2132027447e-02
  -1.8418784440e-01
  -1.9023172557e-02
  1.4283002913e-01
  -1.6654403508e-01
  1.6392423213e-01
  -1.2327326089e-01
  4.8905719072e-02
  3.0396446586e-01
  6.5096490085e-02
  2.2230245173e-01
  -1.5157115459e-01
  -3.6290440708e-02
  8.4631636739e-02
  1.1359134316e-01
  -4.4635180384e-02
  8.0065123737e-02
  1.9655553997e-01
  1.4550983906e-01
  -7.4805155396e-02
  -2.6529863477e-01
  5.9241328388e-02
  4.7843507491e-03
  -8.1585310400e-02
  6.0982588679e-02
  -1.7701755464e-01
  -7.2256900370e-02
  -3.9546117187e-02
  -1.7355915159e-02
  -1.8022961915e-01
  -6.4846746624e-02
  2.3649118841e-02
  1.6369283199e-01
  -3.8511201739e-02
  -7.0579228923e-03
  -7.4704170227e-02
  8.0331057310e-02
  -8.2052156329e-02
  -3.9236668497e-02
  -1.0860413313e-02
  8.8384523988e-02
  2.3226015270e-02
  -1.7125278711e-01
  -7.1317844093e-02
  3.7015713751e-02
  1.8746043742e-01
  -1.9303532317e-02
  1.7417067662e-02
  -2.0128248632e-01
  -8.3831407130e-02
  5.7069290429e-02
  -1.8850205839e-01
  2.3856377602e-01
  2.6918521523e-01
  -3.2028204203e-01
  2.6942884922e-01
  -4.5478276908e-02
  1.5325053036e-01
  1.0407526791e-01
  -6.0436292551e-03
  2.1447992325e-01
  -1.3808375597e-01
  -1.8862810731e-01
  -2.6085444260e-03
  -2.1468527615e-02
  6.5630638599e-01
  -5.1080830395e-02
  -2.0516701043e-01
  -1.0331754386e-01
  5.2738845348e-01
  3.8103375584e-02
  -1.7613835633e-01
  -2.0617240667e-01
  7.7411293983e-02
  2.4191059172e-01
  -2.4540336803e-02
  -3.4469839931e-01
  4.2730742693e-01
  -2.6926776767e-01
  1.5816557407e-01
  -2.8961378336e-01
  4.2132358998e-02
  -4.3826434016e-01
  3.7114661187e-02
  -3.6706373096e-01
  2.9665419459e-01
  -1.1990556866e-01
  -1.1391466483e-02
  -9.4097739458e-01
  8.0507621169e-02
  9.2208676040e-02
  9.3209654093e-02
  -6.6132983193e-03
  8.9482061565e-02
  1.9170640409e-01
  -7.0215694606e-02
  2.0598154515e-02
  -9.5793999732e-02
  8.1915691495e-02
  -3.1983906031e-01
  -2.2361780703e-01
  -1.2093176693e-01
  -2.6708877087e-01
  -7.8548234701e-01
  -2.7033790946e-01
  3.9457984269e-02
  -2.7119272947e-01
  -1.1888200790e-01
  3.8099175692e-01
  -2.2828552127e-01
  5.1601374149e-01
  -4.1697758436e-01
  4.6889200807e-01
  4.2115882039e-01
  4.4425570965e-01
  3.4764051437e-01
  -3.1571008265e-02
  -4.4919434190e-01
  -4.7758813016e-03
  -1.8612198532e-01
  1.0831023753e-01
  -4.2251923680e-01
  -4.0197193623e-01
  -5.3029764444e-02
  -1.0509249568e-01
  -8.4502764046e-02
  -6.7860499024e-02
  -1.6458325088e-01
  -8.7699210271e-03
  4.0471538901e-02
  -2.3985141516e-01
  1.7728416622e-01
  -6.9479264319e-02
  2.8806117177e-01
  -7.8500919044e-02
  -6.5424717963e-02
  7.8367032111e-03
  -1.3361027837e-01
  2.2012172639e-01
  -7.5690083206e-02
  -3.5652661324e-01
  4.3984118849e-02
  -2.7402344346e-01
  1.7493274808e-01
  1.9153884053e-01
  -4.8692002892e-02
  -3.1600520015e-02
  6.6827557981e-02
  -6.7566409707e-02
  -4.3977883458e-01
  1.3545918465e-01
  7.7230423689e-02
  4.3817204423e-03
  -3.1221219897e-01
  -1.4479420148e-02
  1.6906861961e-01
  -3.0250413343e-02
  -4.1892105341e-01
  4.8980060220e-01
  6.3031727076e-01
  -9.6879288554e-02
  -5.8310717344e-02
  4.3767809868e-02
  5.9500834905e-03
  -3.1271088123e-01
  5.8258857578e-02
  2.1184897423e-01
  6.2268570065e-02
  -1.3064064085e-01
  1.6717460006e-02
  2.8028884530e-01
  4.0616297722e-01
  -1.1338526011e-01
  8.5430361331e-02
  -9.4494879246e-02
  -5.7101821899e-01
  -6.2823924236e-03
  -1.7182428390e-02
  1.0225331783e-01
  1.2585666776e-01
  2.3251973093e-01
  -1.3382709026e-01
  -1.5783150494e-01
  -8.8079646230e-03
  -2.0481012762e-01
  2.0877633989e-01
  1.0991317220e-02
  -2.3758071661e-01
  4.4163446873e-02
  2.4314272404e-01
  -2.0225210488e-01
  -1.3173824549e-01
  -1.2642715871e-01
  2.0537209511e-01
  1.7045337707e-02
  4.8505216837e-02
  1.0245124251e-01
  4.6426687390e-02
  2.0209724084e-02
  -5.4133821279e-02
  -3.3706372976e-01
  -1.2971967459e-01
  1.9672028720e-01
  3.1033307314e-01
  -3.2889276743e-02
  -7.1001285687e-03
  -8.0380596220e-02
  3.0201849341e-01
  -9.6911504865e-02
  4.7442447394e-02
  -2.3399063945e-01
  9.7017012537e-02
  -2.5208288431e-01
  -9.3516828492e-03
  2.4912354350e-01
  8.7223373353e-02
  -1.6718190163e-02
  -6.0131400824e-01
  2.2852544487e-01
  -6.6007189453e-02
  -1.1278127879e-01
  -8.1008516252e-02
  -2.4309122935e-02
  2.4819260463e-02
  9.8234340549e-02
  -1.2597955763e-01
  5.3084594011e-01
  7.6452314854e-02
  2.6505220681e-02
  -3.6264100671e-01
  -3.9785194397e-01
  -2.1668997407e-01
  1.1303096265e-01
  -2.5361335278e-01
  -2.0477293059e-02
  -1.8468759954e-01
  1.9483126700e-01
  2.7869351208e-02
  -3.7168133259e-01
  -9.4486549497e-02
  -1.1904226989e-01
  1.2004962564e-01
  -2.0485266577e-03
  -4.0872874856e-01
  1.4404723048e-01
  2.4553461000e-02
  -2.6991316676e-01
  1.1743070930e-01
  -3.7885367870e-02
  3.9389591664e-02
  7.0659689605e-02
  -1.6817547381e-01
  -3.7511342764e-01
  3.1741883606e-02
  3.8237925619e-02
  6.2639951706e-02
  6.0195583850e-02
  -7.7885277569e-02
  1.5263292193e-01
  -2.3023626208e-01
  2.2284896672e-01
  -2.4701404572e-01
  1.6704495251e-01
  1.3816151023e-01
  1.3078920543e-01
  -6.4908027649e-01
  4.2785525322e-02
  1.1042853445e-01
  2.0946440101e-01
  2.9600420594e-01
  -3.5830333829e-01
  3.9974976331e-02
  -6.0236416757e-02
  -1.3915829360e-01
  2.9568940401e-01
  -1.8784011900e-01
  -6.2431529164e-02
  -2.7966327965e-02
  -1.8323457241e-01
  -7.5231361389e-01
  2.4727191031e-01
  -7.1140271425e-01
  1.6601838171e-01
  -4.3522799015e-01
  3.2227310538e-01
  -1.8425485492e-01
  8.5453405976e-02
  2.2762937844e-01
  -2.0387915894e-02
  1.6004034877e-01
  3.0571159720e-01
  -3.3966521733e-03
  -4.7981750965e-01
  -1.1095081270e-01
  -1.2903958559e-01
  2.0073813200e-01
  -2.3661773652e-02
  -2.3400674760e-01
  -3.2546994090e-01
  -2.0923633128e-02
  1.1806537211e-01
  8.0345161259e-02
  4.2139566503e-03
  4.0099360049e-02
  -4.6363183856e-01
  -2.5731140375e-01
  9.9070452154e-02
  4.1275173426e-01
  1.2529118359e-01
  3.4694036841e-01
  6.5726347268e-02
  -4.3445307761e-02
  -3.2249462605e-01
  -1.1082667112e-01
  -3.7160736322e-01
  4.6459555626e-02
  -1.9276241958e-01
  1.6155983508e-01
  -6.0416853428e-01
  -6.5981090069e-01
  -7.3602250777e-03
  -3.4953434020e-02
  -3.8499909639e-01
  1.8680329621e-01
  -1.4886580408e-01
  7.8946954012e-01
  -1.2345493585e-01
  5.3700071573e-01
  2.3652957380e-01
  -4.3430206180e-01
  -4.5851878822e-03
  -8.8762067258e-02
  2.6731476188e-01
  1.6726234555e-01
  -3.5649457574e-01
  1.1785716563e-01
  8.4661565721e-02
  3.4846985340e-01
  3.7773463130e-01
  -3.1276732683e-01
  -1.9241893291e-01
  6.5749377012e-02
  1.6631561518e-01
  -6.6695012152e-02
  7.9150773585e-02
  1.5481266379e-01
  6.4419917762e-02
  2.3243555427e-01
  2.5816550851e-01
  1.2634465098e-01
  -3.5047642887e-02
  4.5892870426e-01
  -2.2320263088e-02
  1.4290437102e-01
  9.1145880520e-02
  -1.2745548785e-01
  1.4982041717e-01
  -5.3149864078e-02
  -2.8618308902e-01
  -8.9839994907e-02
  1.3528685272e-01
  -1.1949022859e-01
  -3.8184717298e-02
  2.8296943754e-02
  8.6944729090e-02
  -3.7406533957e-01
  2.3720182478e-02
  9.5209226012e-02
  -1.0553267598e-01
  -2.3738288879e-01
  -2.6247924566e-01
  -6.2604539096e-02
  2.1704703569e-01
  4.4258710742e-01
  -1.5159502625e-01
  -9.5778979361e-02
  -1.0509652644e-01
  9.0304440260e-01
  -3.0896666646e-01
  -3.9844268560e-01
  4.7586253285e-01
  -3.3703455329e-01
  -2.3337148130e-01
  7.6864248514e-01
  1.9394096732e-01
  -5.6902885437e-01
  7.1128618717e-01
  4.7697376460e-02
  3.3411628008e-01
  -3.9508578181e-01
  8.2515440881e-02
  -1.7545665801e-01
  8.9790351689e-02
  7.5298964977e-01
  7.3657888174e-01
  5.7294166088e-01
  -6.6383856535e-01
  -1.1382284760e-01
  -6.4373002388e-03
  4.7267891467e-02
  -1.2985840440e-01
  5.5538862944e-01
  -9.0084671974e-01
  4.1920614243e-01
  -2.7144366503e-01
  -5.8190584183e-01
  4.1237562895e-01
  2.4987129867e-01
  -2.5281423330e-01
  -3.2390990853e-01
  -6.1042387038e-02
  -6.7199045420e-01
  -1.6324688494e-01
  4.0582820773e-01
  -6.0745213181e-02
  -1.3453160226e-01
  -1.8009187281e-01
  5.2058333158e-01
  -5.6323055178e-02
  -2.5082206726e-01
  2.2170577943e-01
  -1.8271362782e-01
  -3.4524843097e-02
  1.2234254926e-01
  1.3635598123e-01
  2.7023631334e-01
  -3.1899610162e-01
  -2.3061355948e-01
  2.9117122293e-01
  3.9913910627e-01
  -3.4769731760e-01
  2.4374119937e-01
  2.8171461821e-01
  -3.1986573339e-01
  -1.7299902439e-01
  3.6376011372e-01
  3.1590875983e-01
  -3.5312682390e-01
  -2.2253251076e-01
  -3.4409925342e-01
  -3.5370600224e-01
  -3.0309864879e-01
  -3.4606489539e-01
  -2.7079725266e-01
  -4.0105950832e-01
  -4.0787339211e-01
  3.6110672355e-01
  -4.8592346907e-01
  -3.1485733390e-01
  3.6385020614e-01
  -4.0575265884e-01
  -4.3618011475e-01
  4.9768030643e-01
  -5.8459979296e-01
  1.3971604407e-01
  2.6430165768e-01
  3.3475157619e-01
  3.6946046352e-01
  2.1899986267e-01
  2.9263722897e-01
  2.3723229766e-01
  2.4063773453e-01
  -2.4983721972e-01
  -3.7568596005e-01
  2.8825485706e-01
  2.6379865408e-01
  -3.5474625230e-01
  -7.5975292921e-01
  1.8645250797e-01
  7.2322589159e-01
  4.8206794262e-01
  -2.3173156381e-01
  -3.5941660404e-01
  2.3292145133e-01
  -2.2770477831e-01
  -1.7580552399e-01
  3.6027759314e-01
  9.0838149190e-02
  -1.4635488391e-01
  2.6005542278e-01
  -5.8472994715e-02
  1.6965787113e-01
  -1.3467335701e-01
  2.2470064461e-01
  -1.3553649187e-01
  3.9662557840e-01
  -1.9747561216e-01
  -2.2973610461e-01
  1.9703473151e-01
  2.3658956587e-01
  -1.0202144086e-01
  2.6182255149e-01
  8.6463853717e-02
  -3.6557596922e-01
  -1.2139334530e-01
  5.2501663566e-02
  -4.2190220207e-02
  3.3016410470e-01
  2.5269103050e-01
  -1.0568463802e-01
  -3.0230757594e-01
  1.2023351341e-01
  -1.7879930139e-01
  -1.0176680237e-01
  7.6830551028e-02
  1.1842086911e-01
  2.0028977096e-01
  3.0248200893e-01
  -2.0165331662e-01
  -2.5602868199e-01
  -7.6218850911e-02
  -1.5405577421e-01
  -1.4121577144e-01
  8.5878156126e-02
  -2.7482523583e-03
  5.2192389965e-02
  1.7566770315e-01
  -5.0437450409e-01
  -1.7886084318e-01
  1.3304384053e-01
  -1.1017464846e-01
  -1.5209619701e-01
  6.5256901085e-02
  2.2679934278e-02
  -9.8687410355e-03
  -1.7707790434e-01
  -2.8280016780e-01
  -1.0235308111e-01
  -3.2072967291e-01
  -3.6172926426e-01
  -3.8966387510e-02
  -7.5297594070e-02
  -1.4456039667e-01
  3.8864558935e-01
  -4.3058823794e-02
  1.3880680501e-01
  -7.7840566635e-02
  2.4151423573e-01
  -2.2380857170e-01
  3.0472949147e-01
  -4.6988829970e-02
  -1.9225435331e-02
  1.0980175436e-01
  5.2430903912e-01
  -1.1591929942e-01
  6.0626450926e-02
  -1.6695927083e-01
  -3.5395908356e-01
  -1.3580834866e-01
  -3.5525690764e-02
  -5.1165586337e-03
  1.5722995996e-01
  2.8914999962e-01
  -2.5374400616e-01
  -1.0359463841e-01
  3.3240001649e-02
  -1.3894756138e-01
  -8.2305200398e-02
  3.6973617971e-02
  -3.1039560214e-02
  1.4128388138e-03
  4.0467733145e-01
  1.1393995024e-02
  6.8347956985e-03
  2.0638155937e-01
  -2.1274860948e-02
  1.8438979983e-01
  1.2553831935e-01
  1.4860725403e-01
  3.5371940583e-02
  9.2936299741e-02
  -2.0818588138e-01
  -7.6902225614e-02
  -4.6290062368e-02
  -2.6475632563e-02
  -6.9873325527e-02
  9.2664554715e-02
  -2.4160036445e-01
  -4.6149671078e-02
  -4.0811589360e-01
  -4.6987006068e-01
  3.6387869716e-01
  -1.3899417222e-01
  -3.2546079159e-01
  -2.0796538889e-01
  4.4733222574e-02
  -1.6706737876e-01
  7.9376354814e-02
  4.4025797397e-02
  -1.6320618987e-01
  -2.2737365961e-01
  1.8819525838e-01
  -2.1975444257e-01
  -1.3867507875e-01
  -1.9392518699e-01
  -5.9135627747e-01
  -3.0013287067e-01
  -7.1185961366e-02
  -2.7197539806e-02
  -6.6200837493e-02
  -4.9593046308e-01
  -3.7009790540e-01
  -2.7961546183e-01
  -1.5144233592e-02
  1.7390856147e-01
  2.2211937606e-01
  -8.1951525062e-03
  -1.9915457815e-02
  -1.5205694735e-01
  -1.3465821743e-01
  -2.5804901123e-01
  -1.1406960338e-01
  1.7932401970e-02
  9.8855756223e-02
  2.7376687527e-01
  9.5701038837e-02
  -1.6843578219e-01
  -3.6238577962e-01
  -1.7017616332e-01
  -5.5305041373e-02
  6.9600313902e-02
  -3.6193508655e-02
  -5.6416198611e-02
  6.6294811666e-02
  1.7166396603e-02
  -1.3333503902e-01
  1.7650142312e-01
  -6.7572966218e-02
  -2.4878954887e-01
  -1.6341094673e-01
  1.2232089788e-01
  -3.5614337772e-02
  -1.7365476489e-01
  -2.5105472654e-02
  -5.7767517865e-02
  6.5323019028e-01
  -7.0626325905e-02
  -8.9641280472e-02
  -3.4608069062e-01
  9.6003592014e-02
  5.1571272314e-02
  1.4954879880e-01
  4.2610383034e-01
  -1.0648956522e-02
  1.8617169559e-01
  -1.6735772789e-01
  3.6386856437e-01
  -4.2765069008e-01
  -1.0085990652e-02
  1.9173127413e-01
  -1.2691922486e-01
  -2.1587032080e-01
  1.9065418839e-01
  2.4504074454e-01
  5.4704153538e-01
  3.0620062351e-01
  1.8040336668e-01
  3.1908135861e-02
  -7.5975637883e-03
  -1.7832972109e-01
  -9.4340234995e-02
  1.6800020635e-01
  2.6221576333e-01
  -8.3733968437e-02
  6.4674429595e-03
  6.0449436307e-02
  -1.2411798537e-01
  5.4456923157e-02
  -2.6845382527e-02
  -1.4124269783e-01
  1.0536716133e-01
  4.5281535387e-01
  -7.8239075840e-02
  2.1310551465e-01
  2.4673442543e-01
  1.0555870831e-01
  1.2059376389e-01
  1.4458915591e-01
  -8.8578924537e-02
  2.3520156741e-01
  2.1669411659e-01
  8.3887413144e-02
  1.4601208270e-01
  1.9465632737e-01
  -1.6082803905e-01
  1.1522740871e-01
  -1.6932283342e-01
  2.4873245507e-02
  2.9702579975e-01
  -8.0401158333e-01
  1.3277351856e-01
  4.3108534813e-01
  2.2280122340e-01
  -2.4727742374e-01
  -5.0361174345e-01
  5.8335233480e-02
  -1.8094858155e-02
  3.9967309684e-02
  -1.0412572324e-01
  3.0692139268e-01
  -1.1302387714e-01
  -8.9372552931e-02
  -5.2917584777e-02
  -3.1690183282e-01
  -4.5013546944e-02
  1.4671285450e-01
  -2.6704955101e-01
  -1.1595416069e-01
  5.5349439383e-02
  -4.0425005555e-01
  -2.5214594603e-01
  -6.6353097558e-02
  6.1419948936e-02
  1.8963129818e-01
  3.7707766891e-01
  -1.2237451971e-01
  -2.3932827637e-02
  2.5946864486e-01
  -3.5044845939e-01
  -1.0370928794e-01
  1.9176801667e-02
  1.2901996076e-01
  1.9014264643e-01
  3.0213761330e-01
  -1.3606395572e-02
  -1.8124283850e-01
  -1.4370403253e-02
  -2.8455871344e-01
  -2.3343467712e-01
  -7.9557187855e-02
  -8.7883442640e-02
  7.8449688852e-02
  1.7402514815e-01
  -3.2085767388e-01
  3.7126772106e-02
  -1.6001977026e-01
  -4.5567339659e-01
  -7.7936932445e-02
  -1.1975136399e-01
  8.9497528970e-02
  2.2309967875e-01
  -2.1554602683e-01
  -4.0492197871e-01
  1.2268301100e-02
  1.2647022307e-01
  -5.2675276995e-01
  -2.5277650356e-01
  2.9491294175e-02
  2.4304077029e-02
  -3.3680345863e-02
  3.2791148871e-02
  1.6034872830e-01
  -1.7647516727e-01
  9.5495246351e-02
  -3.6863055080e-02
  6.0557727702e-03
  -1.7752194405e-01
  -9.2032152414e-01
  -2.1303395927e-01
  -1.8469640613e-01
  -3.8801732659e-01
  -6.5802447498e-02
  -4.9543344975e-01
  -1.3020846248e-01
  -4.5808076859e-02
  -2.4565221742e-02
  -3.7923790514e-02
  1.2561114132e-01
  -6.4998887479e-02
  -1.5901523829e-01
  -2.4120502174e-01
  6.9108605385e-02
  -1.2657697499e-01
  6.2523603439e-02
  -3.0947225168e-03
  7.4203886092e-02
  4.0388897061e-01
  -3.1160277128e-01
  -1.2781390548e-01
  -5.5861920118e-02
  -2.3101747036e-01
  -2.2828292847e-01
  -1.6803099215e-01
  -1.3776482642e-01
  1.8487566710e-01
  1.0327590257e-01
  -1.0097438842e-01
  -1.0883244127e-01
  -1.7004290596e-02
  2.1699278057e-01
  -1.1850160360e-01
  -3.5246643424e-01
  9.2996388674e-02
  -2.1282877028e-01
  -2.6079872251e-01
  -1.1636343598e-01
  -1.7747806013e-01
  6.2910425663e-01
  -4.8815272748e-02
  -2.6895707846e-01
  -1.3706494868e-01
  4.1620533913e-02
  -3.9703914523e-01
  3.6701732874e-01
  -9.4717305899e-01
  3.8204592466e-01
  -1.7639118433e+00
  6.3554054499e-01
  -2.0842983723e+00
  4.6139994264e-01
  -7.4910742044e-01
  -7.6784610748e-01
  2.8025957942e-01
  4.5105850697e-01
  1.3678333759e+00
  2.2114370763e-01
  -1.0862543583e+00
  -2.4880966544e-01
  -2.8476136923e-01
  -2.3690292239e-01
  -9.1823905706e-02
  1.8704465032e-01
  -1.0631708428e-02
  6.3340723515e-01
  2.1053177118e-01
  5.9564059973e-01
  5.4957795143e-01
  -2.8884997964e-01
  4.7080092132e-02
  -2.2657458484e-01
  3.1671372056e-01
  6.9663532078e-02
  -4.2175552249e-01
  -9.3552190065e-01
  -6.6814780235e-01
  1.7364914715e-01
  8.3988241851e-02
  5.3192061186e-01
  -3.3650702238e-01
  2.4206826091e-01
  -9.0015985072e-02
  3.5057437420e-01
  -6.1536961794e-01
  5.4251003265e-01
  -3.1181734800e-01
  -1.5737248957e-01
  -1.3532902114e-02
  -8.0015105009e-01
  3.2873174548e-01
  3.8009515405e-01
  6.4474928379e-01
  9.0284235775e-02
  -1.8875572830e-02
  1.9175995886e-01
  1.9877096638e-02
  2.3716588318e-01
  3.0156506225e-02
  1.5713152289e-01
  3.6088261008e-01
  -2.7996882796e-01
  6.7051661015e-01
  -9.0110138059e-02
  4.9274113774e-01
  -5.6753087789e-02
  1.8862557411e-01
  2.6992765069e-01
  -7.9526938498e-02
  -5.5097617209e-02
  -1.2190710753e-01
  -2.3017007113e-01
  1.4310811460e-01
  3.5131692886e-01
  2.3990033194e-02
  1.1937302351e-01
  -4.3662431836e-01
  -4.3627297878e-01
  -7.0019066334e-01
  -4.5156317949e-01
  -5.3131437302e-01
  1.8423495814e-02
  2.1981088817e-01
  -5.4474763572e-02
  1.4551842213e-01
  1.5762060881e-01
  -2.5985094905e-01
  -6.3367819786e-01
  -8.6050756276e-02
  3.0886343122e-01
  -2.3057065904e-02
  2.5196769834e-01
  -8.5567168891e-02
  1.5111570060e-01
  2.7566936612e-01
  -1.9155013561e-01
  5.9110247530e-03
  -5.0841891766e-01
  1.7517596483e-01
  8.5899978876e-02
  5.2484959364e-01
  -1.9916085899e-01
  -9.5799379051e-02
  -1.1768805981e-01
  4.0267369151e-01
  6.1496311426e-01
  -3.2285517454e-01
  5.7582336664e-01
  3.5463643074e-01
  -3.5374030471e-01
  -1.6955668107e-02
  -1.7158234492e-02
  -2.6494339108e-01
  4.7706598043e-01
  -1.8379318714e-01
  3.4557339549e-01
  -2.4692241848e-01
  3.9778277278e-01
  8.7875593454e-03
  3.4327071905e-01
  -1.4628945291e-01
  -1.8459486961e-01
  3.7367470562e-02
  4.6344321966e-01
  -1.3831312954e-01
  2.9633262753e-01
  -1.9036832452e-01
  -2.5074133277e-01
  -6.5429411829e-02
  1.5495927632e-01
  4.0040928870e-02
  4.0526184440e-01
  3.5082218051e-01
  -1.1813784391e-01
  -2.8468686342e-01
  -1.8502961844e-02
  -9.9897630513e-02
  2.3811550811e-02
  3.7173032761e-02
  -3.7930373102e-02
  1.3211564720e-01
  2.0456488431e-01
  -1.4624756761e-02
  1.0660247877e-02
  9.6213996410e-02
  -1.5512003005e-01
  -4.6403198503e-03
  -1.1847583950e-01
  6.4670676365e-03
  1.4065748453e-01
  2.7056786418e-01
  -1.8499489129e-01
  -1.0112446733e-02
  -9.0981118381e-02
  -2.0125666261e-01
  -1.3495311141e-01
  -8.5634822026e-03
  3.4404179454e-01
  -2.6791477203e-01
  -2.6389473677e-01
  -3.5182288289e-01
  4.5923188329e-01
  -1.9589583576e-01
  -7.0464509726e-01
  -1.8582832813e-01
  -3.9660501480e-01
  -2.8529977798e-01
  4.2865034938e-01
  -1.6291803122e-01
  3.1344991922e-01
  -1.2054618448e-01
  2.0637124777e-01
  -2.8318449855e-01
  1.4532770216e-01
  -6.1177246273e-02
  -2.3046766222e-01
  4.1954170913e-02
  5.3381597996e-01
  -1.4889632165e-01
  9.6314605325e-03
  -2.3777168989e-01
  -3.3584392071e-01
  -4.1891384870e-02
  1.3619822264e-01
  1.9952039421e-01
  1.5895150602e-01
  2.6227155328e-01
  -9.2424429953e-02
  -1.4335992932e-01
  7.0100933313e-02
  -1.4182645082e-01
  -2.8715804219e-02
  1.2241180986e-02
  3.1365219504e-02
  2.0638917387e-01
  1.9999895990e-01
  -1.4746566117e-01
  -7.3240458965e-02
  1.7406322062e-01
  -2.6382107288e-02
  3.6970619112e-02
  -7.6466083527e-02
  -2.8573012352e-01
  2.7001154423e-01
  1.2341380119e-01
  -2.5612813234e-01
  1.4884215593e-01
  -3.2429598272e-02
  -2.8403618932e-01
  -3.0694162846e-01
  1.4364135265e-01
  3.6544073373e-02
  -9.4103135169e-02
  -4.1978192329e-01
  -3.3580708504e-01
  2.9204696417e-01
  -1.5649586916e-02
  -3.6661833525e-01
  -1.5662170947e-01
  8.7009660900e-02
  -7.0085145533e-02
  -3.6151906848e-01
  -1.7434321344e-01
  -4.0018546581e-01
  -7.0253774524e-02
  4.7360110283e-01
  -1.2259955704e-01
  -5.9935921431e-01
  2.5968756527e-02
  2.0938697457e-01
  -6.1464644969e-02
  6.1246462166e-02
  -1.3486403227e-01
  2.9718092084e-01
  6.7111410201e-02
  -3.9112502337e-01
  -1.0082741827e-01
  2.3377548158e-01
  -1.1990086734e-01
  -2.0636980236e-01
  -4.6718399972e-02
  -7.1779824793e-02
  7.6754733920e-02
  -1.3991546631e-01
  1.1233443767e-01
  3.7348847836e-02
  -1.3893012702e-01
  1.4142669737e-01
  7.1149028838e-02
  -1.4527016878e-01
  -1.2736044824e-01
  1.0123689175e+00
  2.2573979199e-01
  6.3900783658e-02
  -1.4836792648e-01
  1.8123118579e-01
  -7.5842626393e-02
  -2.2788026929e-01
  -9.9846847355e-02
  1.3227009773e-01
  -4.1748601943e-02
  -9.0591544285e-03
  7.6746389270e-02
  -7.4392440729e-03
  -1.2589314580e-01
  2.5616794825e-01
  1.5595559962e-02
  -6.9573760033e-02
  1.8650910258e-01
  7.9668164253e-02
  -3.2399356365e-02
  -5.7436306030e-02
  -5.6314915419e-02
  1.6857455671e-01
  4.7981627285e-02
  -1.0407628119e-01
  -4.0626141429e-01
  -2.7607405558e-02
  -2.7349901199e-01
  1.4686797559e-01
  1.8264356256e-01
  -6.0246247053e-01
  -2.1052400768e-01
  -1.4180421829e-02
  -1.3725183904e-01
  -1.1141265929e-01
  -2.3582507670e-01
  -2.2618639469e-01
  -1.6502931714e-01
  -7.2830311954e-02
  8.6877264082e-02
  -1.1473614722e-01
  1.2760961056e-01
  -3.2339781523e-02
  -1.4594346285e-01
  -1.3346545398e-01
  4.3146558106e-02
  1.9070759416e-01
  -2.1689635515e-01
  -1.2083356827e-01
  -1.6810651869e-02
  2.9503932223e-02
  -1.0583426803e-01
  -2.3343735933e-01
  -2.3829701543e-01
  5.6844848394e-01
  1.6236619651e-01
  -2.0278787613e-01
  -8.3461120725e-02
  6.7776687443e-02
  4.2637610435e-01
  -1.9884890318e-01
  -3.1533944607e-01
  -1.7686782777e-01
  1.2585057318e-01
  -2.4457257986e-01
  -8.2322835922e-02
  -1.3135057688e-01
  2.8278693557e-02
  4.2424220592e-03
  5.7455029339e-02
  -8.6195580661e-02
  -1.3413040340e-01
  -6.5129983425e-01
  -1.5151040256e-01
  -4.9088370055e-02
  4.4697951525e-02
  1.8468844891e-01
  1.9055591524e-01
  8.9072957635e-02
  2.4377852678e-01
  8.6187861860e-02
  2.1674178541e-01
  -2.6988676190e-01
  5.0020122528e-01
  -2.2024284303e-01
  1.7109584808e-01
  5.5873912573e-01
  2.5670433044e-01
  -1.9675473869e-01
  3.3490991592e-01
  -2.8484232724e-02
  8.4996661171e-03
  2.0278945565e-01
  2.1117044985e-01
  -1.6625179350e-01
  2.1326735616e-01
  -1.4599585533e-01
  -3.2495579123e-01
  6.5814785659e-02
  3.1874230504e-01
  -1.1012216657e-01
  9.3370020390e-02
  3.6896683276e-02
  -2.5937333703e-02
  -1.7226339877e-01
  1.8741856515e-01
  8.0417972058e-03
  -2.6260958984e-02
  1.0855180025e-01
  1.2490509450e-01
  1.3090378046e-01
  6.1066824943e-02
  -1.5571275353e-01
  -3.2640341669e-02
  1.2496806681e-02
  -1.4552165568e-01
  1.7672061920e-01
  -5.0980590284e-02
  5.1542676985e-02
  1.4384905994e-01
  3.0864758417e-02
  -4.0939696133e-02
  -3.9267644286e-02
  2.2879311442e-01
  -7.9878680408e-02
  -1.1755634099e-01
  -2.9411271214e-01
  2.7264136076e-01
  9.2265635729e-02
  -9.8514035344e-02
  -1.2213182449e-01
  8.0698043108e-02
  -2.9759722948e-01
  5.0173170865e-02
  -2.2555518150e-01
  1.0842043906e-01
  -1.3402141631e-01
  3.5830587149e-01
  -5.1966285706e-01
  5.5738169700e-02
  -3.3074754477e-01
  -1.9673216343e-01
  2.8210949898e-01
  1.6083638370e-01
  1.3996377587e-01
  -2.6166728139e-01
  1.6936609149e-01
  1.1831420660e-01
  -5.6202463806e-02
  -1.1578022689e-01
  4.1303284466e-02
  9.2591844499e-02
  1.2538479269e-01
  -1.6987538338e-01
  -1.2837624550e-01
  1.5040247142e-01
  -1.2341531366e-01
  7.4023686349e-02
  2.7637276053e-01
  -8.4442920983e-02
  1.1244904995e-01
  6.4259834588e-02
  -8.4355309606e-02
  -2.5981584191e-01
  2.1073456109e-01
  -1.9228434190e-02
  1.0010884702e-01
  6.1513084918e-02
  -9.3290694058e-02
  -5.1843866706e-02
  3.4909823537e-01
  2.0370347798e-01
  1.2275865301e-03
  3.1763321161e-01
  1.3854645193e-01
  -1.9451903179e-02
  -1.4804089069e-01
  -6.3699379563e-02
  -6.4670130610e-02
  -7.8112863004e-02
  -6.6893994808e-01
  4.0888957679e-02
  2.0860947669e-01
  1.8452769518e-01
  -8.9188404381e-02
  4.3836206198e-02
  -4.3293154240e-01
  2.3713070154e-01
  -2.8667545319e-01
  1.5210261941e-01
  -2.7781799436e-01
  2.1894828975e-01
  -2.4664871395e-01
  6.9634884596e-02
  8.2825332880e-02
  -4.7618608922e-02
  -1.6571867466e-01
  2.4494552612e-01
  -3.6704823375e-01
  2.4187238514e-01
  2.5732108951e-01
  6.7514047027e-02
  5.1374219358e-02
  -9.0330682695e-02
  -2.8718715906e-01
  -3.2224407792e-01
  2.0291176438e-01
  3.1025221944e-01
  1.3413824141e-01
  7.9887650907e-02
  -1.4285260439e-01
  6.3719816506e-02
  1.0174294561e-01
  -2.2266246378e-02
  -1.8314759433e-01
  6.9879539311e-02
  -1.7219637334e-01
  -4.9522273242e-02
  1.3210955262e-01
  -2.0634818077e-01
  -4.1447342373e-03
  1.1295232922e-02
  2.0603574812e-01
  -2.8612801433e-01
  1.0851935297e-01
  -9.2988260090e-02
  -5.1590707153e-02
  2.1950270236e-01
  1.8054645509e-02
  -1.2577040493e-01
  -1.7681311816e-02
  2.5818628073e-01
  6.1702739447e-02
  4.0106579661e-01
  -9.6645462513e-01
  3.8469606638e-01
  6.4037424326e-01
  1.1923202127e-01
  -3.4392476082e-02
  -2.6301810518e-02
  -7.4916756712e-03
  1.4394845068e-01
  -2.3008739576e-02
  2.7573087811e-01
  -2.7624487877e-01
  1.9216427580e-02
  -1.8403340876e-01
  -3.1167122722e-01
  1.2879724801e-01
  -2.3718066514e-01
  -1.1964532733e-01
  -1.3374015689e-01
  1.0460112244e-02
  5.8447040617e-02
  -2.9968109727e-01
  -2.9409846663e-01
  -2.2967419028e-01
  1.3544872403e-01
  -4.5625407249e-02
  8.2068771124e-02
  9.8920948803e-02
  6.5308469534e-01
  4.1100326180e-01
  -4.4850215316e-02
  -4.2756937444e-02
  -3.8787338138e-01
  -1.0231163353e-01
  -1.9292695448e-02
  4.0194105357e-02
  -5.0664621592e-01
  2.3328128457e-01
  -9.2708930373e-02
  3.4887339920e-02
  -3.1726390123e-01
  -3.5912156105e-02
  -1.8858609721e-02
  1.2431175448e-02
  -1.5208064020e-01
  -7.6542669535e-01
  1.4799010754e-01
  7.4714057148e-02
  5.7582879066e-01
  -2.0604786277e-01
  2.0210796595e-01
  -2.8478983045e-01
  2.7330276370e-01
  2.2647930309e-02
  4.6373575926e-02
  -2.8167161345e-01
  5.4449934512e-02
  3.7579777837e-01
  -4.0233630687e-02
  3.7218555808e-01
  3.1757348776e-01
  -2.2107626498e-01
  1.5345591307e-01
  -3.5805273056e-01
  9.3478403986e-02
  -2.5867944956e-01
  1.1928759515e-01
  -3.9901322126e-01
  -6.1612844467e-02
  -2.4963317439e-02
  6.2594845891e-02
  -3.6523202062e-01
  3.5688942671e-01
  -2.6454138756e-01
  1.8544597924e-01
  1.3827902079e-01
  2.0967280865e-01
  -4.5277491212e-02
  3.6121264100e-02
  -3.0732348561e-01
  -3.4365743399e-01
  6.3312515616e-02
  5.3952217102e-02
  8.3502002060e-02
  6.4831204712e-02
  -1.5779948235e-01
  -5.1889598370e-02
  -1.4259199612e-02
  -2.2889184952e-01
  -1.9991436601e-01
  1.2359473109e-01
  -1.2834810186e-03
  -4.4356625527e-02
  1.4847427607e-01
  1.2124351412e-01
  -6.5327085555e-02
  -5.2716247737e-02
  -3.7553995848e-02
  -3.1379371881e-01
  2.9399779439e-01
  -4.1295725852e-02
  2.0849322900e-03
  4.2876413465e-01
  1.6362954676e-01
  -1.3513164222e-01
  2.0389449783e-03
  2.7951785922e-01
  3.0317848921e-01
  4.4824758172e-01
  -4.0936431289e-01
  1.6096428037e-01
  5.5032169819e-01
  1.5408731997e-01
  1.7085841298e-01
  3.5986796021e-02
  -2.3247031868e-01
  2.4868528545e-01
  -1.6283489764e-01
  1.3443449512e-02
  -3.8311824203e-01
  2.1453467011e-01
  -4.1765993834e-01
  1.9319885969e-01
  1.3484115899e-01
  4.8355009407e-02
  -3.1830251217e-01
  2.9610902071e-01
  -2.1840555966e-01
  1.8264165521e-01
  3.6121392250e-01
  1.0541741550e-01
  7.4990130961e-02
  -8.0533040455e-04
  -1.2799707055e-01
  -3.4296274185e-01
  1.4282271266e-01
  3.0182209611e-01
  -1.4108872414e-01
  -1.5463510528e-02
  5.2504572086e-03
  -4.4468924403e-02
  -1.1617299169e-01
  -4.9653660506e-02
  -9.0014249086e-02
  2.6756227016e-01
  -1.8830248713e-01
  -1.5540529974e-02
  1.3103540242e-01
  -4.0853552520e-02
  1.9927235320e-02
  3.6925625056e-02
  -2.8463471681e-02
  -1.9172984362e-01
  9.9894970655e-02
  4.1819997132e-02
  2.6442535222e-02
  2.3975205421e-01
  -6.5548412502e-02
  -6.1297420412e-02
  5.1068179309e-02
  -2.7468975168e-03
  2.0987658203e-01
  3.4402871132e-01
  -3.2276898623e-01
  3.6405973136e-02
  4.7718811035e-01
  -1.9981414080e-02
  -6.7305557430e-02
  3.4135855734e-02
  2.2820390761e-01
  -2.5647300482e-01
  -1.8792323768e-01
  -7.9135812819e-02
  -1.8038537353e-02
  2.0738977194e-01
  1.0820580646e-02
  -1.2989436090e-01
  8.0466195941e-02
  2.0133076608e-01
  -3.2746803761e-01
  -1.7742908001e-01
  -4.3090023100e-02
  -3.0764397979e-01
  -3.2894763350e-01
  -1.4551801607e-02
  2.5420692563e-01
  2.8146484494e-01
  4.4937747717e-01
  4.6399137378e-01
  2.4220620096e-01
  -1.4229950309e-01
  -1.2506799400e-01
  -2.3990817368e-01
  1.3524937630e-01
  -5.5761169642e-04
  5.9970278293e-02
  1.0591212660e-01
  -3.6749392748e-01
  4.7593966126e-01
  3.2616859674e-01
  2.1444527805e-01
  -1.6180813313e-01
  1.3217973709e-01
  2.0389363170e-01
  8.0205854028e-03
  2.9026237130e-01
  2.4536058307e-02
  5.1151156425e-01
  8.5172496736e-02
  9.9960207939e-02
  -3.5743665695e-01
  9.4581551850e-02
  -2.0712970197e-01
  5.8897468261e-03
  7.7000409365e-02
  -4.0161687136e-01
  3.3307132125e-01
  -9.4942909479e-01
  -1.1811621487e-01
  -1.3056339696e-02
  2.5534972548e-01
  2.2759371996e-01
  2.2986237705e-01
  -2.1293368936e-01
  1.2765871361e-02
  -2.0283944905e-01
  -3.5015966743e-02
  -2.2117689252e-01
  7.4634738266e-02
  -1.5826551616e-01
  1.6563940793e-02
  1.9017858803e-01
  -8.9520020410e-03
  -2.1439117193e-01
  3.0374023318e-01
  -2.4076205492e-01
  8.1865146756e-02
  4.7144553065e-01
  2.6599420235e-02
  -1.9649991393e-01
  -2.4095647968e-03
  -4.4771865010e-02
  -3.1259208918e-01
  1.3071503490e-02
  6.7251384258e-02
  1.0819281638e-01
  -2.3112027347e-01
  7.0987135172e-02
  -3.9422623813e-03
  -1.2915620580e-02
  -1.6060954332e-01
  -8.5223801434e-03
  -1.5528139658e-02
  -4.7985661775e-02
  7.6313398778e-02
  -1.4223454520e-02
  -6.5000355244e-02
  -5.6909125298e-02
  6.3276343048e-02
  -1.3327847421e-01
  5.3052719682e-02
  -1.8277911469e-02
  -6.3342154026e-02
  -5.5066768080e-02
  6.3343293965e-02
  -1.2353426218e-01
  -1.0528889298e-01
  -1.2935572863e-01
  1.3511587679e-01
  3.0425511301e-02
  2.8530544043e-01
  3.0628062785e-02
  -2.5330953300e-02
  4.6394306421e-01
  2.6140207052e-01
  -1.9300372899e-01
  -3.3873763680e-01
  1.8490037322e-01
  -2.1807339787e-01
  2.1153871715e-01
  -1.6659669578e-01
  4.1909229755e-01
  -2.9599556327e-01
  2.9009410739e-01
  -1.4238688350e-01
  -5.1778900623e-01
  -3.4898493439e-02
  2.8487020731e-01
  -2.9825720191e-01
  1.4775505662e-01
  1.4021719992e-01
  -2.6458337903e-01
  4.3814450502e-02
  -1.2738917768e-01
  2.9364353046e-02
  2.0408032462e-02
  4.1560789943e-01
  3.6350980401e-02
  -3.2479906082e-01
  2.5268966332e-02
  -1.0069459677e-01
  1.9693784416e-03
  1.8453048542e-02
  -8.4775537252e-02
  1.8956765532e-01
  1.1986514181e-01
  -4.2612738907e-02
  -1.2475037575e-01
  -1.3810926676e-01
  -1.1615822464e-01
  4.6109192073e-02
  8.4865599871e-02
  -3.0556729436e-01
  2.0241333544e-01
  3.3551484346e-01
  -2.1044275165e-01
  -1.3437687419e-02
  2.6552729309e-02
  -3.1257691979e-01
  -8.3410732448e-02
  4.4363696128e-02
  1.2674409151e-01
  1.7093257606e-01
  -1.2522868812e-01
  -1.6905993223e-01
  5.1422178745e-01
  -1.5346729755e-01
  -5.3893256187e-01
  -5.5990923196e-02
  -1.3662520051e-01
  -1.6843700409e-01
  4.3175488710e-01
  -2.4601349235e-01
  2.6700809598e-01
  -2.3729570210e-01
  2.3249858618e-01
  -2.7546957135e-01
  3.0284190178e-01
  -1.4513449371e-01
  1.0391043872e-01
  2.7567688376e-03
  4.5682463050e-01
  -4.0689283609e-01
  2.1936160326e-01
  -7.0402878337e-03
  -4.4339522719e-01
  6.4558170736e-02
  6.7076638341e-02
  1.7638653517e-01
  5.4045461118e-02
  3.3203172684e-01
  -1.1629424989e-01
  -1.0117135197e-01
  -1.7588038743e-01
  -2.0722404122e-01
  -1.8362171948e-01
  2.4712570012e-01
  -4.2215675116e-02
  1.7703042924e-01
  1.4221560955e-01
  -1.2815646827e-01
  2.0895199850e-02
  4.9735594541e-02
  -3.1917789578e-01
  5.2779330872e-03
  -9.6749939024e-02
  8.8818296790e-02
  2.1933685243e-01
  3.5085675120e-01
  -2.3198457062e-01
  1.7025415599e-01
  1.8114393242e-05
  -2.1469235420e-01
  5.0442673266e-02
  -3.7224029656e-03
  -1.8232682347e-01
  -1.0236240923e-02
  -7.1275889874e-02
  -2.0849891007e-01
  1.7468978465e-01
  1.4162951708e-01
  -4.6652638912e-01
  2.0969461184e-03
  1.4244146645e-01
  2.0277993381e-01
  1.6228738427e-01
  -9.9241420627e-02
  -1.6621275246e-01
  -2.8807619214e-01
  -2.6932555437e-01
  -5.1331073046e-02
  4.7657084465e-01
  3.3339089155e-01
  -3.3545795083e-01
  -2.3289592564e-01
  1.2298193574e-01
  1.9753821194e-01
  1.1435417086e-01
  -9.7874570638e-03
  2.6130539179e-01
  2.0033872128e-01
  -1.2500666082e-01
  -1.7161840200e-01
  1.1054975539e-01
  -9.5209509134e-02
  1.3963328302e-01
  -9.9317140877e-02
  -5.8584075421e-02
  4.5780409127e-02
  1.7579638958e-01
  -2.4266667664e-02
  -5.1748490334e-01
  2.4741156027e-02
  -4.8351343721e-03
  1.5616971254e-01
  -2.3649810255e-01
  -2.8729122877e-01
  5.8940116316e-02
  1.7255945504e-01
  9.9007658660e-02
  -3.4851524234e-01
  1.7371825874e-01
  -1.0291618854e-01
  1.8031065166e-01
  3.9260867983e-02
  -2.6905965805e-01
  1.4553041756e-01
  9.0668983757e-02
  1.2818112969e-01
  -1.4524151385e-01
  6.8983085454e-02
  -1.4187052846e-01
  1.7744345963e-01
  6.8066298962e-01
  -2.8357040137e-02
  1.4737302065e-01
  8.9467903599e-03
  1.1513176560e-01
  2.2594054043e-01
  -1.5428110957e-01
  -3.4368321300e-01
  2.9115771875e-02
  -1.9751067460e-01
  1.1294084042e-01
  -1.5442903340e-01
  1.9633981586e-01
  -1.0984922945e-01
  1.2589531951e-02
  2.3312003911e-01
  1.0012318194e-01
  -1.7606596649e-01
  -8.2645207644e-02
  1.5894190967e-01
  -1.3793711364e-01
  -1.7114651203e-01
  1.7539988458e-01
  -2.3493292928e-01
  1.1056964844e-01
  -3.2179381698e-02
  -8.3273248747e-03
  -1.3984557986e-01
  5.0577130169e-02
  -1.4134502411e-01
  -1.1217630655e-01
  -7.4828490615e-02
  1.7571005970e-02
  4.2881686240e-02
  -4.0762647986e-02
  -2.9178875685e-01
  -2.4928052723e-01
  6.2867477536e-02
  -2.3711724579e-01
  -1.9141006470e-01
  7.0450536907e-02
  7.7381566167e-02
  -1.6676834226e-01
  1.1936016381e-01
  -1.7642587423e-01
  -5.4009694606e-02
  -1.0970760882e-01
  2.8872931004e-01
  -2.4803985655e-01
  1.5369036794e-01
  5.3722793236e-03
  -1.0092279315e-01
  1.0462816805e-01
  2.4091640115e-01
  -7.7233307064e-02
  1.9916342199e-01
  1.2897168100e-01
  -1.1458928883e-01
  2.2451363504e-01
  2.6998332143e-01
  -4.9526023865e-01
  6.6386058927e-02
  -4.4563230872e-01
  7.5140036643e-02
  -1.6188442707e-01
  2.1702557802e-01
  -2.5613960624e-01
  1.3988937438e-01
  -6.5775029361e-02
  -2.1512584388e-01
  -2.0299048722e-01
  3.2124042511e-01
  -6.1241745949e-02
  1.1908739805e-01
  3.2782885432e-01
  6.5981701016e-02
  -2.6091316715e-02
  -1.9809165597e-01
  -9.0448178351e-02
  -2.6272687316e-01
  3.3940032125e-01
  1.6907200217e-01
  -5.0772797316e-02
  3.4814700484e-03
  1.3300228119e-01
  -1.1455937475e-01
  8.1177540123e-02
  -2.0010195673e-02
  -1.8256826699e-01
  7.9619452357e-02
  -3.0467109755e-02
  9.6039943397e-02
  -8.3027426153e-03
  -1.3719989918e-02
  -5.7596500963e-02
  1.4347803593e-01
  -1.1180415004e-01
  -3.0552572012e-01
  6.3782542944e-02
  2.0338961855e-02
  4.8441130668e-02
  4.1387334466e-01
  4.0496800095e-02
  -8.2212463021e-02
  -4.8877261579e-02
  1.0751865804e-01
  3.6312621832e-01
  3.8471487164e-01
  -3.6741733551e-01
  6.2960512936e-02
  5.5728638172e-01
  1.2071946549e-04
  1.8548622727e-01
  -1.1875066906e-02
  -1.0212948173e-01
  -1.4747542143e-01
  -1.8695816398e-01
  -1.1664706469e-01
  -2.6255494356e-01
  1.4762480557e-01
  -8.3092160523e-02
  2.5669249892e-01
  -9.6454823017e-01
  -4.1960548609e-02
  -5.4997626692e-02
  1.8983019516e-02
  -2.1218505502e-01
  -3.7395229936e-01
  2.7592217922e-01
  -9.9843051285e-03
  1.1516629905e-01
  -2.9510390759e-01
  -9.5137454569e-02
  1.7152085900e-01
  1.6397349536e-01
  1.7921493948e-01
  -4.6130325645e-02
  1.9683872163e-01
  1.0956430435e-01
  1.2841777503e-01
  -2.3029495031e-02
  1.7022082582e-02
  4.1290581226e-02
  2.9299801216e-02
  1.4793902636e-01
  -2.7026000619e-01
  -7.6907604933e-02
  1.1214595288e-01
  -7.1810767055e-02
  2.3421846330e-02
  -7.9529618233e-06
  -7.1588255465e-02
  1.0145486891e-01
  -9.4617515802e-02
  2.4473796785e-01
  2.2636376321e-01
  5.6340068579e-02
  1.4083975554e-01
  -3.0178102851e-01
  -2.7697822079e-03
  2.9557541013e-02
  3.7743214518e-02
  3.0101194978e-01
  -7.6380066574e-02
  4.8520192504e-01
  6.0647424310e-02
  3.2146814466e-01
  2.6777803898e-01
  -1.0265641846e-02
  1.6716739535e-01
  -1.0641448200e-01
  6.4064443111e-02
  -4.3253445625e-01
  3.9102217555e-01
  -1.0830426216e-01
  4.1250336915e-02
  3.9986377954e-01
  -1.4943316579e-01
  2.7813661844e-02
  3.5557743907e-01
  2.1794155240e-01
  -6.1087429523e-02
  3.5760939121e-01
  1.5735191107e-01
  -1.2522193789e-01
  2.0616275072e-01
  -2.3183435202e-02
  -3.2522907853e-01
  -4.5177821070e-02
  4.0085601807e-01
  -3.4624010324e-02
  9.0022394434e-03
  -3.3645384014e-02
  -1.8261416256e-01
  9.3963675201e-02
  -4.6021722257e-02
  -1.0126544535e-01
  1.1382067204e-01
  1.3668113947e-01
  -1.3246694580e-02
  3.4175936133e-02
  2.0628523827e-01
  1.1236757040e-01
  -2.8034833074e-01
  -1.3486093283e-01
  -2.9802137613e-01
  2.7440154552e-01
  3.8181659766e-03
  -3.6113370210e-02
  3.1925106049e-01
  2.4313326925e-02
  8.9342415333e-02
  1.0390875489e-01
  -1.1256189644e-01
  1.7372818291e-01
  1.8091355264e-01
  2.1647299826e-01
  -4.1793510318e-02
  4.6302986145e-01
  -4.3913573027e-03
  1.5539856255e-01
  -4.0589851141e-01
  -7.2417087853e-02
  7.8810781240e-02
  2.4290050566e-01
  -2.5717735291e-01
  2.6751250029e-01
  -2.7619707584e-01
  -3.8573831320e-01
  -3.8688838482e-01
  -5.9590127319e-02
  -7.1004018188e-02
  3.2443299890e-02
  -2.4874909222e-01
  6.7463986576e-02
  -3.5040751100e-01
  -2.9100310802e-01
  -3.7964537740e-02
  -8.6425896734e-03
  -7.8146912158e-02
  -3.4071770310e-01
  4.3421428651e-02
  -2.4251943827e-01
  -4.0607309341e-01
  3.6211848259e-01
  -1.8315406144e-01
  -2.1652336419e-01
  1.2039779127e-01
  2.6614859700e-01
  -1.7357152700e-01
  1.2071159482e-01
  3.8245290518e-02
  2.5076237321e-01
  2.3118025064e-01
  -3.8168150932e-02
  -1.3658142090e-01
  7.2180844843e-02
  -1.9474230707e-01
  -9.8569311202e-02
  -3.0590469018e-02
  -9.1021753848e-02
  -7.0488117635e-02
  1.6840988398e-01
  -2.8592047095e-01
  -5.9856604785e-02
  1.1628374457e-01
  1.0009412467e-01
  1.5835449100e-01
  -1.1083231866e-01
  1.2464900315e-01
  2.9240676761e-01
  -5.7014234364e-02
  -1.8517297506e-01
  -4.7956896015e-03
  5.9154868126e-01
  -4.0652492642e-01
  -2.6284840703e-01
  3.1413245201e-01
  -1.6596375406e-01
  1.1151356250e-01
  1.5348815918e-01
  -4.4836685061e-01
  -7.5128918886e-01
  -3.1494349241e-01
  -8.9118641615e-01
  7.8818720579e-01
  -1.7508082092e-01
  2.5196718052e-02
  -1.7486216128e-01
  -3.5901656747e-01
  2.1425406635e-01
  -1.4888058603e-01
  -2.2965006530e-01
  9.7047900781e-03
  -5.8589730412e-02
  -2.4646607041e-01
  -2.0445334911e-01
  -1.2406799197e-01
  -4.1979014874e-01
  1.5244670212e-01
  4.3379746377e-02
  -5.1825213432e-01
  -1.7743411660e-01
  -7.3895868845e-03
  -4.3645343184e-01
  -6.5779320896e-02
  3.4255567193e-01
  -2.8139981627e-01
  4.9414184690e-01
  -2.5779974461e-01
  1.6706202924e-01
  -1.3294585049e-02
  -5.7122409344e-01
  -4.5745262504e-01
  -9.0019917488e-01
  -5.3907877207e-01
  3.8959833980e-01
  2.8095257282e-01
  -1.8347430229e-01
  1.3165426254e-01
  -3.4829142690e-01
  -2.4346921127e-03
  -4.6036701649e-02
  -3.7299361825e-01
  -1.0336747169e+00
  5.8278124779e-02
  -1.2840196490e-02
  -1.8731538951e-01
  3.9869138598e-01
  4.5418378711e-01
  -4.1696858406e-01
  3.6571276188e-01
  -3.9653804898e-01
  1.6108278930e-01
  -3.0027902126e-01
  4.3339288235e-01
  -4.1378426552e-01
  1.7895969748e-01
  -1.6307818890e-01
  -2.3531286418e-01
  -1.4952868223e-01
  3.6683779955e-01
  -3.7005153298e-01
  -2.3541728035e-02
  2.6635998487e-01
  1.7364808917e-01
  9.1186180711e-02
  -7.5576431118e-03
  -3.2105829567e-02
  -2.5592580438e-01
  1.1729813367e-01
  -1.7018562555e-01
  -7.9152382910e-02
  4.5033180714e-01
  6.2866590917e-02
  1.0138641298e-01
  -4.1319453716e-01
  -1.1604238302e-01
  -1.1892118305e-01
  2.2603301704e-01
  -4.7486167401e-02
  -1.9385315478e-02
  1.1243200302e-01
  2.0326174796e-01
  -4.5231249183e-02
  -1.9622118771e-01
  -1.2519033253e-01
  -2.4325606227e-01
  3.7215995789e-01
  9.5526807010e-02
  -3.6702868342e-01
  2.9528110754e-03
  1.4493097365e-01
  -1.2306784838e-01
  3.0508812517e-02
  -4.5703658834e-03
  -1.1007484049e-01
  2.2301208973e-01
  -6.2718614936e-02
  1.0434331745e-01
  1.1227656156e-01
  3.1704619527e-02
  -1.0163282976e-02
  1.6382578015e-01
  3.4934061766e-01
  2.0706450939e-01
  3.5708835721e-01
  -1.9061435759e-01
  1.5585609712e-02
  -6.7662280053e-03
  2.1375218034e-01
  5.5036604404e-02
  6.6553872824e-01
  7.1431197226e-02
  -3.4801280499e-01
  -1.4167848229e-01
  -6.8073473871e-02
  -1.3448716700e-01
  -1.0609529912e-01
  -1.1682945490e-01
  -1.9876115024e-01
  3.4207645059e-01
  -2.4063931778e-02
  -5.1830995828e-02
  -8.6883671582e-02
  5.7758408785e-01
  -1.8805351853e-01
  -2.4112156034e-01
  -2.0212152600e-01
  3.1332328916e-02
  -1.0452087224e-01
  7.6180793345e-02
  -1.8273730576e-01
  -7.6028488576e-02
  2.6070502400e-01
  6.9762386382e-02
  -1.3477949798e-01
  -1.0467961431e-01
  -5.8221790940e-02
  -1.7366614938e-01
  7.9671546817e-02
  -5.6149818003e-02
  6.2516340986e-03
  9.5738947392e-02
  7.3893949389e-02
  -1.4837402105e-01
  -2.3135095835e-01
  -4.4217009097e-02
  -2.5467556715e-01
  -2.1051105857e-01
  6.5003089607e-02
  -6.1568308622e-02
  -2.6258927584e-01
  1.9382193685e-01
  -3.3677300811e-01
  -1.6561929882e-01
  1.3103844225e-01
  3.2523608208e-01
  1.0399342328e-01
  3.9451199770e-01
  7.8424394131e-02
  6.0575935990e-02
  -3.2740842551e-02
  4.6994712949e-01
  -4.3242070079e-01
  6.7612305284e-02
  -2.1281324327e-01
  -1.3697369397e-01
  -1.1525127292e-01
  2.7113819122e-01
  -4.3555653095e-01
  -4.5271375775e-01
  2.8714150190e-01
  -9.9862098694e-02
  5.4171331227e-02
  2.3887772858e-01
  -5.0505483150e-01
  -7.5262606144e-02
  5.7880923152e-02
  9.3456703424e-01
  -3.5386029631e-02
  1.4318506420e-01
  1.0056120902e-01
  -1.5984354541e-02
  -5.2956320345e-02
  -2.1764267981e-01
  -1.4314819872e-01
  -4.9088850617e-02
  -7.6145875454e-01
  -5.4755739868e-02
  5.7878166437e-02
  4.5152578503e-02
  -1.6246578097e-01
  4.0714800358e-02
  8.1483259797e-02
  2.2724812850e-02
  2.9106077552e-01
  -9.0300247073e-02
  -1.9990015030e-01
  5.8734308928e-02
  4.1506905109e-02
  3.4434375167e-01
  -1.7440183461e-01
  -3.2418414950e-02
  3.7929199636e-02
  8.5492298007e-02
  -5.2973306179e-01
  -1.5577508509e-01
  1.4365072548e-01
  7.4499614537e-02
  6.6088086367e-01
  -1.7750924826e-01
  -4.7051051259e-01
  3.3455955982e-01
  -4.5302379131e-01
  1.4382215738e+00
  -3.0462154746e-01
  4.5607569814e-01
  4.8048859835e-01
  -2.4990864098e-01
  1.3115485907e+00
  3.6884778738e-01
  -1.0115756840e-01
  -1.3978762925e-01
  -2.8689077497e-01
  7.8591984510e-01
  1.5847907066e+00
  1.6407795250e-01
  8.2376271486e-02
  2.1508142352e-01
  -5.0169253349e-01
  -7.0039826632e-01
  -9.7389030457e-01
  2.2179943323e-01
  3.2458230853e-01
  8.0339753628e-01
  -2.0412378013e-01
  -7.7384722233e-01
  -3.1087642908e-01
  -2.0886293054e-01
  -5.5511284620e-02
  1.2891000509e-01
  2.1559964120e-01
  -1.2225612998e-01
  8.4196031094e-01
  -7.1920490265e-01
  6.2696658075e-02
  -5.3328365088e-01
  4.6054789424e-01
  -5.0245398283e-01
  -5.9800803661e-01
  6.1705738306e-02
  2.4511724710e-02
  1.0279095173e+00
  -8.8570088148e-02
  -1.8517658114e-02
  3.8447713852e-01
  1.5393070877e-02
  3.7207114697e-01
  -1.6475024223e+00
  -1.4898359776e-01
  -2.7922639251e-01
  -1.2149759531e+00
  -3.3137294650e-01
  -2.0095705986e-01
  -3.2815459371e-01
  1.0174719989e-01
  -1.3263560832e-01
  5.9601746034e-04
  -1.4491055906e-01
  1.2396759540e-01
  -3.1134125590e-01
  5.9025669098e-01
  -2.3887744546e-01
  -8.1427162886e-01
  -3.2520326972e-01
  6.8339002132e-01
  -1.7405398190e-01
  -2.9848802835e-02
  2.0859074593e-01
  -3.0179005861e-01
  -9.7888372838e-02
  2.1306446195e-01
  -4.4334644079e-01
  2.1534918249e-01
  1.6978763044e-01
  -1.5021120012e-01
  -8.7318789959e-01
  -1.7947736382e-01
  -3.3536982536e-01
  -1.7283527553e-01
  -7.4983656406e-02
  9.0039141476e-02
  3.1450542808e-01
  4.0457330644e-02
  -8.2762155216e-04
  -1.6142635047e-01
  -5.4353910685e-01
  -2.2510608658e-02
  -3.8778090477e-01
  8.2257650793e-02
  -6.8533085287e-02
  3.2507736236e-02
  -2.3640756309e-01
  -1.8501739204e-01
  -4.8701189458e-02
  2.7493986487e-01
  -3.2643494010e-01
  -3.8360495120e-02
  2.1299554408e-01
  2.5493571162e-01
  1.2714236975e-01
  -1.9723086059e-01
  -2.2938999534e-01
  -4.2670881748e-01
  -3.6452628672e-02
  -5.2672922611e-01
  -2.4145102501e-01
  1.2756778859e-02
  -3.3186313510e-01
  -1.4596970379e-01
  -2.3815697432e-01
  3.1975649297e-02
  -2.2840073705e-01
  4.9817988276e-01
  -1.0670582205e-01
  5.3887333721e-02
  1.5835447609e-01
  -3.8288113475e-01
  -2.2621877491e-01
  4.2631275952e-02
  -2.4029102921e-01
  -1.9257073104e-01
  8.6020761728e-01
  -2.4065911770e-01
  -3.5080158710e-01
  1.4949236810e-01
  -2.7017489076e-01
  2.4904793128e-02
  1.7303860188e-01
  -1.2498982251e-01
  2.1600295603e-01
  -1.3257458806e-01
  -2.5529572368e-01
  -1.3157637417e-01
  -2.0788611472e-01
  5.8733113110e-02
  1.5143798292e-01
  2.8625899926e-02
  -8.7446495891e-02
  -3.1021412462e-02
  -1.8330956995e-01
  1.3616471551e-02
  -3.9940744638e-01
  -6.6110678017e-02
  -1.5568514168e-01
  1.8817822635e-01
  -1.5017662942e-01
  -3.5914655775e-02
  5.4588004947e-02
  1.2098436803e-01
  2.4011319876e-01
  -2.4260364473e-01
  -1.4683130383e-01
  2.2068107128e-01
  1.8607601523e-01
  8.1870727241e-02
  1.8104061484e-01
  -9.0686768293e-02
  5.2576746792e-02
  1.8086533248e-01
  3.2700039446e-02
  4.1550517082e-02
  -1.3552359305e-02
  -8.3008289337e-02
  8.8235870004e-02
  -1.7284205556e-01
  2.4258096516e-01
  -2.3995862901e-01
  1.5077108517e-02
  -9.9761344492e-02
  4.7512903810e-02
  -1.8700224161e-01
  -7.0034876466e-02
  9.6754685044e-02
  1.9698804617e-01
  1.9052672386e-01
  1.2348900735e-01
  6.2150724232e-02
  1.7248906195e-01
  -3.8882683963e-02
  -3.5819329321e-02
  1.2947820127e-02
  4.3092854321e-02
  2.9049065709e-01
  1.2022527307e-01
  -2.0926737785e-01
  1.6424095631e-01
  1.6758175194e-01
  4.6752940863e-02
  -1.2365443259e-01
  1.1445839703e-01
  4.9042124301e-02
  2.0011840761e-01
  1.4914818108e-01
  -6.4288698137e-02
  8.2076758146e-02
  2.0499360561e-01
  5.8551333845e-02
  8.0810762942e-02
  1.5414556488e-02
  -7.2871811688e-02
  -1.2033040076e-01
  3.9127558470e-01
  1.1882968247e-01
  -7.0094905794e-02
  2.2631216049e-01
  -2.3784324527e-01
  -1.7975184321e-01
  -3.9006171282e-03
  -3.2902233303e-02
  -3.0241006613e-01
  4.7916620970e-01
  1.4318731613e-02
  2.9903421178e-02
  2.5487599894e-02
  -2.8583836555e-01
  -2.9912433028e-01
  -3.0234989524e-01
  1.1445700377e-01
  -1.7049387097e-01
  1.8051950634e-01
  2.8386893868e-01
  1.6653995961e-02
  -1.1210608482e+00
  -2.1776666865e-02
  2.3100630939e-01
  -1.7940916121e-02
  -2.0565561950e-01
  -1.7559349537e-02
  -5.3394403309e-02
  2.8820529580e-01
  3.8157407194e-02
  -2.4955597520e-01
  -1.2483003736e-01
  1.7841772735e-01
  6.6301651299e-02
  4.9465719610e-02
  1.8055273592e-01
  4.9190053344e-01
  -2.2348071635e-01
  -1.9117960334e-01
  -1.6466514766e-01
  -2.7195230126e-02
  -2.2294136882e-01
  4.0691316128e-02
  1.9545164704e-01
  -6.1645124108e-02
  -1.4822997153e-01
  3.5963034630e-01
  -1.2809841335e-01
  -3.4426391125e-01
  3.3270826936e-01
  2.6813384891e-01
  2.8513506986e-03
  1.2725296617e-01
  4.0679436922e-01
  3.4105533361e-01
  9.6565701067e-02
  5.6450664997e-01
  -9.2293091118e-02
  2.9031628370e-01
  -5.5657465011e-02
  3.6812838167e-02
  -2.9097592458e-02
  2.3313482106e-01
  -9.7360439599e-02
  1.0742954910e-01
  2.6730626822e-01
  -9.8998591304e-02
  -1.7379009724e-01
  -3.1816887856e-01
  4.3856810778e-02
  -1.7580138147e-01
  4.5552909374e-01
  -2.8273046017e-01
  2.2805507481e-01
  -1.7057301104e-01
  2.4396114051e-01
  -5.0928000361e-02
  -2.0548957586e-01
  7.0214748383e-02
  3.4111338854e-01
  -3.2124972343e-01
  3.9834180474e-01
  -1.8126381934e-01
  -4.2616564035e-01
  1.8414531648e-01
  1.2949672341e-01
  -2.0791573822e-01
  2.3186130822e-01
  2.6710262895e-01
  -2.3185496032e-01
  -3.1167572737e-01
  -1.2801274657e-01
  -1.7509733140e-01
  2.9344117269e-02
  2.6515920181e-03
  6.7271061242e-02
  1.4584349096e-01
  3.9020818472e-01
  -3.2281406224e-02
  -1.7340742052e-01
  1.8296679854e-01
  -8.9154966176e-02
  -9.4861745834e-02
  7.2955317795e-02
  -7.0913031697e-02
  1.7488349974e-01
  1.6155667603e-01
  -1.1021445692e-01
  1.5531589091e-01
  -7.4188455939e-02
  -3.4252026677e-01
  -4.1980631649e-02
  1.4813420130e-03
  4.1387300007e-03
  -2.1754457057e-01
  -3.7815797329e-01
  -4.1775950789e-01
  3.9211037755e-01
  -1.4225682616e-01
  -5.7694584131e-01
  -7.3286488652e-02
  -1.9724844396e-01
  -4.1015312076e-01
  1.1571924388e-01
  -2.1227677166e-01
  2.8349193931e-01
  -2.3245853186e-01
  2.6985347271e-01
  -1.0195910186e-01
  1.5113070607e-01
  -6.2929496169e-02
  7.1453310549e-02
  1.5800870955e-01
  3.7439134717e-01
  -2.2131714225e-01
  2.0970702171e-02
  9.6189312637e-02
  -6.4398831129e-01
  -1.2698680162e-01
  -2.4100003764e-02
  4.6557923779e-03
  2.0503264666e-01
  2.7329450846e-01
  -4.0120560676e-02
  -1.0000680387e-01
  -5.9448760003e-03
  1.0767719150e-01
  -1.2096066028e-01
  2.3255418986e-02
  -3.7780858576e-02
  3.0090239644e-01
  3.1983011961e-01
  -1.7156456411e-01
  1.2206240743e-01
  1.0520148277e-01
  -6.0500174761e-02
  1.1201467365e-01
  -8.1932216883e-02
  1.9663642347e-01
  9.5371837961e-04
  3.6769390106e-01
  -6.1817836016e-02
  1.3385638595e-01
  5.3702354431e-02
  -2.4258658290e-01
  -1.8442933215e-03
  2.1397713572e-03
  -1.2881746888e-01
  6.2965475023e-02
  -4.0168827772e-01
  -2.1414963901e-01
  4.1653370857e-01
  -3.2717105001e-02
  -3.9145037532e-01
  -2.2894784808e-01
  -2.7536781505e-02
  1.4179943502e-01
  2.9908360913e-02
  -5.5799585581e-01
  2.1497765183e-01
  -6.9935858250e-01
  1.6695269942e-01
  -5.5056607723e-01
  1.0740926266e+00
  1.0189318657e-01
  -1.4948515892e+00
  5.8896474540e-02
  1.6841335595e-01
  1.0676214471e-02
  7.2321720421e-02
  -4.3300014734e-01
  -3.1683313847e-01
  -2.7905174065e-03
  1.0661109537e-01
  -7.6562839746e-01
  9.0287375450e-01
  -7.1717791259e-02
  3.3025801182e-02
  -5.3742963076e-01
  -1.9628821313e-01
  -1.3305144012e-01
  7.7677570283e-02
  -4.6536162496e-02
  -1.5662552416e-01
  8.5119843483e-01
  -8.4589570761e-02
  -3.3260520548e-02
  -5.6755650043e-01
  -6.8274456263e-01
  -4.6382181346e-02
  -1.5135131776e-01
  -1.4661052823e-01
  -2.0366472006e-01
  3.4831368923e-01
  -8.9321471751e-02
  -3.4101369977e-01
  -4.7622171044e-01
  1.8241958320e-01
  -1.3693913817e-01
  -1.5860417485e-01
  -2.7333664894e-01
  -4.7802242637e-01
  -3.5792851448e-01
  2.5818535686e-01
  -2.0043611526e-01
  8.0859953165e-01
  -3.1029828824e-03
  -1.3535216451e-01
  -7.5591839850e-02
  8.2114316523e-02
  -1.0500436276e-01
  -3.6570081115e-01
  2.7642908692e-01
  -3.9341751486e-02
  2.4585117400e-01
  -4.1647821665e-01
  -2.3313008249e-01
  3.4768912196e-01
  1.1725591868e-01
  1.0910589695e+00
  4.5629397035e-01
  1.2281540036e-01
  1.2925840914e-01
  -8.3077423275e-02
  -3.1065511703e-01
  8.0482912064e-01
  2.5880321860e-01
  1.2352341786e-02
  -4.9014014006e-01
  -1.7425267398e-01
  2.4960036576e-01
  -1.6870115995e+00
  6.2854307890e-01
  -3.2450902462e-01
  9.3237483501e-01
  1.1052981019e-02
  -3.7727907300e-01
  -2.1536828578e-01
  -1.6278524697e-01
  -4.3830168247e-01
  1.7744989693e-01
  -3.6031231284e-01
  -3.5373926163e-02
  -6.9014944136e-02
  -4.6741864085e-01
  -5.2404063940e-01
  -1.6881309450e-01
  1.3110083342e-01
  -3.5582098365e-01
  -2.2016261518e-01
  -6.2195904553e-02
  4.1768136621e-01
  9.2637503147e-01
  -2.9472348094e-01
  8.4004558623e-02
  3.8210052997e-02
  -1.1778726429e-01
  2.7657499537e-02
  -5.8219426870e-01
  3.1392377615e-01
  -2.2734537721e-01
  -5.1728522778e-01
  -2.5822395086e-01
  2.6886096597e-01
  1.3299909234e-01
  -2.3312877119e-01
  8.8211447001e-02
  -3.1175819039e-01
  5.3383488208e-02
  -2.5075703859e-01
  6.8077616394e-02
  -3.9250075817e-01
  2.8707739711e-01
  9.9838182330e-02
  -7.4022509158e-02
  -3.2976716757e-01
  1.9093684852e-01
  -2.7648636699e-01
  1.5027990937e-01
  3.4727561474e-01
  7.3297627270e-02
  -3.1060995534e-02
  -1.7076894641e-01
  -1.2697157264e-01
  -3.4105846286e-01
  -1.4290477335e-01
  1.3789176941e-01
  5.6936185807e-02
  4.5723430812e-02
  8.6131855845e-02
  -9.9899724126e-02
  -1.1373589933e-01
  3.4832373261e-02
  -2.5484111905e-01
  1.7922784388e-01
  -4.8953521997e-02
  3.4847620875e-02
  2.2876392305e-01
  5.1005650312e-03
  -7.3970474303e-02
  -4.4871367514e-02
  1.0013591498e-01
  -2.6799896359e-01
  7.9735606909e-02
  1.1925432831e-02
  -5.9343490750e-02
  2.8794050217e-01
  7.8126989305e-02
  -6.5247692168e-02
  -1.4070035517e-01
  1.5374334157e-01
  2.1772421896e-01
  3.7071728706e-01
  -1.6963306069e-01
  2.1000336111e-01
  4.9760186672e-01
  3.1191637740e-02
  2.9455024004e-01
  1.7335845530e-01
  6.8113148212e-02
  -4.9090512097e-02
  -2.5162879378e-02
  -5.6193605065e-02
  -2.3736603558e-01
  2.4384083226e-02
  3.8436037302e-01
  -7.5700372458e-02
  6.0333713889e-02
  6.0364897363e-03
  1.2803934515e-01
  1.8375620246e-01
  -3.1636044383e-01
  7.1754306555e-02
  3.2443815470e-01
  1.4722180367e-01
  1.7948971689e-01
  -1.5066497028e-02
  -1.5609496832e-01
  -1.3283815980e-01
  1.3480372727e-01
  3.6270879209e-02
  -1.1029356392e-03
  2.1802526712e-01
  6.4585261047e-02
  3.2868005335e-02
  -2.7070939541e-01
  9.3653924763e-02
  7.6527725905e-03
  5.1854502410e-02
  4.3559551239e-02
  6.1973176897e-02
  -1.1052236892e-02
  1.9206321239e-01
  -1.8075291812e-01
  -2.8563192487e-01
  7.8019015491e-02
  -1.2841397524e-01
  3.0524975061e-01
  -1.4170210063e-01
  3.0465766788e-01
  1.9608369470e-01
  -1.1980678886e-02
  -1.1974399537e-01
  1.7872905731e-01
  3.1270962209e-02
  -1.0119480640e-01
  -7.1467936039e-02
  -2.5736752152e-01
  8.5008651018e-02
  7.7839717269e-02
  1.0132600367e-01
  1.4735141769e-02
  -2.8075471520e-01
  8.5802339017e-02
  1.0084461421e-01
  4.9545388669e-02
  2.6310440898e-01
  -3.6559915543e-01
  -2.1276740730e-01
  2.8360119462e-01
  8.4600113332e-02
  -9.0386182070e-02
  -2.3644986749e-01
  7.1123084053e-03
  8.0493837595e-03
  -3.0023527145e-01
  1.4426663518e-01
  1.2856982648e-01
  3.4401544929e-01
  3.8735207170e-02
  3.0356274918e-02
  6.9216310978e-02
  -2.9251068830e-02
  1.6644446552e-01
  -1.5775074065e-01
  4.6503592283e-02
  1.0542136431e-01
  1.3095450401e-01
  -2.6811087504e-02
  -6.2571838498e-02
  6.5116830170e-02
  6.7332887556e-04
  8.9636474848e-02
  -1.5795409679e-02
  -2.3575372994e-01
  1.0423298925e-01
  2.3354361951e-01
  -1.6241624951e-01
  -2.9182043672e-01
  6.3070826232e-02
  -1.0184375942e-01
  -1.6018781066e-01
  -1.6326360404e-02
  -5.9362038970e-02
  -5.2161678672e-02
  2.5951927900e-01
  1.0355438106e-02
  -3.5136017948e-02
  6.6915862262e-02
  -7.6354458928e-02
  -3.8380271196e-01
  2.9857608676e-01
  4.7291237861e-02
  -7.8592665493e-02
  7.4538053013e-03
  -7.8300110996e-02
  -3.2404908538e-01
  1.3525803387e-01
  -2.2266265750e-01
  1.0049660504e-01
  -2.3452256620e-01
  1.3590371609e-01
  -6.0387551785e-01
  5.1614356041e-01
  -5.2559763193e-02
  -7.2522473335e-01
  6.6539213061e-02
  -1.6539637744e-01
  -2.9588720202e-01
  3.5914991051e-02
  -7.8990049660e-02
  -7.2746619582e-02
  5.4761685431e-02
  -1.6103085876e-01
  -4.3293303251e-01
  4.4021996856e-01
  3.8033585995e-02
  -1.2265792489e-01
  -2.9153594375e-01
  -8.7489271536e-03
  -5.4587643594e-02
  -5.4574545473e-02
  7.4408962391e-03
  6.6085524857e-02
  -1.6016222537e-02
  1.0984003544e-01
  -1.1439127475e-01
  -2.2703692317e-01
  6.9477155805e-02
  7.3010317981e-02
  -2.0049643517e-01
  6.9138491526e-03
  -4.6747658402e-02
  -9.3523845077e-02
  5.7468708605e-02
  -3.4292483330e-01
  -1.6500167549e-01
  1.8086850643e-01
  -7.6380290091e-02
  -6.9746812806e-03
  8.1362418830e-02
  -5.0712800026e-01
  9.4212003052e-02
  -1.5107465908e-02
  -1.2416663766e-01
  7.4998313189e-01
  -8.3846434951e-02
  -1.5221016109e-01
  3.9978362620e-02
  4.8662189394e-02
  1.5500253439e-01
  -1.4982458949e-01
  -5.8004581369e-03
  -2.1168251336e-01
  4.7047022730e-02
  -2.3911391199e-01
  5.1003761590e-02
  7.7621735632e-02
  -1.0149143636e-01
  -2.1187880635e-01
  1.8643337488e-01
  2.1921423078e-01
  3.1718049198e-02
  7.9700022936e-02
  -3.7496898323e-02
  2.2087167203e-01
  3.0137345195e-01
  -8.2255721092e-02
  -1.1471365392e-01
  1.2576231733e-02
  2.2824788094e-01
  -5.1454909146e-02
  -1.0919149965e-01
  -8.7150195614e-03
  1.9725681841e-01
  1.3925561309e-01
  -1.4550824463e-01
  -3.6260998249e-01
  -1.8844952807e-02
  2.3842848837e-01
  3.0478453636e-01
  2.9839026928e-01
  1.5206167102e-01
  1.2122113258e-01
  2.3324126005e-01
  -1.1743996292e-01
  -1.0625970364e-01
  -9.9795898423e-03
  -2.3243930191e-02
  -5.8024926111e-03
  8.1087507308e-02
  4.7564479709e-01
  2.1745628119e-01
  1.9258886576e-01
  -1.1213974655e-01
  1.3128066063e-01
  -6.0898321681e-03
  7.4848599732e-02
  -1.1226173490e-01
  7.0660912991e-01
  -8.9726671576e-02
  2.5787517428e-01
  -4.0375504643e-02
  -8.3730518818e-01
  -7.9078072309e-01
  -2.0360353589e-01
  -4.0225139260e-01
  2.7055457234e-01
  -4.4416394830e-01
  -3.2361164689e-01
  -5.1461499929e-01
  -2.8159162402e-01
  -1.5838648379e-01
  -7.8785026073e-01
  -7.2395330667e-01
  9.8281063139e-02
  -5.1331984997e-01
  -4.6370610595e-01
  1.3974303007e-01
  -2.0372977480e-02
  -1.9558598101e-01
  -1.9031021744e-02
  -4.1375976801e-01
  1.7815709114e-01
  3.8899898529e-01
  2.2119312286e+00
  -5.7521756738e-02
  9.2978253961e-02
  1.2185305357e+00
  -1.1652899534e-01
  8.9397653937e-02
  -3.3956241608e-01
  4.9299708009e-01
  -4.0092203766e-02
  -9.3643760681e-01
  -9.5444485545e-02
  -1.9711998105e-01
  6.0895627737e-01
  1.0143978596e+00
  -3.2671138644e-01
  5.8747403324e-02
  2.3325219750e-01
  2.0884312689e-01
  -3.8347509503e-01
  -8.5481293499e-02
  -1.3996572793e-01
  -6.9078904390e-01
  -1.0037995875e-01
  3.7330415845e-01
  -2.0790533721e-01
  6.2743157148e-02
  7.9770661891e-02
  6.8549804389e-02
  3.5810419917e-01
  -3.4433135390e-01
  -2.4196703732e-01
  2.3453316092e-01
  4.2482605577e-01
  4.9735832214e-01
  -5.9547569603e-02
  -7.1626909077e-02
  -1.9772265851e-01
  7.0931136608e-02
  -3.7412682176e-01
  2.0468367264e-02
  6.6528910398e-01
  1.8601238728e-01
  5.6490010023e-01
  3.6870136857e-01
  2.4808096886e-01
  2.5091516972e-01
  -4.2978116870e-01
  -6.0858950019e-02
  2.2396120429e-01
  1.4362694323e-01
  -2.0338824019e-02
  -2.5093618035e-01
  2.3110064864e-01
  -1.4919619076e-02
  1.4976622164e-01
  -3.6869078875e-01
  -1.8098508939e-02
  2.6435434818e-01
  1.2347440422e-01
  4.4081272790e-05
  -6.6075962782e-01
  1.1130626500e-01
  7.6219066978e-03
  1.3212566078e-01
  -6.4179175533e-03
  3.1360408664e-01
  8.7143912911e-02
  2.0219147205e-01
  5.3921751678e-02
  -3.7923231721e-02
  -6.2887556851e-02
  -8.5432477295e-02
  -1.2890088372e-02
  -3.2159447670e-01
  1.9976162910e-01
  2.7307146788e-01
  7.8501373529e-02
  9.0903481469e-03
  -1.0664272308e-01
  4.8169381917e-02
  5.5148351938e-02
  8.1386253238e-02
  -3.3204514533e-02
  2.2396875918e-01
  1.9567689300e-01
  3.0136980116e-02
  -1.7828096449e-01
  2.9071354866e-01
  8.8043801486e-02
  -1.6522623599e-01
  -5.8998758905e-03
  -2.0124563575e-01
  -2.9317677021e-02
  -7.3712170124e-02
  -2.5291058421e-01
  -6.1850724742e-03
  -1.3801203668e-01
  1.8277695775e-01
  -8.4218464792e-02
  -2.9537374154e-02
  -1.0305710882e-01
  2.6207590103e-01
  -1.9432841241e-01
  2.0283588674e-03
  -1.5761196613e-01
  1.7732653767e-02
  -4.8086166382e-02
  -1.4373557270e-01
  -5.3010165691e-02
  -3.8317719102e-01
  8.0784484744e-02
  -2.0418569446e-01
  -1.6661933064e-01
  -7.4488796294e-02
  -6.8032642594e-04
  4.1140969843e-02
  7.8441806138e-02
  -1.3776049018e-01
  -2.7475675941e-01
  2.8187283874e-01
  -1.2771856785e-01
  -2.0919090509e-01
  6.4039580524e-02
  -1.5688392520e-01
  2.3779298365e-01
  -1.5274437144e-02
  -2.6218403131e-02
  -1.9390276074e-01
  1.4634257182e-02
  1.7904549837e-01
  -1.2125910074e-01
  2.0272877812e-01
  -2.5471495464e-03
  -6.8610392511e-02
  9.5911249518e-02
  1.9668550789e-01
  -3.2030493021e-01
  6.3949227333e-02
  3.1789255142e-01
  -3.0656380579e-02
  3.4268501401e-01
  2.3959743977e-01
  -1.7368014157e-01
  2.6236006618e-01
  -7.1338601410e-02
  1.0138472915e-01
  -1.7732600868e-01
  6.2478107214e-01
  -1.1371816397e+00
  6.2466040254e-02
  1.0654598475e+00
  -1.6259513795e-01
  -1.8075969815e-01
  1.9799970090e-01
  3.3463537693e-01
  -6.8343889713e-01
  3.4683787823e-01
  -2.0380087197e-01
  -9.8248220980e-02
  4.0811598301e-01
  -3.0025693774e-01
  -1.4722181857e-01
  2.1670599282e-01
  3.1244006753e-01
  -1.2552237511e-01
  1.3571207225e-01
  1.3820880651e-01
  2.2650741041e-01
  4.6728438139e-01
  -7.6607055962e-02
  -1.7894423008e-01
  9.5745190978e-02
  5.8276408911e-01
  3.3654022217e-01
  5.6704882532e-02
  1.8924212456e-01
  -2.8304922581e-01
  -1.6816264018e-02
  -6.4421258867e-02
  1.6498398781e-01
  1.7682017386e-01
  3.3834823966e-01
  -5.4722779989e-01
  1.3678054512e-01
  -4.2415365577e-02
  -1.2287438661e-01
  3.1055504084e-01
  -1.7085404694e-01
  -3.9307277650e-02
  -1.2788188457e-01
  -1.6877563298e-01
  1.6172347963e-01
  -5.5399150588e-03
  -8.0044656992e-02
  -8.8506504893e-02
  -2.9303169250e-01
  3.0826229602e-02
  5.6957837194e-02
  -1.1843139678e-01
  1.0653747618e-01
  1.0608078241e+00
  4.3266706169e-02
  -2.0306259394e-01
  -3.1530854106e-01
  8.7532624602e-02
  -8.8910460472e-03
  1.2584306300e-01
  -6.4077928662e-02
  1.6792537272e-01
  4.3574336171e-01
  2.2369587421e-01
  3.0413067341e-01
  -2.1127761900e-01
  1.3171865046e-01
  -2.0211292803e-01
  -3.2502394915e-01
  1.1460755765e-01
  1.0655163229e-01
  3.2307696342e-01
  1.4062395692e-01
  2.2792820632e-01
  -4.7634057701e-02
  1.0611146688e-01
  2.7375549078e-01
  9.3793854117e-02
  5.0878595561e-02
  -8.0734527111e-01
  -2.3900136352e-01
  -1.1678066850e-01
  2.1891240031e-02
  1.5943412483e-01
  -2.1287027001e-01
  -3.1845065951e-01
  -1.0426455736e-01
  -1.6743154824e-01
  2.7779096365e-01
  1.4356914163e-01
  8.1970438361e-02
  -1.1871757358e-01
  -2.9191900045e-02
  -5.1735367626e-02
  1.8120281398e-01
  2.7488508821e-01
  -5.3857978433e-02
  -4.6103051305e-01
  -2.8756365180e-01
  -4.0650570393e-01
  2.6974594593e-01
  -5.4925340414e-01
  -4.8621252179e-01
  9.2406392097e-01
  -6.3503509760e-01
  -2.3247042298e-01
  -3.7301158905e-01
  -4.7211867571e-01
  -3.1023687124e-01
  3.6197718978e-01
  4.1992533207e-01
  2.3441894352e-01
  -6.4704930782e-01
  2.5850072503e-01
  5.0659185648e-01
  5.8911466599e-01
  4.5809566975e-01
  -1.9132667780e-01
  -3.0226263404e-01
  4.8456883430e-01
  -4.8531249166e-01
  2.7191373706e-01
  4.3220648170e-01
  3.2540786266e-01
  -3.8811874390e-01
  -6.4911699295e-01
  4.4627177715e-01
  -5.0647634268e-01
  3.8796424866e-01
  -1.0849808455e+00
  -2.6928466558e-01
  -5.9209448099e-01
  6.1952519417e-01
  -4.5608693361e-01
  -2.4916055799e-01
  -3.7719887495e-01
  -4.7365352511e-01
  -9.0620654821e-01
  2.4751663208e-01
  5.6435710192e-01
  6.4213001728e-01
  -4.3589726090e-01
  4.3230929971e-01
  5.9309977293e-01
  3.7999424338e-01
  -6.2738871574e-01
  4.3651470542e-01
  6.8606460094e-01
  -4.3252798915e-01
  -2.4645298719e-01
  -8.2693910599e-01
  1.0766376257e+00
  -5.9992152452e-01
  -8.6228883266e-01
  1.0776441544e-01
  1.2215958834e+00
  -3.1633910537e-01
  3.4315356612e-01
  2.6529145241e-01
  -2.7905267477e-01
  -9.1041527689e-02
  -2.0245598257e-01
  9.5484301448e-02
  4.0203255415e-01
  -8.6324915290e-02
  -2.9813870788e-01
  3.1262508035e-01
  -4.8910287023e-01
  4.2533475161e-01
  -2.0039388537e-01
  -4.4669732451e-01
  1.2620078325e+00
  -3.2119750977e-01
  -1.1828487366e-01
  3.0120104551e-01
  -8.6666047573e-02
  -9.9649441242e-01
  -8.7706610560e-02
  2.0682973862e+00
  -4.6421599388e-01
  1.6836673021e-01
  3.1559638679e-02
  -3.0445247889e-01
  -2.6784411073e-01
  -6.2353860587e-02
  -4.4279824942e-02
  1.2717430294e-01
  3.6084443331e-01
  -6.7148202658e-01
  -2.6508249342e-02
  1.6111412644e-01
  1.9065129757e-01
  -2.3469482362e-01
  3.4494496882e-02
  -2.4028475583e-01
  -5.0744283944e-03
  7.7418036759e-02
  -1.1708559096e-01
  -1.5689299107e+00
  2.1150493994e-03
  -3.3838354051e-02
  1.9471794367e-01
  -5.1325803995e-01
  -3.2266840339e-01
  -9.7505509853e-02
  3.1702035666e-01
  -9.4505572319e-01
  -3.9817047119e-01
  2.3711737990e-01
  9.8532170057e-01
  4.5328131318e-01
  -2.8347082436e-02
  2.7436757088e-01
  1.0801202059e+00
  -1.0822924376e+00
  6.3155330718e-03
  1.2512661517e-01
  -5.7158148289e-01
  -2.5482386351e-01
  -3.7075045705e-01
  1.2462960929e-01
  1.2058188207e-02
  -2.1352875233e-01
  -1.7896819860e-02
  -2.9245001078e-01
  3.1491872668e-01
  -5.5703026056e-01
  -4.1208457202e-02
  -1.2447845191e-01
  -4.7730052471e-01
  8.6999513209e-02
  -1.3063637540e-02
  4.3335875869e-01
  -7.1157164872e-02
  -5.1311556250e-02
  1.9320988655e-01
  5.8059345931e-02
  -1.8707484007e-01
  -1.4764957130e-01
  1.1100866646e-01
  -2.3078843951e-01
  -1.3217031024e-02
  -4.4868890196e-02
  -2.7043363452e-01
  -3.9602065086e-01
  -6.3951306045e-02
  -4.6721485257e-01
  1.0452897102e-01
  3.3718030900e-02
  2.7183654904e-01
  2.0316118002e-01
  -3.5759299994e-02
  -6.3064657152e-02
  -1.0033282042e+00
  7.0931404829e-02
  -2.8037324548e-01
  1.0759350844e-02
  2.6494768262e-01
  6.7346006632e-02
  -1.0146412253e-01
  -1.2522974610e-01
  2.2856222931e-03
  2.4660551548e-01
  -2.0736092329e-01
  1.0352365673e-01
  1.2738004327e-01
  3.0198162794e-01
  -1.8529252708e-01
  5.7241324335e-02
  1.7089216411e-01
  -4.6875249594e-02
  3.9163187146e-01
  -1.7815805972e-01
  -2.8829979897e-01
  -6.4347021282e-02
  -9.7957223654e-02
  -3.2551456243e-02
  2.2115103900e-01
  -5.3917205334e-01
  2.7323624119e-02
  -8.1748634577e-02
  -3.8411349058e-01
  -2.9656279087e-01
  -1.6896972060e-01
  7.3440693319e-02
  -3.1160929799e-01
  8.7802752852e-02
  -4.2587324977e-01
  -1.0978938080e-02
  1.4057873189e-01
  -1.2857529521e-01
  -1.2428751588e-01
  -1.1537621170e-01
  -1.0958720744e-01
  -2.9036334157e-01
  2.1002259105e-02
  -4.0050703287e-01
  1.3720400631e-01
  1.9989095628e-01
  -4.4678321481e-01
  1.9195716828e-02
  -4.4351562858e-02
  1.7639356852e-01
  1.1129504070e-02
  -1.2562005222e-01
  -2.2775994241e-01
  2.3967587948e-01
  -4.7453853488e-01
  -8.9402077720e-03
  3.5546079278e-01
  -1.7250864208e-01
  1.4060433209e-01
  -4.1994407773e-01
  1.6413307190e-01
  -1.4569143057e+00
  -1.4406362772e+00
  1.4595241547e+00
  1.4957914352e+00
  -1.9337944686e-02
  -2.4296055734e-01
  2.2728492320e-01
  -2.2855148315e+00
  8.8841766119e-03
  -5.0165706873e-01
  1.2212342769e-01
  3.9076399803e-01
  2.8621060774e-02
  -1.7543643713e-01
  2.9068076983e-02
  2.9538970441e-02
  5.3634326905e-02
  -4.8984766006e-01
  -3.6541810632e-01
  1.9421166182e-01
  1.3850845397e-01
  -1.6658072174e-01
  -2.5534640998e-02
  -1.7689575255e-01
  -2.0390956104e-01
  2.5891327858e-01
  1.5812498331e+00
  -1.4289243519e-01
  -1.3867353089e-02
  3.3575132489e-01
  -4.1429054737e-01
  -3.4790608287e-01
  -1.8184259534e-01
  -4.1724350303e-02
  8.5911327600e-01
  -1.3585701585e-01
  -6.6131138802e-01
  -1.6108259559e-02
  4.9835614860e-02
  3.0622240901e-01
  -4.6795713902e-01
  2.8856807947e-01
  1.0240136180e-03
  -2.4997743964e-01
  -9.4590842724e-02
  4.6051610261e-02
  5.1274162531e-01
  -2.6608100533e-01
  1.5800867975e-01
  -5.5268738419e-02
  1.7590919137e-01
  -7.5584888458e-02
  2.2737702820e-03
  -2.6898637414e-01
  2.3272155225e-01
  -3.8709136844e-01
  -6.1139822006e-01
  -1.8600943685e-01
  -4.7479655594e-02
  2.2823882103e-01
  -6.0062184930e-03
  -5.6388294697e-01
  -2.0190535113e-02
  -1.3192285597e-01
  -4.3249049783e-01
  -2.7270993590e-01
  3.6748293787e-02
  1.2513331138e-02
  4.6788513660e-01
  4.8154555261e-02
  -2.4134458601e-01
  -7.7139355242e-02
  2.3813754320e-01
  2.9056971893e-02
  -1.3710017502e-01
  3.6850354075e-01
  9.0010330081e-02
  -7.7154380269e-03
  -6.7766956985e-02
  5.1016557962e-02
  -2.7897724509e-01
  1.1147999018e-01
  -1.0795786232e-01
  -1.8875001371e-01
  1.9186663628e-01
  1.4423842728e-01
  -6.5376974642e-02
  -7.6916571707e-03
  -6.8922378123e-02
  1.6037769383e-03
  8.5514359176e-02
  -2.6216012239e-01
  -8.8502410799e-03
  3.7401536107e-01
  -3.5866451263e-01
  -1.2684047222e-01
  1.4592748880e-01
  9.6693605185e-02
  4.5404589176e-01
  9.1541558504e-02
  -6.4842700958e-02
  -7.5924739940e-04
  3.6634240299e-02
  4.7196809202e-02
  -1.7619992793e-01
  -4.5199248940e-02
  1.3947093487e-01
  -3.2778427005e-02
  2.7376702428e-01
  -7.2173275054e-02
  -4.6302672476e-02
  -6.6888794303e-02
  -1.7905206978e-01
  6.9398470223e-02
  -7.5856074691e-02
  1.9876515865e-01
  2.8145849705e-01
  -4.5219817758e-01
  -1.8169936538e-01
  -4.4183418155e-01
  -2.1071924269e-01
  5.3586922586e-02
  -4.2997788638e-02
  1.1960083991e-01
  1.0991625488e-01
  -1.0959915817e-01
  -1.3826267421e-01
  -2.3810122907e-01
  -1.3116048276e-01
  6.3177579641e-01
  2.5757309794e-01
  1.0334936529e-01
  2.3130041361e-01
  3.1471973658e-01
  7.6711028814e-02
  3.6510223150e-01
  -1.4108411968e-01
  -3.6409288645e-02
  4.6459010243e-01
  1.3058364391e-01
  1.9255800545e-01
  1.7322277650e-02
  2.9913523793e-01
  -2.2782577574e-01
  2.9035773873e-01
  -1.5956811607e-01
  -5.9075854719e-02
  3.6684107780e-01
  -2.8653886914e-01
  -5.4975826293e-02
  -1.1751192808e-01
  -2.2598902881e-01
  2.7891948819e-01
  3.9490213990e-01
  -3.9904475212e-01
  2.9335689545e-01
  4.3407171965e-01
  -4.9874153733e-01
  -3.3349726349e-02
  3.0144423246e-01
  2.0031218231e-01
  -1.0482959449e-01
  1.8943179399e-02
  -2.7357218787e-02
  2.7257898450e-01
  -5.7130545378e-01
  1.1888002977e-02
  1.7295396328e-01
  1.0835909098e-01
  1.6368015110e-01
  3.5309749842e-01
  9.3291610479e-02
  2.3652954400e-01
  2.1163250506e-01
  -6.6921338439e-03
  -2.5193732977e-01
  1.3688182831e-01
  1.9956195354e-01
  -2.2995327413e-01
  2.8571569920e-01
  -4.1952717304e-01
  4.8316456378e-02
  -7.6071858406e-02
  -1.5787132084e-01
  -1.9543829560e-01
  1.3319352642e-02
  -3.5457201302e-02
  2.5716024637e-01
  -7.4588291347e-02
  -1.2703611515e-02
  1.0692539811e-01
  1.9760577381e-01
  -3.9879059792e-01
  1.4210805297e-01
  5.0451017916e-02
  2.0765027404e-01
  -1.0443218052e-01
  -1.8462903798e-01
  -1.6910405457e-01
  2.5157269835e-01
  1.2019033730e-01
  -2.2562776506e-01
  2.0289625973e-02
  -1.2202416360e-01
  1.6516508535e-02
  -1.2138089538e-01
  -4.9633309245e-01
  2.6477614045e-01
  2.1876809001e-01
  6.7091487348e-02
  7.4714131653e-02
  3.2689712942e-02
  2.0723067224e-01
  -1.6256743670e-01
  -1.0169626027e-01
  -2.3326936364e-01
  1.0543217510e-01
  -1.9764323533e-01
  -1.1467991769e-01
  -3.0470779538e-01
  4.1356164962e-02
  7.0067062974e-02
  -3.9551187307e-02
  4.3450859189e-01
  -2.8099808097e-01
  2.7002176270e-02
  -1.9461376965e-01
  -1.5792086720e-01
  -2.4315977097e-01
  6.5388327837e-01
  1.0941911489e-01
  -1.0032553226e-01
  -1.2294131517e-01
  -2.4941973388e-02
  -1.7635256052e-01
  -1.0606509447e-01
  3.4793844819e-01
  -1.3214173913e-01
  -7.7768713236e-02
  -7.4423320591e-02
  -3.6761993170e-01
  3.8180732727e-01
  2.5357317924e-01
  -3.6409580708e-01
  -1.3557030261e-01
  -3.5390906036e-02
  -4.1134393215e-01
  -1.8066939712e-01
  2.5881361961e-01
  -1.9798728824e-01
  -5.5452503264e-02
  2.7432668209e-01
  -1.2135845423e-01
  1.8362564966e-02
  -4.2516201735e-02
  5.0696348771e-03
  -2.1918797493e-01
  2.6780758053e-02
  -1.3956701756e-01
  7.0783756673e-02
  1.7187109590e-01
  -1.3000364602e-01
  -2.4171985686e-01
  7.1145451069e-01
  -2.8983531520e-02
  -3.3371874690e-01
  3.9316359162e-01
  2.7912238240e-01
  1.6469730437e-01
  -2.5955289602e-01
  -1.5541775525e-01
  -3.6340725422e-01
  1.2447806448e-01
  -5.6323432922e-01
  -2.7511153370e-02
  -1.5161089599e-01
  -1.7039670050e-01
  7.1918928623e-01
  -2.6623398066e-01
  -3.2165917754e-01
  2.3248417675e-01
  3.1616383791e-01
  1.7715105414e-01
  -4.2506728321e-02
  -2.2933896631e-02
  1.5648382902e-01
  3.2922804356e-01
  1.2578606606e-01
  -2.6422834396e-01
  1.4873670042e-01
  1.2977321446e-01
  3.5869210958e-02
  -3.2953560352e-02
  2.6315670460e-02
  3.1175231934e-01
  -9.6513636410e-02
  9.1305803508e-03
  -1.0847791098e-02
  5.3498145193e-02
  1.9634416699e-01
  -1.9286736846e-01
  1.5534257889e-01
  -8.5718169808e-02
  1.1601123959e-01
  -4.7256407142e-01
  -2.2325250506e-01
  2.6791051030e-02
  3.7642487884e-01
  -4.9803510308e-02
  -4.1414690018e-01
  1.2475809455e-01
  3.8858890533e-02
  5.8990783989e-02
  1.2205877900e-01
  1.6426000744e-02
  4.7418348491e-02
  -7.6217874885e-02
  1.3393452764e-01
  2.0380942523e-01
  1.6804475337e-02
  2.1903594956e-02
  5.1804238558e-01
  -3.5118684173e-01
  3.7780184299e-02
  -3.3171457052e-01
  -1.6593673825e-01
  6.7219686508e-01
  3.0891534686e-01
  -1.1538653821e-01
  -4.0466147661e-01
  -2.7881449461e-01
  6.9081938267e-01
  -3.9872542024e-02
  -1.2750826776e-01
  2.1534141898e-01
  9.4323925674e-02
  -7.8435987234e-03
  -4.0901787579e-02
  5.9791013598e-02
  3.6735427380e-01
  6.3632345200e-01
  3.1995184720e-02
  -1.3427595794e-01
  2.2401294112e-01
  4.3677869439e-01
  1.5796239674e-01
  -2.7856156230e-01
  3.9759300649e-02
  5.8737024665e-02
  -1.6298713163e-02
  7.1367062628e-02
  -1.3905116916e-01
  2.4162809551e-01
  -1.8417049944e-01
  -1.6351270676e-01
  1.9775515795e-01
  9.4008050859e-02
  -9.1425530612e-02
  -2.5897622108e-01
  2.0294636488e-01
  -1.2764061987e-01
  2.7812021971e-01
  -2.9731893539e-01
  -7.1926064789e-02
  1.0570046306e-01
  -4.4888399541e-02
  1.4618219435e-01
  -4.1151311249e-02
  -3.1335330009e-01
  -1.2379015237e-01
  2.3064847291e-01
  2.5443279743e-01
  3.0227297544e-01
  3.0629025772e-02
  1.5784211457e-01
  2.4294693768e-01
  -3.2955148816e-01
  -2.7669569850e-01
  -7.1029502153e-01
  2.5583830476e-01
  4.7429385781e-01
  4.2704945803e-01
  -1.7478953302e-01
  2.6087434962e-02
  -2.2024393082e-01
  -1.5369155444e-03
  -4.5462796092e-01
  -2.0335574448e-01
  2.0693321526e-01
  3.1159251928e-01
  3.7650343776e-01
  -1.4229955152e-02
  -3.5206755996e-01
  -4.2984891683e-02
  1.2892770767e-01
  6.3176997006e-02
  -3.2511806488e-01
  1.4321213961e-01
  1.5330587327e-01
  -1.8594649434e-01
  -2.0085607469e-01
  -9.8720537499e-03
  8.5668586195e-02
  -1.0457722470e-02
  2.6560977101e-01
  -2.2268153727e-01
  5.5913892575e-03
  1.9572092593e-01
  -2.9317671061e-01
  -2.7677923441e-01
  8.1036731601e-02
  2.5323821232e-02
  -3.1167593598e-01
  2.7033824474e-02
  -1.7937768251e-02
  3.1321033835e-01
  2.6228845119e-01
  -4.3817636371e-01
  -1.5815855563e-01
  3.0432591215e-02
  -1.5094485879e-01
  1.0818780959e-01
  2.7884906530e-01
  -1.8209861219e-01
  3.5439774394e-01
  2.9136931896e-01
  -1.5981008112e-01
  -2.3508271575e-01
  8.5011333227e-02
  4.1710874438e-01
  4.4461522251e-02
  2.0018482581e-02
  -4.1717324406e-02
  2.9794747010e-02
  9.5096670091e-02
  -1.0157003254e-01
  -1.5095667914e-02
  -1.6867611557e-02
  1.3649997115e-01
  -2.6356574893e-01
  -1.7914792895e-01
  -3.1584724784e-02
  1.5429632366e-01
  3.2164609432e-01
  -2.6375091076e-01
  -2.0108155906e-01
  1.3614523411e-01
  6.6520138644e-03
  -9.1920532286e-02
  8.4081880748e-02
  -3.9048141241e-01
  9.0667970479e-02
  1.3730400801e-01
  -4.0312060714e-01
  -4.3292608112e-02
  6.1700916849e-03
  -2.6711246371e-01
  -2.8923720121e-01
  -2.8831038624e-02
  -4.7152772546e-01
  -5.3657647222e-03
  6.4717237838e-03
  -2.1225911379e-01
  -3.1544265151e-01
  -3.3347852528e-02
  -2.9037509114e-02
  -9.6007063985e-02
  -5.9769332409e-02
  -5.5915021896e-01
  2.8184187412e-01
  9.6189558506e-02
  -4.0637364984e-01
  2.9107293114e-02
  6.8348027766e-02
  2.0632261038e-01
  1.5143609047e-01
  3.7814594805e-02
  9.7036272287e-02
  3.5337164998e-01
  -4.6852558851e-01
  -4.2595127225e-01
  1.9344028831e-01
  3.8939051330e-02
  1.1130718142e-01
  4.6436348557e-01
  6.1781018972e-01
  1.0162252188e+00
  2.3319810629e-01
  -6.7952710390e-01
  -3.4946048260e-01
  4.8777410388e-01
  1.8035581708e-01
  3.6025069654e-02
  7.3844420910e-01
  3.4428679943e-01
  4.2331466079e-01
  -1.5895380080e-01
  -1.9539776444e-01
  2.4424795806e-01
  -2.2305020690e-01
  2.1926283836e-01
  1.1839468777e-01
  6.3899040222e-02
  -2.9085299373e-01
  4.3250888586e-01
  -5.2868295461e-02
  7.9281739891e-02
  3.5263532400e-01
  -7.0080332458e-02
  1.6032311320e-01
  -2.3202085868e-02
  1.9002091885e-01
  -5.7155466080e-01
  1.7542740703e-01
  1.6826596856e-01
  -4.0465632081e-01
  3.6052979529e-02
  3.6260184646e-01
  3.6556450650e-03
  -4.4534549117e-02
  5.3423082829e-01
  -1.2627685070e-01
  1.7314781249e-01
  -2.2277022898e-01
  -1.2992504239e-01
  4.0347608924e-01
  1.8135190010e-02
  -1.5386292338e-01
  1.1883206666e-01
  2.6611918211e-01
  -4.8517966643e-03
  1.5053649247e-01
  -2.5939300656e-01
  1.1420954019e-01
  -3.3004191518e-01
  -3.1040502712e-02
  1.2351977825e-01
  4.9933604896e-02
  1.5286007524e-01
  -5.1802821457e-02
  -1.1360920966e-02
  2.4104730785e-01
  -1.3295435905e-01
  -5.1236994565e-02
  -6.1701532453e-02
  -1.1765982211e-01
  3.5345619917e-01
  -2.9384747148e-01
  6.4661884680e-03
  4.2519780993e-01
  1.9496245682e-01
  2.7094042301e-01
  -4.3369203806e-02
  -2.2926875390e-03
  -1.3022169471e-01
  -2.9216257855e-02
  -1.3728827238e-01
  3.5209619999e-01
  -4.1029283404e-01
  1.8326708674e-01
  6.3746966422e-02
  -4.3029767275e-01
  4.0607385337e-02
  -2.0053139329e-01
  -1.8735581636e-01
  -2.7568882704e-01
  2.2455596924e-01
  -2.7574500442e-01
  4.5897968113e-02
  1.0692404211e-01
  -1.2052938342e-01
  -3.1392025948e-01
  -1.3357728720e-01
  -4.9480769783e-02
  -1.4964084327e-01
  -1.9637806341e-02
  -1.9913408160e-01
  2.0859242976e-01
  1.9149908423e-01
  -3.4479844570e-01
  2.8882923722e-01
  1.8382965028e-01
  1.1287228763e-01
  1.4825986326e-01
  -2.3149710149e-02
  5.2127886564e-02
  3.6630055308e-01
  -4.1636231542e-01
  -2.0695939660e-01
  1.8762533367e-01
  6.9480426610e-02
  1.9145418704e-01
  8.0811542273e-01
  -6.0943111777e-02
  2.1945983171e-01
  3.6714431643e-01
  4.4374585152e-01
  5.6998705864e-01
  1.2898599729e-02
  -1.2448989600e-01
  -4.5432236046e-02
  -8.0750137568e-02
  1.4053118229e-01
  -1.0392799377e+00
  -2.4736845493e-01
  2.4519637227e-02
  -4.2343893647e-01
  -5.9516806155e-02
  1.0487751663e-01
  -2.4733249843e-01
  -5.3851759434e-01
  -7.7320569754e-01
  1.6106219590e-01
  -1.0906130821e-01
  -1.5213848650e-01
  -2.6933959126e-01
  -4.1477724910e-02
  5.9074148536e-02
  3.6218229681e-02
  2.1259541810e-01
  1.8823504448e-01
  -3.3980470896e-01
  -8.4137648344e-02
  3.7111345679e-02
  -9.7982533276e-02
  1.7083032429e-01
  1.6446496546e-01
  -9.1334782541e-02
  2.0070686936e-02
  -1.0028817505e-01
  -1.3681983948e-01
  4.2809773237e-02
  -1.1033084244e-01
  1.7384928465e-01
  -4.6272866428e-02
  1.2342772447e-02
  6.0207277536e-02
  -4.0059320629e-02
  -1.4356528521e+00
  1.1360282451e-01
  -2.2944901884e-01
  7.8528362513e-01
  -3.6123856902e-01
  1.2116053700e-01
  -3.0078995228e-01
  1.0775506496e-01
  -2.0048142970e-01
  -6.8900704384e-02
  1.8727877736e-01
  -4.3278563768e-02
  -4.1865244508e-01
  1.1971724033e-01
  1.0376884788e-01
  -6.5847381949e-02
  -6.1997588724e-02
  -1.6229966283e-01
  -2.5285774469e-01
  2.5851240754e-01
  4.6503856778e-02
  2.5056400895e-01
  -2.7584257722e-01
  -1.2604203820e-01
  1.6438791156e-01
  1.2494951487e-01
  2.7162772417e-01
  1.1196878552e-01
  8.1251502037e-01
  -1.6715064645e-01
  -5.6611430645e-01
  2.9995836318e-02
  3.1826469302e-01
  -2.8168842196e-01
  1.1464213580e-01
  -5.6381002069e-02
  -8.6869919300e-01
  4.0473240614e-01
  -1.9323348999e-01
  1.5352028608e-01
  -6.7767851055e-02
  -2.7333173156e-01
  -8.7154060602e-02
  -6.1315838248e-02
  3.4442433715e-01
  -4.4945088029e-01
  -6.1859089881e-02
  5.1316063851e-02
  -2.3025843501e-01
  5.1246714592e-01
  -1.0552007705e-01
  -4.4411968440e-02
  2.6523801684e-01
  -5.4522767663e-02
  -1.5219597518e-01
  -3.3730681986e-02
  3.1465491652e-01
  7.8797179461e-01
  -2.5193771720e-01
  -4.2157117277e-02
  -3.3209401369e-01
  -3.0989146233e-01
  4.8131212592e-02
  -1.3030710816e-01
  1.4328328893e-02
  4.2488449812e-01
  1.3604293764e-01
  1.8918192387e-01
  -4.7901096940e-01
  -4.3605545163e-01
  -3.2565993071e-01
  -6.7398130894e-01
  3.1063219905e-01
  2.4631410837e-01
  -2.8987082839e-01
  -9.7415602207e-01
  1.1181012541e-01
  1.1474275589e-01
  8.1257969141e-02
  3.8564601541e-01
  -2.0413471758e-01
  2.4440915883e-01
  1.0773719847e-01
  -2.4983756244e-01
  8.6365765333e-01
  -9.1711387038e-02
  -8.7881786749e-03
  9.3702614307e-02
  7.8040665388e-01
  -2.3739079013e-02
  -1.1425944418e-01
  -6.5799012780e-02
  3.4414563328e-02
  5.6472814083e-01
  1.1765619367e-01
  1.5275113285e-01
  -1.5502858162e-01
  1.6039174795e-01
  -2.3552326486e-02
  2.9995273799e-03
  2.1503540874e-01
  -3.4904026985e-01
  -5.6465905905e-01
  1.3142436743e-01
  -2.3059172928e-01
  -7.1468710899e-02
  1.9293602556e-02
  9.4486646354e-02
  -1.8756842613e-01
  2.9126384854e-01
  -3.8554474711e-02
  6.9109910727e-01
  3.2384708524e-01
  -4.2295444012e-01
  3.7489128113e-01
  1.7706897110e-02
  3.6418932676e-01
  -4.4822469354e-01
  1.7818406224e-02
  6.6700381041e-01
  -3.6986429244e-02
  -9.8679137230e-01
  8.8806308806e-02
  -8.0603860319e-02
  1.2346431613e-01
  5.2635544538e-01
  2.9878759384e-01
  1.7624843121e-01
  2.4872960150e-01
  2.1715700626e-01
  6.2375407666e-02
  -1.4153641462e-01
  5.5516187102e-02
  1.7773048580e-01
  3.7414121628e-01
  -1.8326894939e-01
  3.2915674150e-02
  2.7145552635e-01
  -6.5125457942e-02
  7.9236134887e-02
  2.1994659305e-01
  1.5618829429e-01
  1.2314310670e-01
  3.5594459623e-02
  -7.1937894821e-01
  -1.3383433223e-01
  -5.7483553886e-02
  -1.0702607688e-03
  -1.1667738855e-01
  -6.2239388935e-03
  5.3109973669e-02
  -8.1511989236e-02
  -3.3640524745e-01
  -4.9178710580e-01
  9.5897771418e-02
  2.4379377067e-01
  8.6876899004e-02
  -2.2545854747e-01
  1.2242311984e-01
  -2.4838863313e-01
  7.0164613426e-02
  3.6939230561e-01
  1.5302921832e-01
  2.3236948997e-02
  -8.6559258401e-02
  -1.0826017708e-01
  -1.5860790014e-01
  -1.4825233817e-01
  1.8733434379e-02
  -3.1483867764e-01
  9.3838512897e-02
  -1.1570729315e-01
  1.1597964913e-01
  -2.0322728157e-01
  -6.6360986233e-01
  -2.2659920156e-01
  2.5342205167e-01
  1.1313765496e-01
  1.3701187074e-01
  1.0923130810e-01
  -4.6667754650e-02
  -3.8804712892e-01
  -2.2846794128e-01
  -1.5172135830e-01
  4.6167120337e-02
  1.6197538376e-01
  2.4274194241e-01
  3.1148511916e-02
  1.8979831040e-01
  -2.5598075986e-01
  3.9265295863e-01
  -1.4857125282e-01
  -1.4942519367e-02
  1.5293735266e-01
  1.7244637012e-01
  -1.6915688291e-02
  5.8833219111e-02
  -1.2079225481e-01
  5.2353546023e-02
  1.9454881549e-01
  2.5783255696e-01
  -2.5203257799e-01
  2.4533341825e-01
  5.2354001999e-01
  2.3527751863e-01
  4.2308241129e-02
  2.1681742370e-01
  -2.2394996881e-01
  -2.9738212004e-02
  -2.1098862588e-01
  -3.3470500261e-02
  4.7908338904e-01
  -1.7333787680e-01
  -3.9675839245e-02
  6.8131320179e-02
  1.1453775316e-01
  -1.3525643945e-01
  3.1664523482e-01
  -3.4788331389e-01
  1.3550312817e-01
  2.5500206277e-02
  -2.4051482975e-01
  1.0807987303e-01
  4.2469385266e-01
  -1.5792480111e-01
  2.0220457017e-01
  -2.4275329709e-01
  -5.5704289675e-01
  2.1887531877e-01
  3.4577660263e-02
  6.6306777298e-02
  -7.8091517091e-02
  -1.7012992874e-02
  9.0087130666e-02
  -1.2910734117e-01
  1.4849047177e-02
  1.0341900587e-01
  1.4716315269e-01
  6.4516678452e-02
  -1.3447511196e-01
  -7.9518906772e-02
  1.4070744812e-01
  -3.5983234644e-02
  3.6633393168e-01
  -9.3837246299e-02
  9.5029383898e-02
  9.2939369380e-02
  -2.4967701733e-01
  -2.4048757553e-01
  7.0127971470e-02
  -6.6360667348e-02
  -2.9023095965e-01
  4.3458089232e-02
  -5.7096075267e-02
  1.6842213273e-01
  2.4148897827e-01
  -2.3580753803e-01
  1.1714097857e-01
  1.7808353901e-01
  -3.9843153208e-02
  -1.7785392702e-01
  3.4768161178e-01
  5.1548015326e-03
  2.0240415633e-01
  2.0723408461e-01
  -3.2272163779e-02
  5.4593067616e-02
  6.7654483020e-02
  -7.3318570852e-02
  -1.0016634315e-01
  -1.1843513697e-02
  2.0550328493e-01
  1.5924549103e-01
  -4.0011294186e-02
  -3.1984722614e-01
  5.2738025784e-02
  2.3651260138e-01
  1.9168948755e-02
  1.9223639369e-01
  -9.5486082137e-02
  -1.4789059758e-01
  4.6581509709e-01
  -1.1166876554e+00
  -5.9256374836e-01
  -1.4374732971e-01
  -4.2552426457e-01
  4.1819941252e-02
  1.7356652021e-01
  -7.4941432476e-01
  -1.0124490261e+00
  2.6063629985e-01
  5.2140384912e-01
  2.1869759262e-01
  7.1643793583e-01
  -6.2721207738e-02
  5.6444182992e-02
  -2.4957686663e-01
  1.9080137834e-02
  -1.0360588133e-01
  3.5043012351e-02
  1.8411555886e-01
  -1.0054607689e-01
  -9.8662011325e-02
  5.7046692818e-02
  -1.0524303466e-01
  -4.1259589791e-01
  -4.9980753660e-01
  -2.8178516030e-01
  1.2719328701e-01
  -3.1822717190e-01
  -1.9686263800e-01
  3.8034188747e-01
  -3.2947847247e-01
  -4.4104130939e-03
  -1.9031280279e-01
  3.6271002889e-01
  -8.1395573914e-02
  2.9584211111e-01
  6.1443251371e-01
  -2.2346943617e-01
  -2.1453028917e-01
  -2.9160849750e-02
  1.2476827204e-01
  -2.1373364329e-01
  3.9415532351e-01
  -4.1149124503e-02
  1.1913575977e-01
  -1.9748450816e-01
  -9.5232568681e-02
  -8.3524577320e-02
  9.6822470427e-02
  5.3372567892e-01
  -1.6330903769e-01
  3.0507203937e-01
  -2.0774647593e-01
  3.5887062550e-01
  4.6182811260e-01
  2.0594927669e-01
  7.7792160213e-02
  -3.4144897014e-02
  -9.9146179855e-02
  1.3692480326e-01
  -4.6441616723e-04
  -2.2375967354e-02
  2.5554901361e-01
  4.2071692646e-02
  1.6258186102e-01
  -2.2302505374e-01
  -9.2059612274e-02
  3.0464723706e-02
  5.0829195976e-01
  3.4445166588e-01
  -3.0046495795e-01
  1.3544523716e-01
  2.3656603694e-01
  1.6517291963e-01
  9.7061030567e-02
  3.4916716814e-01
  1.8435706198e-01
  4.4449176639e-02
  2.9416244477e-02
  -1.7076247931e-01
  2.5500435382e-02
  1.5224669874e-01
  -9.0989179909e-02
  -1.1182474345e-01
  1.0502791405e-01
  -2.8756621759e-04
  9.7408913076e-02
  -3.5003434867e-02
  -1.1823221296e-01
  3.2120418549e-01
  -1.3985054195e-01
  2.9680494219e-02
  2.7165201306e-01
  2.7420282364e-02
  -6.1274647713e-02
  -1.1601314694e-01
  3.4265354276e-01
  9.1887917370e-03
  1.9283160567e-01
  3.7155368924e-01
  -8.1363499165e-02
  -4.3899241835e-02
  -1.7699290812e-01
  -1.8171788752e-01
  -4.3063339591e-01
  2.8934088349e-01
  -3.6153894663e-01
  1.3657201827e-01
  4.7059008479e-01
  7.5482785702e-01
  -2.9308027029e-01
  2.2211518139e-02
  -3.6793783307e-01
  -8.3475315571e-01
  2.0545949042e-01
  -4.5700129122e-02
  8.5928350687e-01
  7.0304453373e-01
  -4.5964404941e-01
  2.1940399706e-01
  7.7981909271e-04
  1.5578480065e-01
  3.3849906921e-01
  3.0693778396e-01
  -4.9018900841e-02
  2.4870213866e-01
  -5.4476809502e-01
  5.3104281425e-01
  -8.3148509264e-02
  3.1156170368e-01
  1.3579620421e-01
  -2.0607136190e-01
  8.6838024855e-01
  1.5923041105e-01
  2.5249812007e-01
  -7.8374075890e-01
  3.2868382335e-01
  -2.3073265329e-02
  -3.9938375354e-02
  -1.3819487393e-01
  4.7660341859e-01
  -5.2506494522e-01
  -1.7767766118e-01
  8.4505965933e-03
  -2.5477757677e-02
  2.4178047478e-01
  9.0359449387e-02
  1.0492265224e-01
  1.5538473427e-01
  -2.8564360738e-01
  4.4095757604e-01
  2.1624547243e-01
  -3.2746380568e-01
  -6.0694706440e-01
  7.9789713025e-02
  2.5743499398e-01
  -1.5662880614e-02
  -3.0043210834e-02
  -9.1283872724e-02
  3.6487266421e-01
  -4.6978452802e-01
  6.9448463619e-03
  7.8846521676e-02
  9.1760292649e-02
  6.5333386883e-03
  -1.3100318611e-01
  5.1093082875e-02
  2.2952611744e-01
  -2.7155199647e-01
  1.9173400104e-01
  3.1977576017e-01
  5.3876098245e-02
  -1.9450221956e-01
  -5.5861052126e-02
  -9.8667860031e-02
  8.0666184425e-02
  -1.7919642851e-02
  4.0327182412e-01
  -2.1374633908e-01
  1.3655981421e-01
  -6.5518069267e-01
  2.6837465167e-01
  -4.8823636025e-02
  -1.2076150626e-01
  3.6296907812e-02
  -1.1655084789e-01
  3.2649588585e-01
  3.0441004038e-01
  2.9329469800e-01
  2.4223129451e-01
  -2.0881732926e-02
  -1.2441470288e-02
  9.2894211411e-03
  1.8615886569e-01
  -1.2487182394e-02
  3.2133683562e-01
  8.4083683789e-02
  5.8824345469e-02
  1.8721008673e-02
  3.0470940471e-01
  -2.0375283062e-01
  1.3480338454e-01
  1.2906940281e-01
  1.5253941715e-01
  1.9500584900e-01
  -5.9422768652e-02
  -9.0780079365e-02
  -5.9971946478e-01
  -8.5191234946e-02
  -1.9375507534e-01
  -9.8295465112e-02
  1.5628242493e-01
  1.2279292196e-01
  2.1041110158e-01
  2.1185161173e-01
  -6.6548687220e-01
  -5.5039604194e-04
  3.8899030536e-02
  1.8531578779e-01
  -4.7630080581e-01
  -9.9757239223e-02
  -2.3792329011e-04
  -1.3148024678e-01
  -2.8648608923e-01
  2.1864318848e-01
  7.9671815038e-02
  9.8699823022e-02
  3.7207953632e-02
  7.6189361513e-02
  1.0168844461e-01
  -1.6503743827e-01
  -7.2147989273e-01
  -3.7320584059e-01
  1.1484559625e-01
  1.5923184156e-01
  -1.6005297005e-01
  -6.6280357540e-02
  2.8839096427e-01
  1.8713329732e-01
  -1.6747906804e-01
  -3.3968903124e-02
  -1.7645172775e-01
  5.4904408753e-02
  1.6824014485e-01
  -1.3157598674e-01
  1.1533854157e-01
  1.4966051094e-02
  1.0441254824e-01
  2.5107768178e-01
  -1.2163097411e-01
  -2.7378997207e-01
  3.2142505050e-01
  -1.1465466022e-01
  3.8320798427e-02
  4.9937844276e-02
  -8.9395746589e-02
  3.6824915558e-02
  2.0269596577e-01
  -8.5378319025e-01
  3.9448451251e-02
  2.5646248460e-01
  3.2163786818e-04
  2.0108537376e-01
  -7.3788952827e-01
  -3.1274515390e-01
  6.7729467154e-01
  -7.7527880669e-02
  -1.9603472948e-01
  -3.2671723515e-02
  2.9522100091e-01
  2.6357999444e-01
  -5.7327854633e-01
  -3.7082982063e-01
  -1.3886508346e-01
  4.1848230362e-01
  -1.2663894892e+00
  -2.4986405671e-01
  4.0700379014e-01
  -3.4190183878e-01
  1.2432415783e-01
  7.5406394899e-03
  4.7522014938e-03
  1.3150157034e-01
  -1.3489060104e-01
  2.4692599475e-01
  -1.2059348822e-01
  9.4826720655e-02
  -2.9859364033e-02
  7.6586119831e-02
  4.0632945299e-01
  -2.4110438302e-02
  4.8793157935e-01
  -6.3449196517e-02
  -1.2213032693e-01
  -2.7765542269e-01
  -1.2360210530e-02
  -5.5498018861e-02
  -3.8238456845e-01
  4.9233056605e-02
  1.7964309454e-01
  9.9314048886e-02
  9.2847853899e-02
  2.7842579409e-02
  5.2173978090e-01
  -1.1104514450e-01
  1.6923362389e-02
  -5.3679633141e-01
  8.2771725953e-02
  9.1462329030e-02
  1.7307866365e-02
  -1.0567643680e-02
  1.4095568657e-01
  3.4901654720e-01
  -3.0180260539e-01
  -1.1872661300e-02
  -1.9406832457e+00
  -9.3331255019e-02
  1.0203128308e-01
  1.7959420383e-01
  4.7181949019e-01
  -2.8878480196e-01
  1.8690837920e-01
  -3.4201970696e-01
  7.6127305627e-02
  3.1463041902e-01
  5.8374371380e-02
  -1.1611946672e-01
  8.7093241513e-02
  2.5719302893e-01
  -8.2295620441e-01
  -4.2412873358e-02
  -3.0361618847e-02
  2.6684013009e-01
  2.8634303808e-01
  6.6260576248e-01
  2.6220205426e-01
  -2.0718103275e-02
  2.6174217463e-01
  -6.1650496721e-01
  1.4000625908e-01
  -1.0723794810e-02
  1.6187670827e-01
  2.1821756661e-01
  1.0444204509e-01
  -1.8016974628e-01
  7.5747765601e-02
  5.0845876336e-02
  -1.4445234835e-01
  -1.9268947840e-01
  -7.2773121297e-02
  1.4170607924e-01
  3.3808684349e-01
  -3.2017543912e-01
  7.5484052300e-02
  -2.0630972460e-02
  -9.0541213751e-02
  -1.3893514872e-01
  -1.7773614824e-01
  -3.8903091103e-02
  8.7512388825e-02
  2.5897830725e-01
  -3.1984397769e-01
  5.2230309695e-02
  2.2878842056e-01
  4.2745191604e-02
  -5.2390271425e-01
  5.1381386817e-02
  -1.0622409731e-01
  1.6373912990e-01
  -7.3188103735e-02
  2.9661375284e-01
  3.0606741086e-02
  -3.8371013943e-03
  4.9376852810e-02
  -3.9272300899e-02
  -2.8657928109e-02
  7.9061128199e-02
  1.0843268782e-01
  -1.8461579084e-01
  5.0879895687e-01
  -2.0717565715e-01
  -6.6105760634e-02
  -2.1667744964e-02
  -1.3925604522e-01
  -1.9651159644e-01
  6.0594849288e-02
  -2.3458147049e-01
  -3.3027924597e-02
  4.3700415641e-02
  -2.4852606654e-01
  -1.5726791322e-01
  -3.5767647624e-01
  -2.0231872797e-01
  -7.9206645489e-02
  2.7984640002e-01
  9.1928608716e-02
  -2.7798730135e-01
  4.1238535196e-02
  3.6178387702e-02
  -7.8669101000e-02
  -1.5943187475e-01
  2.0958609879e-02
  -1.3909439743e-01
  2.1378989518e-01
  2.6468629017e-02
  4.3856814504e-02
  -1.2401750684e-01
  -5.9624128044e-02
  -4.7092039138e-02
  4.8778802156e-02
  7.5424186885e-02
  -2.7149492502e-01
  9.6476219594e-02
  1.9221276045e-02
  -2.1440522373e-01
  -1.8064009026e-02
  7.9072788358e-02
  1.2761946768e-02
  3.1704746187e-02
  1.4401337504e-01
  3.6228743196e-01
  -6.2288220972e-02
  1.9616646692e-02
  2.8023767471e-01
  4.1804347187e-02
  4.3445584178e-01
  -6.4485490322e-01
  -3.6153727770e-01
  -1.4538227022e-01
  8.3932228386e-02
  1.1443440616e-01
  -3.0688530207e-01
  6.7873142660e-02
  3.1604802608e-01
  -3.1932497025e-01
  -4.6847071499e-02
  -1.1904523522e-01
  -2.7320361137e-01
  -1.4622095227e-01
  4.7786089778e-01
  1.6151675582e-01
  1.4862704277e-01
  4.1222766042e-01
  2.4305596948e-01
  5.4973140359e-02
  1.1878708005e-01
  3.0990621448e-01
  -8.2491442561e-02
  3.6330816150e-01
  -1.1394654401e-02
  6.3171111047e-02
  9.1590262949e-02
  1.1978580058e-01
  8.2634739578e-02
  -1.4007095248e-02
  2.2148384154e-01
  3.0086042359e-02
  4.0708714724e-01
  7.0640735328e-02
  -3.2453498244e-01
  1.2895202637e-01
  -1.5947382897e-02
  1.0050822794e-01
  2.1144649014e-02
  3.4549366683e-02
  6.2582358718e-02
  2.7836661786e-02
  1.4094959199e-01
  -1.4203318954e-01
  -5.6563932449e-02
  -3.1960988417e-03
  6.7278049886e-02
  2.1239449084e-01
  1.8305731937e-02
  2.6129657030e-01
  -9.2605181038e-02
  -1.5424883924e-02
  -1.5370033681e-01
  -1.2119605206e-02
  -4.9228525162e-01
  -4.8311227560e-01
  1.6605970263e-01
  -1.1572045088e-01
  -9.9920743704e-01
  4.4378414750e-01
  -1.6095269918e+00
  7.6260989904e-01
  4.6852180362e-01
  7.0000819862e-02
  -1.0880767107e+00
  5.3681474924e-01
  -1.6929627657e+00
  8.3357624710e-02
  -1.1656475812e-01
  1.6120425463e+00
  1.1600921154e+00
  6.9746196270e-01
  5.1098734140e-01
  -3.3515733480e-01
  1.9510388374e-01
  1.2285394669e+00
  -2.0673361421e-01
  5.3873270750e-01
  -8.4728097916e-01
  -1.0748714209e+00
  -6.2018167973e-01
  3.4930929542e-02
  5.2404808998e-01
  9.9493183196e-02
  -3.3241516352e-01
  7.7427351475e-01
  6.0650652647e-01
  -1.4862579107e-01
  -4.9960964918e-01
  5.1310753822e-01
  2.6923501492e-01
  4.3715634942e-01
  -4.4895976782e-01
  7.6599800587e-01
  4.6741086245e-01
  -7.3250800371e-02
  -4.5668672770e-02
  -1.0641000271e+00
  3.5442876816e-01
  -1.3067574501e+00
  9.5475500822e-01
  5.6514340639e-01
  -1.5357591212e-01
  -2.0957589149e-01
  1.6539886594e-01
  3.0228146911e-01
  1.5590151548e+00
  1.2154207230e+00
  -4.2605674267e-01
  -1.0243014246e-01
  -7.7231419086e-01
  -4.3340042233e-01
  -5.1130264997e-01
  -1.0989601165e-01
  -1.9337901846e-02
  -2.5531098247e-01
  -1.2532666326e-01
  1.3196463883e-01
  3.0834227800e-02
  -3.2309543341e-02
  3.1183359027e-01
  2.8658768535e-01
  7.6313626766e-01
  -3.2774084806e-01
  -2.9080116749e-01
  2.4332606792e-01
  -9.0262070298e-02
  3.3547374606e-01
  -1.4465433359e-01
  2.0171502233e-01
  -4.0698209405e-01
  4.4258654118e-01
  -8.5154632106e-03
  -1.0773442686e-01
  1.9077996910e-01
  9.6010213019e-04
  1.6044962406e-01
  7.6746813953e-02
  -1.3793519139e-01
  1.1245963722e-01
  3.7128409743e-01
  -8.5480697453e-03
  -2.4896413088e-01
  2.7657437325e-01
  2.4470224977e-01
  -1.6080588102e-02
  1.6204476357e-01
  1.8857842684e-01
  -5.9721264988e-02
  1.0011257976e-01
  -7.2675086558e-02
  -3.0319193006e-01
  6.0293596983e-01
  -2.7258798480e-01
  4.4941231608e-02
  -1.5483349562e-01
  2.4691358209e-01
  -4.7307479382e-01
  3.8377103209e-01
  -4.2597827315e-01
  3.2434418797e-02
  -3.3080586791e-01
  -2.2564627230e-01
  -8.0932021141e-02
  1.0895989090e-01
  3.3385327458e-01
  3.3492255956e-02
  3.5459625721e-01
  5.1202964038e-02
  -5.3859785199e-02
  9.5246993005e-03
  8.5990853608e-02
  -2.2274848819e-01
  1.2590959668e-01
  -2.0942202210e-01
  -1.9533443451e-01
  7.0528507233e-01
  3.7528392673e-01
  4.4485700130e-01
  1.6842275858e-01
  -1.3853828609e-01
  -1.0070781410e-01
  -2.6602355763e-02
  1.7567589879e-02
  -2.9885235429e-01
  -4.6265861392e-01
  1.7423826456e-01
  -2.1613033116e-01
  -2.0535740256e-01
  -6.1007827520e-02
  -8.8224932551e-02
  -1.0965796560e-01
  1.3542364538e-01
  -1.2323927134e-01
  -2.2464394569e-01
  5.9751622379e-02
  2.8179553151e-01
  -2.6932513714e-01
  -1.8113002181e-01
  -1.4551925659e-01
  -1.2307825685e-01
  -7.3163816705e-03
  -4.5033591986e-01
  -4.4257828593e-01
  2.5341072679e-01
  3.0335515738e-01
  -3.8816851377e-01
  2.0649002492e-01
  -3.1930977106e-01
  1.1459933594e-02
  -1.5833550692e-01
  9.2714466155e-02
  -7.1146748960e-02
  2.8233167529e-01
  -3.6057117581e-01
  2.2038091719e-01
  -8.2525692880e-02
  -2.2703413665e-01
  2.1941471100e-01
  1.5347982645e+00
  -3.9513605833e-01
  8.5597097874e-01
  7.9783982038e-01
  -3.2037851214e-01
  -3.7826338410e-01
  4.5026019216e-01
  3.4095051885e-01
  6.6417098045e-02
  9.0878874063e-01
  4.6402099729e-01
  5.7990789413e-01
  2.2201912105e-01
  -2.6116195321e-01
  -4.0596958995e-01
  -2.9485028982e-01
  3.0465143919e-01
  1.6042147577e-01
  7.5646942854e-01
  6.7823998630e-02
  1.4898456633e-01
  4.9000939727e-01
  -5.5034375191e-01
  3.8432407379e-01
  1.1383104324e-01
  -2.5922185183e-01
  6.0927033424e-01
  1.7958071828e-01
  -2.4989762902e-01
  5.3090906143e-01
  2.5606545806e-01
  -2.2079651058e-01
  4.1139486432e-01
  2.8741499782e-01
  -4.1184711456e-01
  1.0203371942e-01
  2.6629784703e-01
  -2.7233138680e-01
  4.5891389251e-01
  9.9355988204e-02
  9.8465633392e-01
  1.6281329095e-01
  1.3550290465e-01
  -1.0879069567e-01
  -7.1182854474e-02
  3.7076815963e-01
  3.5799774528e-01
  7.6830692589e-02
  3.5413286090e-01
  1.6096967459e+00
  1.9463366270e-01
  -8.7901405990e-02
  1.0353014618e-01
  3.6478611827e-01
  -6.1237806082e-01
  -2.4629709125e-01
  -5.6381124258e-01
  3.8118448853e-01
  1.6926638782e-01
  3.6773785949e-02
  -4.3536037207e-02
  -1.0122213513e-01
  1.8780682981e-01
  1.0764911026e-01
  -2.6729810238e-01
  -3.6194357276e-01
  3.1053990126e-01
  4.0650349855e-01
  -8.7115474045e-02
  -2.8538039327e-01
  -1.6239269078e-01
  -5.8740965324e-04
  -1.9400520623e-01
  1.6237923503e-01
  -1.3552823663e-01
  1.4397516847e-01
  -7.9469323158e-02
  -1.5886306763e-01
  -1.7833638191e-01
  -3.9402320981e-02
  7.1711316705e-02
  -8.1681050360e-02
  5.5043905973e-01
  -2.9554569721e-01
  1.0262634605e-02
  1.1302089691e-01
  -1.8342526257e-01
  2.0464684349e-03
  -3.8681980222e-02
  2.3483244702e-02
  8.8762111962e-02
  3.4225222468e-01
  -7.1293473244e-02
  9.2980988324e-02
  1.9820442796e-01
  -1.5622378886e-01
  -7.9852692783e-02
  -1.3747653365e-01
  3.3891372383e-02
  1.3178259134e-01
  5.4263524711e-02
  9.5332302153e-02
  2.5139319897e-01
  1.7345158756e-01
  -9.2976100743e-02
  -9.1117508709e-02
  -1.2908723950e-01
  4.7939437628e-01
  3.8069862872e-02
  2.6002788544e-01
  6.8311631680e-02
  -1.7776934803e-01
  5.3554546833e-01
  -1.6726852953e-01
  3.1127384305e-01
  -8.4646061063e-02
  -1.2041807920e-01
  1.3998090290e-02
  -3.0459782481e-01
  -2.8567898273e-01
  3.1354677677e-01
  2.6165145636e-01
  1.0888250917e-01
  -5.3190791607e-01
  6.0524221510e-02
  6.4662002027e-02
  1.5973534901e-03
  3.6170579493e-02
  -3.7598755211e-02
  1.7461706698e-01
  6.3709780574e-02
  6.7125335336e-02
  -1.1233863980e-01
  2.6591873169e-01
  -1.1209395528e-01
  1.0133738816e-01
  1.9981592894e-02
  -1.8276558816e-01
  1.6119375825e-01
  -1.4845080674e-01
  1.7197690904e-01
  -1.1093533039e-01
  1.4689889550e-01
  1.6983528435e-01
  2.5280785561e-01
  9.9908307195e-02
  -1.7743961513e-01
  2.1523664892e-01
  -1.4001922682e-02
  4.4689574838e-01
  -7.7503621578e-02
  -1.9242422283e-01
  1.5292187035e-01
  -3.6006838083e-01
  -2.2267256677e-01
  -3.8263607025e-01
  1.1411891133e-01
  1.0431540199e-02
  -2.9791626334e-01
  -1.6251845658e-01
  -2.2054687142e-02
  -4.1397151351e-01
  -2.4792292714e-01
  -3.5617646575e-01
  5.1142770797e-02
  7.8215859830e-02
  3.8693204988e-03
  -1.4398096502e-01
  -1.9887598231e-02
  -6.5279357135e-02
  4.1904237121e-02
  -1.1862764508e-01
  -9.4554565847e-02
  5.5172365904e-01
  1.3993977010e-01
  -4.4137072563e-01
  2.6648083702e-02
  1.5024544299e-01
  4.7196847200e-01
  2.4357107282e-01
  3.8177934289e-01
  -2.3995433003e-02
  -8.2365743816e-02
  2.4915900826e-01
  8.0438268185e-01
  -2.7160558105e-01
  -1.1225976981e-02
  2.2033983842e-02
  6.1607152224e-01
  2.0222580060e-02
  -3.0629146099e-01
  -3.4944474697e-01
  2.3880033195e-01
  3.3922120929e-01
  1.9790190458e-01
  -2.7082914487e-02
  1.9153288007e-01
  1.5714256465e-01
  -1.6625736654e-01
  -3.2763537765e-01
  -5.7267680764e-02
  3.1211996451e-02
  -2.4434894323e-01
  -1.3388197124e-01
  3.9596762508e-04
  2.1284976602e-01
  1.0730373859e-01
  -5.0004446507e-01
  -3.2939738035e-01
  1.9085913897e-01
  2.6537152007e-02
  4.0767064691e-01
  -1.7901559174e-01
  2.3358987644e-02
  2.8309407830e-01
  4.4951507449e-01
  2.5710603595e-01
  1.6107460856e-01
  2.0185690373e-02
  4.0768399835e-01
  7.2109706700e-02
  -1.3868600130e-01
  6.4309656620e-02
  1.2100543082e-01
  1.8456606194e-02
  3.5238429904e-01
  4.7573855519e-01
  5.5988174677e-01
  1.4580194652e-01
  4.0860626101e-01
  -3.5386887193e-01
  3.1941467524e-01
  1.5059724450e-01
  1.2703239918e-01
  2.6807790995e-01
  -1.1379994452e-01
  6.4556956291e-02
  3.7637871504e-01
  -1.1564511806e-01
  -3.6868628860e-01
  -4.5143924654e-03
  3.3295178413e-01
  6.3813060522e-01
  -1.1349975318e-01
  1.3778457046e-01
  1.6985616088e-01
  2.5196156930e-03
  5.8607965708e-01
  -2.3628354073e-01
  -1.4829066396e-01
  5.8754224330e-02
  -5.5130623281e-02
  -3.4911923110e-02
  -3.2864126563e-01
  2.0392082632e-01
  -1.1680608615e-02
  -1.5240584314e-01
  8.8697761297e-02
  -1.7530933022e-01
  3.0331119895e-01
  5.2917808294e-02
  -1.2550774217e-01
  -6.7626357079e-01
  -2.8111946583e-01
  -2.3283427954e-01
  1.1770604849e+00
  1.8530683592e-02
  6.8348698318e-02
  -1.2036705017e-01
  -1.3903452456e-01
  2.7155023813e-01
  -3.9621192962e-02
  1.5064111352e-01
  2.5632601976e-01
  -2.1329708397e-01
  3.5389548540e-01
  4.5146264136e-02
  -3.3903218806e-02
  -1.4218231663e-02
  -8.8539626449e-03
  -3.1337700784e-02
  -5.1356028765e-02
  -1.4610879123e-01
  1.5161640011e-02
  3.6736437678e-01
  8.6483528139e-04
  -2.4976181984e-01
  -3.1035926193e-02
  -3.3212888986e-02
  4.2016905546e-01
  5.4047398269e-02
  -2.4366456270e-01
  3.1906454824e-03
  -3.5893580317e-01
  1.5169647336e-01
  -2.4333393574e-01
  -3.5903507471e-01
  -2.4389155209e-02
  2.8820183873e-01
  1.3777109981e-01
  -1.0013163835e-01
  2.9881393909e-01
  -1.3725647330e-01
  -1.1174542457e-01
  -1.6270270944e-01
  -2.2186820209e-01
  1.5253464878e-01
  3.5280093551e-01
  2.0030173659e-01
  -1.8712148070e-01
  2.0541746914e-01
  -7.7376350760e-02
  1.0877764225e-01
  1.6394820809e-01
  -1.5592931211e-01
  -6.8413928151e-02
  8.2702172222e-04
  -9.7037618980e-03
  -8.6171828210e-02
  -7.8368529677e-02
  -1.7734485865e-01
  1.2415579706e-01
  -4.8583832383e-01
  -7.3334980011e-01
  -1.1953745782e-01
  -4.8242110014e-01
  3.4627282619e-01
  6.6303467751e-01
  -3.1036186218e-01
  8.5515481234e-01
  1.4029279351e-01
  -5.2087682486e-01
  -1.0125815868e-01
  -7.3095458746e-01
  -7.7160984278e-01
  -3.2963243127e-01
  1.6624926031e-01
  8.4479063749e-02
  9.3256212771e-02
  -7.3830497265e-01
  -5.4464969784e-02
  1.6303227842e-01
  2.2826959193e-01
  -8.8950538635e-01
  4.0192279220e-01
  -1.2250326574e-01
  -5.3494912386e-01
  1.7767442763e-01
  1.1010868102e-01
  -3.2764934003e-02
  3.3697798848e-01
  4.7347652912e-01
  2.4197898805e-01
  3.3397501707e-01
  -2.0276291668e-01
  -4.6389257908e-01
  7.0877808332e-01
  -3.8668864965e-01
  -4.3419003487e-02
  -1.4084798098e-01
  -1.0053079575e-01
  -2.3363381624e-01
  2.9779645801e-01
  3.7051400542e-01
  1.5659967065e-01
  7.5379782915e-01
  -1.2069345266e-01
  1.2520766258e-01
  1.5242005885e-01
  1.5198652446e-01
  4.9226012826e-01
  1.5357786417e-01
  3.2645231485e-01
  1.4016410112e+00
  -1.3133999705e-01
  1.3939718902e-01
  1.5404123068e-01
  -7.3317393661e-02
  -1.8449068069e-01
  2.3087532818e-01
  -2.4773016572e-01
  2.9803395271e-01
  3.8340684772e-01
  3.4131136537e-01
  -3.9097937942e-01
  -1.5228572488e-01
  2.4898526073e-01
  -2.6447716355e-01
  -3.1502509117e-01
  -3.9903569221e-01
  3.6314940453e-01
  3.2661819458e-01
  3.4098902345e-01
  -1.4653283358e-01
  3.9082041383e-01
  2.7817153931e-01
  2.7719393373e-01
  2.2162903845e-01
  -1.8018806353e-02
  -8.2664057612e-02
  -3.0544152856e-01
  2.6061218977e-01
  8.0841615796e-02
  2.1449975669e-01
  7.7293777466e-01
  6.3980244100e-02
  2.3142893612e-01
  -7.2805091739e-02
  2.5937518477e-01
  1.0154006481e+00
  2.7849820256e-01
  -1.7098043859e-01
  -1.8871021271e-01
  1.9285495579e-01
  -9.3313321471e-02
  2.8418600559e-01
  -4.7852281481e-02
  -1.7560443282e-01
  -1.4662753046e-01
  4.9176526070e-01
  7.3144957423e-02
  1.1046191305e-01
  3.5240510106e-01
  2.2715499997e-01
  -3.9037409425e-01
  2.0353610162e-03
  1.7305389047e-01
  1.4775039256e-01
  -7.6684720814e-02
  -9.1044060886e-02
  -3.0721122399e-02
  -2.3600570858e-01
  2.6654320955e-01
  -2.1174915135e-01
  3.0043360591e-01
  5.5966202170e-02
  -4.8522032797e-02
  2.0166333020e-01
  -3.7055891007e-02
  -1.5642826259e-01
  -1.6706027091e-01
  1.4975900948e-01
  1.2607230246e-01
  8.8716037571e-02
  -1.6448602080e-01
  -2.5143814087e-01
  -2.2397501767e-01
  5.8440435678e-02
  -8.3456292748e-02
  -1.1313001066e-01
  1.2123517692e-01
  -5.1346354187e-02
  -2.1752092242e-01
  -1.5555384755e-01
  -3.9882495999e-01
  -1.7287804186e-01
  3.6648073792e-01
  -2.4950718880e-01
  -1.9858524203e-01
  2.3120500147e-02
  3.6657437682e-01
  -7.3741853237e-02
  8.4845004603e-03
  -2.3705925792e-02
  1.0972513817e-02
  -4.4509913772e-02
  -6.0146152973e-02
  -7.1380161680e-03
  2.5899082422e-01
  -3.5794142634e-02
  2.4015117437e-02
  -1.6243578494e-01
  -9.2841856182e-02
  -8.9345537126e-02
  4.3390322477e-02
  -1.0018220544e-01
  -1.8004058301e-01
  1.3207967579e-01
  -1.7586776614e-01
  1.6824898124e-01
  -6.0088675469e-02
  9.4575539231e-02
  -8.9041367173e-02
  4.1640058160e-01
  -8.1719078124e-02
  -2.9562696815e-01
  -1.1333114654e-01
  1.3441519439e-01
  -9.7848199308e-02
  -1.5362384915e-01
  5.2644091845e-01
  9.9525094032e-01
  2.7255779505e-01
  6.1712138355e-02
  -9.8349101841e-02
  4.1216114163e-01
  -3.9757713675e-02
  1.8943126500e-01
  -3.9884138107e-01
  -1.6964234412e-01
  -9.9087767303e-02
  -7.3252290487e-02
  -1.8868145347e-01
  -9.9101096392e-02
  3.0939865112e-01
  4.6250078827e-02
  3.3080539107e-01
  -2.4362111464e-02
  -5.0836242735e-03
  6.3265338540e-02
  -2.8959678486e-02
  -3.0787387490e-01
  -1.4566256106e-01
  -2.3703603074e-02
  -3.6534395814e-01
  1.9130270928e-02
  -3.7492930423e-03
  1.2942618132e-01
  -1.1469715089e-01
  4.8532914370e-02
  -1.0166762024e-01
  -9.6512027085e-02
  -7.9063571990e-02
  -4.7466868162e-01
  -1.5802426636e-01
  -9.1479353607e-02
  -1.6988085210e-01
  -2.5244390965e-01
  1.4879290760e-01
  -4.8307009041e-02
  8.3907924592e-02
  -5.1888473332e-02
  1.0793291777e-01
  1.3488505036e-02
  -2.5098738261e-03
  -2.8410670161e-01
  1.3956519961e-01
  7.7183387475e-04
  -7.8957408667e-02
  -3.0162316561e-01
  1.9480833411e-01
  -7.2628937662e-02
  -6.6467702389e-02
  -1.3694719970e-01
  2.6970416307e-01
  5.7007843256e-01
  1.0173874907e-03
  -1.3380959630e-01
  -1.7104847729e-01
  -1.3635420799e-01
  3.6707758904e-01
  -3.8633573800e-02
  -2.9317340255e-01
  1.3789230026e-02
  -2.4688096717e-02
  3.1607259065e-02
  -4.5714303851e-02
  -1.2705387175e-01
  -7.6706573367e-02
  2.4049337208e-01
  1.8825669587e-01
  -2.7006965876e-01
  1.7639517784e-01
  -6.5762080252e-02
  -6.4611338079e-02
  -2.4084523320e-01
  -2.3001758754e-01
  -9.8614431918e-03
  1.4893753827e-01
  1.4873668551e-01
  1.3714841008e-01
  3.1320405006e-01
  -2.4879172444e-01
  1.3624571264e-02
  -1.1782786995e-01
  -1.2920695543e-01
  -8.4321774542e-02
  -2.5131294504e-02
  3.6872163415e-02
  -4.8155397177e-02
  6.8349093199e-02
  5.8137373999e-03
  -4.7154810280e-02
  -3.1054843217e-02
  -1.8637610972e-01
  -8.9988633990e-02
  -2.1006487310e-01
  3.4201592207e-02
  1.5201234818e-01
  -1.6186870635e-01
  1.4156299829e-01
  3.6388334632e-01
  -5.1747292280e-01
  -2.3695185781e-02
  6.5759480000e-02
  3.8479554653e-01
  -2.4179749191e-01
  2.5587782264e-01
  5.0058141351e-02
  4.8318445683e-01
  2.0413149148e-02
  7.9151347280e-02
  8.2465156913e-02
  3.1830489635e-01
  1.4786587656e-01
  1.1970954388e-01
  9.3144504353e-03
  4.7660773993e-01
  -2.3015339673e-01
  3.3026954532e-01
  9.4898581505e-02
  6.6653855145e-02
  2.3629651964e-01
  3.5810148716e-01
  4.4461736083e-01
  -8.7605468929e-02
  -4.0493625402e-01
  -2.6205303147e-02
  1.2779247761e-01
  1.3701140881e-01
  3.2423913479e-01
  -2.7396401390e-02
  -1.0626824945e-01
  1.8968597054e-01
  8.1893779337e-02
  -7.1029025130e-03
  5.9881981462e-02
  -2.0014624298e-01
  1.5275538899e-03
  1.7346167937e-02
  -6.0438965447e-03
  1.2924841605e-02
  -1.0451553762e-01
  -6.5424181521e-02
  -3.0722090602e-01
  5.9185326099e-01
  -2.3294265568e-01
  -8.2329899073e-02
  -2.5302497670e-02
  1.6314673424e-01
  2.8542646766e-01
  -1.3192462921e-01
  -7.4133440852e-02
  3.8303408027e-01
  3.9534751326e-02
  -3.4976881742e-01
  -1.8066218495e-01
  -5.6720186025e-02
  3.8600257039e-01
  -4.0447601676e-01
  1.3976061344e-01
  -9.8125748336e-02
  1.5317469835e-01
  7.7272838354e-01
  -2.1791701019e-01
  1.2023535557e-02
  -3.8023404777e-02
  -5.8306521177e-01
  -1.8266580999e-01
  -5.8072525263e-01
  -3.4846946597e-01
  1.3485446572e-01
  -5.8530139923e-01
  -3.9587283134e-01
  -1.4783532917e-01
  -1.5141631663e-01
  -2.1578371525e-01
  5.1666315645e-02
  3.8982979953e-02
  -1.0968987644e-01
  -3.3446446061e-02
  -3.3732894063e-01
  -9.7154371440e-02
  1.6665525734e-02
  -3.3977788687e-01
  -1.2970283628e-01
  4.7639149427e-01
  -1.5829290450e-01
  4.0070181713e-03
  -1.0670620948e-01
  -7.5663194060e-02
  -1.6147488728e-02
  6.6676572897e-03
  2.2523934022e-02
  -2.7009773254e-01
  3.9895731211e-01
  -6.2580037117e-01
  -1.5663646162e-01
  -9.7630634904e-02
  -5.0668649375e-02
  -1.4481870830e-01
  1.0526202619e-01
  9.8917856812e-02
  -2.9581600428e-01
  -6.1327075958e-01
  -4.1282128543e-02
  6.4689561725e-02
  -4.4583991170e-02
  -1.2258982658e-01
  -2.0190967619e-01
  -9.9177174270e-02
  -4.8665702343e-03
  1.7074613273e-01
  1.3460665941e-01
  -1.8046575785e-01
  1.0206138343e-01
  -5.9429153800e-02
  -2.4292159826e-02
  -1.6907548904e-01
  1.6274924576e-01
  1.6478782892e-01
  -3.3142913133e-02
  -4.4681049883e-02
  -2.8603842854e-01
  4.2954966426e-02
  1.2896858156e-01
  2.6225414872e-01
  3.3261701465e-02
  -8.8814564049e-02
  -1.4803197235e-02
  5.9042960405e-01
  5.5596262217e-01
  -6.8528634310e-01
  -9.2921599746e-02
  8.7376378477e-02
  2.6581397653e-01
  -1.8092472851e-01
  -4.5462094247e-02
  -7.4840746820e-02
  8.3191201091e-02
  2.7172980830e-02
  -5.0288528204e-01
  9.7404323518e-02
  -5.0246292353e-01
  1.5856830776e-01
  -1.1208346486e-01
  -3.1844137702e-03
  -6.6609844565e-02
  -6.4020432532e-02
  -1.9680717587e-01
  -1.6955375671e-01
  -2.2351267934e-01
  -6.0073457658e-02
  9.6908248961e-02
  -1.2064741552e-01
  1.1017853767e-01
  -1.0656144470e-01
  -3.4334555268e-01
  -7.9820638895e-01
  -1.0907835513e-01
  4.8619261943e-03
  1.1663257331e-01
  -6.5854489803e-02
  -3.7034243345e-02
  2.1267490089e-01
  9.9705584347e-02
  2.6219862700e-01
  2.6814997196e-02
  1.4405627549e-01
  2.6037672535e-02
  -1.5153940767e-02
  4.8409275711e-02
  -6.5200746059e-02
  5.7405605912e-02
  2.0763412118e-01
  -2.2924992442e-01
  -7.3001764715e-02
  3.5745412111e-01
  2.7954158187e-01
  2.8906306624e-01
  -5.8332469314e-02
  -2.3735183477e-01
  -3.1893949956e-02
  -3.6927465349e-02
  -8.3290867507e-02
  8.1553936005e-02
  -3.9807793498e-01
  2.0353503525e-01
  1.8722644448e-01
  -2.8084188700e-01
  4.5996017754e-02
  -1.9550694525e-01
  1.9904224202e-02
  -7.9427070916e-02
  6.5471902490e-02
  -3.7985885143e-01
  1.4439272881e-01
  -7.5951062143e-02
  -1.9296814501e-01
  -1.0344811529e-01
  -3.6229811609e-02
  -1.1588741839e-01
  -2.0925705135e-01
  -3.5842962563e-02
  -4.3680799007e-01
  1.1073198169e-01
  2.7646043897e-01
  -4.7009393573e-01
  -3.7631865591e-02
  1.1192085594e-01
  1.5827107430e-01
  -9.4022266567e-03
  1.9798594713e-01
  -1.1749454588e-01
  4.0950512886e-01
  -2.8434616327e-01
  5.5376123637e-02
  -4.0618610382e-01
  1.1962623596e+00
  1.2988834083e-01
  -2.5682032108e-01
  -1.7671707273e-01
  -7.2918426991e-01
  7.1325373650e-01
  -3.5497788340e-02
  -5.6929320097e-01
  7.4785932899e-02
  2.6384374127e-02
  1.9540905952e-02
  -5.2198970318e-01
  -3.3601976931e-02
  -2.5867307186e-01
  -1.8737953901e-01
  1.0246701539e-01
  -6.7866867781e-01
  -3.1951624155e-01
  5.0848973915e-03
  -2.7644443512e-01
  -3.8992915303e-02
  3.7451364100e-02
  -7.0244568586e-01
  -5.0377273001e-03
  8.5162693262e-01
  -1.7192222178e-01
  -1.7034666240e-01
  -1.8793958426e-01
  -1.1998671293e-01
  -1.2072282284e-01
  4.4399926066e-01
  -4.7843965888e-01
  -1.1723153293e-01
  5.8090603352e-01
  -1.1134684831e-01
  1.1893245578e-01
  -8.2239694893e-02
  -2.5446122885e-01
  -7.4204854667e-02
  -1.6887001693e-01
  -8.5968717933e-02
  -1.4677794278e-01
  -4.1732671857e-01
  -2.4453361332e-01
  1.6860012710e-01
  4.6522878110e-02
  -6.6081263125e-02
  -1.7333963513e-01
  7.8445202112e-01
  2.4564686418e-01
  -8.0911099911e-02
  9.9148327112e-01
  -3.2397419214e-02
  -1.4446784556e-01
  -6.1782125384e-02
  6.4233273268e-02
  -6.8698048592e-02
  3.0448609591e-01
  -6.6148698330e-01
  -4.8645618558e-01
  2.8362995386e-01
  -1.0089280605e+00
  -1.0482250713e-02
  -2.5553590059e-01
  4.0089514852e-01
  4.6544933319e-01
  -1.8840938807e-01
  -3.0906721950e-01
  4.0261903405e-01
  2.8796941042e-02
  1.0628955811e-01
  5.5138492584e-01
  6.3473306596e-02
  -2.2089006379e-02
  1.2559354305e-01
  -4.0508082509e-01
  -2.6894035935e-01
  1.7780800164e-01
  3.2711431384e-01
  9.9446922541e-02
  -6.8341493607e-02
  1.9155846536e-01
  4.2086625099e-01
  2.1196436882e-01
  -6.1322022229e-03
  -1.7685556412e-01
  8.4844708443e-02
  2.7685594559e-01
  3.8775154948e-01
  2.6512792334e-02
  -2.8236094117e-01
  -2.3933628201e-01
  8.0184620619e-01
  -1.0154160857e-01
  2.6381528005e-02
  -6.7029088736e-02
  9.8955474794e-02
  1.6707620025e-01
  3.4766674042e-02
  -1.0180164874e-01
  -2.0312131941e-01
  2.8139656782e-01
  2.8813159466e-01
  -9.9490001798e-02
  -6.5871090628e-03
  -7.1281695366e-01
  -9.6854940057e-02
  -1.1430270225e-01
  -2.4493323267e-01
  1.3801145554e-01
  -3.4094244242e-01
  -5.1003652811e-01
  -4.9633458257e-03
  5.6688129902e-01
  -1.3186849654e-01
  5.4870963097e-01
  6.3391603529e-02
  1.0794793488e-03
  -1.9991955161e-01
  5.2984416485e-01
  1.1394999176e-01
  -4.6625968814e-01
  -1.2524886429e-01
  3.4343719482e-01
  -1.1519721895e-01
  -5.0060991198e-02
  -1.4739240706e-01
  -2.4371741712e-01
  -1.9006648660e-01
  -3.0894365162e-02
  -2.6168096066e-01
  -1.6211917996e-01
  -5.4678303003e-01
  -8.0996000906e-04
  5.6057740003e-02
  6.7476831377e-02
  -5.7895624638e-01
  -1.4197644591e-01
  1.5500076115e-01
  7.4570320547e-02
  -2.8274312615e-01
  -4.5661967248e-02
  6.3151359558e-02
  -3.1943265349e-02
  -1.5949991345e-01
  -9.0303018689e-02
  -2.8574377298e-01
  -4.1071224213e-01
  1.6084896028e-01
  6.7425183952e-02
  4.8599484563e-01
  3.9640066028e-01
  -7.2366714478e-02
  1.2913456559e-01
  -1.7712565139e-02
  3.5131268203e-02
  -1.1809324026e+00
  8.3415322006e-02
  8.7173089385e-02
  -6.0980683565e-01
  3.4389998764e-02
  3.9506453276e-01
  1.0974079370e+00
  1.4480698109e-01
  -3.9345204830e-01
  1.8922549486e-01
  1.6233395785e-02
  2.6606827974e-02
  2.9959309101e-01
  1.8715348840e-01
  -2.9818970710e-02
  -2.3840104043e-01
  2.7615836263e-01
  1.4577361941e-01
  1.4817142487e-01
  7.4067395926e-01
  -7.0962840319e-01
  -8.6540430784e-01
  1.1978574097e-01
  2.4811050296e-01
  2.0615050569e-02
  1.7968980968e-01
  -4.6574726701e-02
  -7.2299289703e-01
  -4.4798782468e-01
  -3.5150995851e-01
  4.0103891492e-01
  -1.5558789670e-01
  3.9048084617e-01
  -5.9384500980e-01
  -3.8727632165e-01
  6.8616658449e-02
  -3.7084199488e-02
  -1.6780172288e-01
  -1.1089789122e-01
  1.6487365961e-01
  -8.5252249241e-01
  -5.1240825653e-01
  1.1846654117e-01
  -8.8913756609e-01
  -8.0753982067e-01
  1.7645730078e-01
  -3.0085426569e-01
  1.0475063324e-01
  -7.0433831215e-01
  6.6612404585e-01
  4.4934031367e-01
  2.3563906550e-01
  3.3006227016e-01
  -6.1352145672e-01
  6.1297035217e-01
  -2.3707997799e-01
  -6.0871791840e-01
  5.7399398088e-01
  2.3062372208e-01
  -3.9295631647e-01
  -4.1660004854e-01
  5.3999334574e-01
  -6.0719400644e-01
  5.4948008060e-01
  4.4577479362e-01
  5.2067649364e-01
  2.8757557273e-01
  -4.8074778914e-01
  2.8841543198e-01
  -9.6193033457e-01
  8.8703072071e-01
  8.4421455860e-01
  4.4014325738e-01
  -5.6726944447e-01
  6.2099593878e-01
  3.1918162107e-01
  7.3744863272e-01
  4.7510987520e-01
  5.8461916447e-01
  5.7776266336e-01
  -5.8056527376e-01
  3.8522166014e-01
  -5.2944141626e-01
  1.1299260855e+00
  7.0949149132e-01
  -4.7519642115e-01
  4.2847651243e-01
  7.3852741718e-01
  5.2313953638e-01
  3.8982668519e-01
  4.5817545056e-01
  4.9672371149e-01
  -4.3965327740e-01
  7.1457499266e-01
  5.5000030994e-01
  -5.5886101723e-01
  -5.9398412704e-01
  -5.5507278442e-01
  9.4475352764e-01
  -8.0331480503e-01
  -8.1081247330e-01
  4.0938651562e-01
  -9.5793944597e-01
  5.0472635031e-01
  -5.3071635962e-01
  1.5128652565e-02
  5.9941762686e-01
  5.0911802053e-01
  -1.9645029306e-01
  -7.6753509045e-01
  -3.3397388458e-01
  -7.4845421314e-01
  -4.6955469251e-01
  -4.9857985228e-02
  -2.8976041079e-01
  3.9671865106e-01
  1.4300130308e-02
  3.5185497999e-01
  -4.1294023395e-01
  -1.2467460707e-02
  -1.0691428185e+00
  4.8557811975e-01
  -3.5918492079e-01
  2.1032457054e-01
  4.3340319395e-01
  -8.0396600068e-02
  5.1470857114e-02
  3.4775686264e-01
  1.8888248503e-01
  2.9772597551e-01
  -4.2658835649e-01
  5.5300956964e-01
  4.1828611493e-01
  -2.5931766629e-01
  -1.9617924094e-01
  -7.3321723938e-01
  -1.5013639629e-01
  1.9908514619e-01
  2.4208712578e-01
  -3.5911464691e-01
  -8.9523598552e-02
  2.0002628863e-01
  9.5203004777e-02
  7.5354672968e-02
  -1.7909157276e-01
  4.0475934744e-01
  1.2168893591e-02
  -3.5024188459e-02
  -3.5772848129e-01
  2.0641897619e-01
  -6.0899138451e-02
  -4.7361350060e-01
  -2.1395461261e-01
  8.2140257582e-03
  5.9072279930e-01
  3.2114470005e-01
  -3.7073948979e-01
  2.8928074241e-01
  3.0389252305e-01
  1.3116098940e-01
  -2.4641296268e-01
  -2.3822169006e-01
  2.4509596825e-01
  5.4756790400e-01
  -2.2041272372e-02
  2.2428093851e-01
  2.8026705980e-01
  3.6007824540e-01
  1.8936546147e-01
  3.4936502576e-01
  2.0344735682e-01
  -3.7813588977e-01
  2.5060715154e-02
  1.1257127672e-01
  1.2991872430e-01
  -3.4947626293e-02
  9.8020955920e-02
  -3.6611948162e-02
  -1.2345947325e-01
  7.6929621398e-02
  -2.3147052526e-01
  2.7041333914e-01
  2.6864522696e-01
  -1.2430007011e-01
  7.2276435792e-02
  -1.1300861090e-01
  -3.8253360987e-01
  -7.1348659694e-02
  3.2798004150e-01
  5.6797437370e-02
  1.0590934008e-01
  1.7170940340e-01
  -3.4475466609e-01
  2.0984554291e-01
  -1.4973461628e-01
  1.6723047197e-01
  -1.6312977672e-01
  -5.7164259255e-02
  4.4642824680e-02
  -2.2240940481e-02
  -2.2234125435e-01
  -1.0535376519e-01
  2.8456050158e-01
  -4.1718482971e-02
  -2.4567170069e-02
  -2.0700100064e-01
  -2.9408145696e-02
  -3.8573822379e-01
  -2.2777903080e-01
  1.7359130085e-01
  -5.3222566843e-02
  -8.7165616453e-02
  -1.2360727787e-01
  3.7285700440e-01
  2.0357185602e-01
  6.6344268620e-02
  1.0098741949e-01
  -1.6567070782e-01
  -9.3667604029e-02
  -2.0565296710e-01
  -1.1533573270e-01
  2.7966001071e-03
  2.4347168207e-01
  3.5954926163e-02
  1.3082450256e-02
  2.3041677475e-01
  -1.1380486190e-01
  7.6691381633e-02
  -1.5010811388e-01
  3.7689222954e-03
  -3.1654700637e-02
  6.2397528440e-02
  3.9254400134e-01
  1.4988616109e-01
  3.6015278101e-01
  2.1631726995e-02
  4.0703317523e-01
  -2.4934893847e-01
  -2.5867694616e-01
  7.8659392893e-02
  1.0161581635e-01
  1.2272980064e-01
  2.0241203904e-01
  6.7992277443e-02
  -1.3494524360e-01
  8.9055500925e-02
  1.0180586949e-02
  -1.3270005584e-01
  -6.9679141045e-02
  -3.1480077654e-02
  2.0635800436e-02
  -2.1073532104e-01
  -1.2848688290e-02
  -8.1494845450e-02
  -1.7787763476e-01
  -2.0873543620e-01
  2.4139476940e-02
  6.9048091769e-02
  -1.1414811015e-01
  2.8498783708e-01
  -8.6529642344e-02
  4.8902052641e-01
  -1.5716582537e-01
  2.7546477318e-01
  -1.3407577761e-02
  -9.4524957240e-02
  -1.8462958932e-01
  -4.9354398251e-01
  -1.0471861064e-01
  -1.7250485718e-01
  -1.5228669345e-01
  4.3100878596e-01
  3.1301203370e-01
  6.3012912869e-02
  -2.8091010451e-01
  -9.3469038606e-02
  1.2629424036e-01
  -2.9913954437e-02
  -2.9058521986e-01
  -4.5052939653e-01
  7.2798229754e-02
  5.4485388100e-02
  2.9463627934e-01
  -3.0442893505e-01
  1.8540492654e-01
  -6.3056558371e-02
  -2.3501186073e-01
  6.3248954713e-02
  -4.1124996543e-01
  -2.5237385184e-02
  -2.3859180510e-02
  2.4671648443e-01
  4.2530262470e-01
  -1.0540856980e-02
  -1.0315705836e-01
  -3.4036409110e-02
  -2.3999501765e-01
  -2.8743419051e-01
  6.9503240287e-02
  3.2210093923e-03
  2.3538370430e-01
  -9.1351665556e-02
  1.6692571342e-01
  4.0323582292e-01
  -7.7450072765e-01
  -7.6838240027e-02
  1.5720584989e-01
  -8.2055749372e-03
  2.6495596766e-01
  -1.0100248270e-02
  5.4321311414e-02
  -5.6297175586e-02
  3.6881577224e-02
  -4.7690864652e-02
  1.4334814250e-01
  4.7890026122e-02
  -2.5343042612e-01
  -4.3680179864e-02
  4.3639313430e-02
  -1.1364705861e-03
  -9.2035964131e-02
  -2.5234261155e-01
  -2.0188148320e-01
  -5.5602949113e-02
  8.7838195264e-02
  1.4974047244e-01
  1.7406669259e-01
  6.8796053529e-02
  -6.4415901899e-02
  1.1114642955e-02
  -1.7347378656e-02
  -3.4052636474e-02
  -1.5210007131e-01
  1.1693915725e-01
  -1.5290186275e-03
  -1.7007918656e-01
  1.8335970119e-02
  -2.0552717149e-01
  -5.8052267879e-02
  3.2958388329e-02
  -5.2785772085e-01
  3.7389725447e-02
  -1.2868954241e-01
  3.0759686232e-01
  -2.8914564848e-01
  8.4815010428e-02
  4.1642186046e-01
  7.6758041978e-02
  -1.0494786501e-01
  -3.2931426167e-01
  -2.2270822525e-01
  -1.9200596726e-03
  -3.2827757299e-02
  -7.8625932336e-02
  -6.1320848763e-02
  -1.8372830749e-01
  2.2836627066e-01
  -4.4162292033e-02
  -4.0079906583e-02
  -1.3059486449e-01
  3.7296238542e-01
  1.9144022465e-01
  9.2003405094e-02
  -1.1615042388e-01
  9.7753025591e-02
  -8.9195789769e-03
  1.9112819806e-02
  8.0618716776e-02
  -1.3212507963e-01
  -2.8760036826e-01
  -2.2674538195e-01
  -1.1543409526e-01
  1.2607550621e-01
  1.3212396204e-01
  -7.1487255394e-02
  7.0406019688e-02
  1.1487807333e-01
  -1.0576434433e-01
  -1.0155770183e-01
  9.0667875484e-03
  -1.9584439695e-01
  -1.7291019857e-01
  4.7627311200e-02
  5.0977855921e-02
  -6.3160532154e-03
  1.0990121961e-01
  1.6510296613e-02
  -4.4737134129e-02
  -7.8635364771e-02
  -1.3499607146e-01
  -1.3869227469e-01
  9.7889542580e-02
  -7.0589180104e-03
  -1.9432838261e-01
  4.0906876326e-01
  1.2938648462e-01
  -9.1748856008e-02
  1.0841397941e-01
  1.5915556252e-01
  -1.5192644671e-02
  4.5985963941e-01
  1.3382536173e-01
  -1.4810925722e-01
  2.4903427064e-01
  2.4159492552e-01
  1.3994981349e-01
  -3.9361828566e-01
  -4.2113911361e-02
  -1.4820715785e-01
  -1.0392610729e-01
  -5.5315684527e-02
  -7.0199206471e-02
  1.4551515877e-01
  7.5390227139e-02
  2.0373985171e-01
  -4.7669896483e-01
  6.5218709409e-02
  6.3263483346e-02
  -8.2544691861e-02
  -8.6795967072e-03
  -2.1736153960e-01
  9.8931426182e-03
  2.4981280789e-02
  -3.7655761838e-01
  -7.0156782866e-02
  1.1014458537e-01
  -1.1101148278e-01
  3.3540067077e-01
  9.8330834880e-03
  -2.5818192959e-01
  -2.6856437325e-01
  1.0079692304e-01
  4.7412005067e-01
  -3.4973520786e-02
  2.4062010646e-01
  -9.7584314644e-02
  -7.7104127407e-01
  1.8351456523e-01
  9.0941183269e-02
  5.1657255739e-02
  -1.4885716140e-01
  -3.7275078893e-01
  -3.4294568002e-02
  1.5132145584e-01
  2.6919478551e-02
  2.5135213137e-01
  -1.7169492319e-02
  -2.1281752735e-02
  -2.3406490684e-01
  2.3785102367e-01
  -6.8280839920e-01
  -5.4699335247e-02
  -2.5930377841e-01
  -3.3565708995e-01
  3.7944132090e-01
  4.9926377833e-02
  1.4732347429e-01
  -2.5517639518e-01
  -1.5617455542e-01
  -1.7844007909e-01
  2.2593320906e-01
  -1.0967274010e-01
  -3.1155135483e-02
  2.0024101436e-01
  4.7325614840e-02
  1.7288720235e-02
  -1.1039873213e-01
  3.7167310715e-02
  -3.2686629891e-01
  -9.7119025886e-02
  2.6596614718e-01
  -1.0775623843e-02
  7.9480864108e-02
  1.3328270614e-01
  3.1255981326e-01
  2.9133325443e-02
  -3.1321951747e-01
  -3.8267379999e-01
  -2.0812824368e-01
  -1.2304772437e-01
  -9.3994751573e-02
  -1.1772710830e-02
  -9.0592727065e-02
  -1.2633329630e-01
  -9.6041895449e-02
  2.8312955052e-02
  1.6158778965e-01
  1.9430792332e-01
  1.8371070921e-01
  1.0464277864e-01
  6.1693988740e-02
  9.8288409412e-02
  8.2603752613e-02
  2.7173379436e-02
  -3.7156771868e-02
  -7.8248046339e-02
  1.5917638317e-02
  -5.2564889193e-02
  6.7118048668e-02
  1.7641820014e-03
  -7.5401790440e-02
  4.5590505004e-02
  -2.2181262076e-01
  -8.5417605937e-02
  -4.2481452227e-01
  1.4969228208e-01
  -4.9639403820e-02
  6.7049704492e-02
  2.2038038075e-01
  -3.1880926341e-02
  -9.3925915658e-02
  -6.5150097013e-02
  -2.7057203650e-01
  -4.0051404387e-02
  -4.2789269239e-02
  5.7268545032e-02
  1.2650753558e-01
  -7.5163558125e-02
  3.8795974851e-01
  -1.9294163585e-01
  -3.1669963151e-02
  -6.8623945117e-02
  1.0445304215e-01
  -9.9378481507e-02
  6.2251117080e-02
  -1.9686656073e-02
  2.1861258894e-02
  1.2803352438e-02
  8.4806755185e-02
  1.6763081774e-02
  -1.1115356535e-01
  -5.9011578560e-01
  6.1077874154e-02
  -2.8568667173e-01
  -5.8826100081e-02
  6.4655832946e-02
  -6.7948967218e-02
  -3.2433915138e-01
  -5.3221739829e-02
  9.4911351800e-02
  2.4055990577e-01
  -9.4250038266e-02
  1.6678139567e-02
  5.7332482189e-02
  -3.3239322901e-01
  2.1966882050e-02
  -9.7807347775e-02
  5.3942449391e-02
  2.5850501657e-01
  8.0439366400e-02
  3.1894877553e-02
  6.1474237591e-02
  -2.0222567022e-01
  6.1295732856e-02
  2.6440085843e-02
  -1.1551478505e-01
  -2.6215180755e-01
  5.5933617055e-02
  -2.4696640670e-01
  2.4410912395e-01
  -1.4071111381e-01
  -7.4332736433e-02
  1.7497378588e-01
  8.5265979171e-02
  1.6144292057e-01
  1.1835624278e-01
  -1.1772940308e-01
  -1.8947884440e-01
  -2.8597656637e-02
  -7.4391206726e-03
  2.4909783900e-01
  3.0528301373e-02
  -5.6320469826e-02
  -2.0752726495e-01
  1.0373868048e-02
  -1.2171677500e-01
  7.1691670455e-03
  6.1078118160e-03
  9.3043699861e-02
  5.9798512608e-02
  -1.1521673203e-01
  -4.8085428774e-02
  8.3084017038e-02
  -8.7566100061e-02
  -1.3540907204e-01
  -1.8894159794e-01
  3.6605525762e-02
  2.8146361932e-02
  -1.0969226062e-01
  -1.4890356362e-01
  1.1121487478e-03
  1.4949871600e-01
  3.4240695834e-01
  1.7428221181e-02
  -4.1810747236e-02
  -4.1622352600e-01
  6.4497001469e-02
  -2.4542634189e-01
  -1.7019923031e-01
  7.7189407311e-03
  1.8036802113e-01
  -6.4313463867e-02
  1.1908458918e-01
  3.8937516510e-02
  -6.8411633372e-02
  3.7102812529e-01
  -1.4445059001e-01
  4.0128625929e-02
  3.9603367448e-01
  2.6150363684e-01
  3.3528780937e-01
  4.8775732517e-02
  1.2789797783e-01
  -1.8395273387e-01
  9.6730977297e-02
  -1.9183892012e-01
  -4.9683433771e-01
  1.2277591228e-01
  1.2637680769e-01
  7.5276367366e-02
  2.7089181542e-01
  -5.3919494152e-01
  4.8158753663e-02
  5.4403271526e-02
  -7.1726977825e-02
  -2.8830122203e-02
  5.5121786892e-02
  5.3424868733e-02
  -6.3198074698e-02
  -9.8699390888e-02
  3.2332990319e-02
  -1.2396345846e-02
  -7.6091937721e-02
  2.7974640951e-02
  1.0743664205e-01
  5.6399039924e-02
  2.8080739081e-02
  2.2289249301e-01
  -2.0765254274e-02
  8.8940972090e-01
  -5.0860978663e-02
  4.1502088308e-01
  3.3944644034e-02
  -1.2600848079e-01
  -2.2374063730e-01
  -3.3482804894e-01
  -8.3498455584e-02
  -1.2354222685e-01
  -1.4507047832e-02
  3.7935853004e-02
  -1.1275111139e-01
  -4.8425614834e-02
  -6.1639808118e-02
  -1.8077674508e-01
  -3.3729992807e-02
  -6.6399052739e-02
  -1.6716955602e-01
  3.0277338624e-01
  1.5896537900e-01
  2.2227667272e-01
  -1.9262738526e-02
  -1.9706457853e-01
  4.6760346740e-02
  -2.7488772757e-03
  -4.4454932213e-01
  -2.9815459251e-01
  -2.2920790315e-01
  7.2013747692e-01
  2.9807549715e-01
  -2.7789702639e-02
  1.7947395146e-01
  3.5918807983e-01
  -6.7048840225e-02
  4.2987979949e-02
  -2.2737893462e-01
  6.3792729378e-01
  1.1564680189e-01
  -3.6125826836e-01
  -5.9049883857e-03
  -2.2093559802e-01
  7.0512078702e-02
  8.2704992965e-03
  7.3450915515e-02
  1.9608412683e-01
  5.8560395241e-01
  3.6547297239e-01
  3.1607270241e-02
  -1.9365617633e-01
  1.3476057351e-01
  -6.5417952836e-02
  1.1896672100e-01
  -3.3984446526e-01
  -1.8438515067e-01
  4.3120616674e-01
  -6.4832514524e-01
  -3.5460191965e-01
  8.1828102469e-02
  7.8269273043e-02
  -6.1898499727e-02
  1.9087134302e-01
  2.4409689009e-01
  -1.2143845111e-01
  3.9213344455e-02
  -2.1995790303e-01
  -2.9238486290e-01
  -3.3540600538e-01
  3.7165108370e-04
  1.7162926495e-01
  7.0724017918e-02
  -6.6833689809e-02
  3.9875108749e-02
  7.1549773216e-01
  -4.5080784708e-02
  -3.5207945108e-01
  -3.9344358444e-01
  -1.0602733493e-01
  -1.1662042141e-01
  -9.1339617968e-02
  1.4010915160e-01
  1.0859508812e-01
  6.6498708725e-01
  1.8762475252e-01
  2.3851677775e-01
  6.5323099494e-02
  1.6126550734e-01
  6.9331720471e-02
  7.2403691709e-02
  9.3126915395e-02
  2.4959647655e-01
  3.1179019809e-01
  -2.9802760482e-01
  1.6218046844e-01
  -1.5637861565e-02
  -2.2687125206e-01
  -1.6795183718e-01
  -9.3494802713e-03
  -1.8531383574e-01
  -1.2803700566e-01
  -3.7814859301e-02
  -8.3880024031e-03
  3.5004407167e-01
  6.6568247974e-02
  -2.1094991267e-01
  -1.1249795556e-02
  -1.5148384869e-01
  8.8242068887e-02
  1.5783321857e-01
  1.0625689030e+00
  -2.7928298339e-02
  3.8918629289e-01
  -2.1039551497e-01
  7.8266382217e-02
  4.9395907670e-02
  -2.8762048483e-01
  -7.7849097550e-02
  -1.3561384380e-01
  3.8976166397e-02
  1.8080834299e-02
  1.1933935434e-01
  1.4814043045e-01
  -2.3420216143e-01
  -7.9274162650e-02
  2.3740002885e-02
  -1.2865947187e-01
  -9.6175238490e-02
  2.4301843345e-01
  -1.2707406282e-01
  -7.3230132461e-02
  1.2030464411e-01
  -6.1694387347e-02
  1.1634140275e-02
  -4.8622209579e-02
  -2.1219730377e-01
  -1.3191376626e-01
  -2.4630932137e-02
  4.9251213670e-01
  8.5021883249e-02
  2.9824697971e-01
  1.1090528220e-01
  1.6159081459e-01
  -3.7676694989e-01
  -3.3226013184e-01
  -8.2379937172e-02
  -1.2096595764e-01
  1.0642105341e-01
  -2.2613959014e-01
  -2.5456988811e-01
  -2.2178301215e-01
  2.4556799233e-01
  -6.4932003617e-02
  -1.5840877593e-01
  -1.0427382588e-01
  4.9989795685e-01
  2.6019847393e-01
  1.1352462322e-01
  -6.2254633754e-02
  4.2610932142e-02
  8.0118022859e-02
  -1.2426643819e-01
  -1.9171057642e-01
  -1.9488457590e-02
  -1.0380954295e-01
  -1.2912450731e-01
  -1.1465283483e-01
  -1.7410209775e-01
  -1.0935278982e-01
  2.1142616868e-02
  6.2562811375e-01
  -5.2589756250e-01
  4.9068003893e-02
  5.9613317251e-01
  2.3614607751e-01
  -9.7960191965e-01
  6.9026440382e-01
  8.1910783052e-01
  1.5159194469e+00
  -2.3507334292e-01
  5.9093914926e-02
  -9.0518658981e-03
  3.0690541863e-01
  1.7430903018e-01
  1.1871603876e-01
  -3.0491543934e-02
  -2.7623042464e-01
  -8.9885639027e-03
  -7.0876902342e-01
  -5.1806384325e-01
  -1.2464763969e-01
  3.1510996819e-01
  -3.5736477375e-01
  -3.0858591199e-01
  1.2334391475e-01
  2.1996939182e-01
  -4.7156000137e-01
  -1.5521661378e-02
  4.9169853330e-02
  2.4092561007e-01
  7.6823747158e-01
  3.3160039783e-01
  3.7099964917e-02
  -2.6568856556e-03
  6.3999646902e-01
  -2.3907066882e-01
  -6.2660045922e-02
  -5.0307124853e-02
  -3.0929660797e-01
  4.2927736044e-01
  -7.9111762345e-02
  1.5453602374e-01
  -5.6269238703e-03
  2.7768373489e-02
  -2.2128194571e-01
  -8.2308039069e-02
  4.7738012671e-01
  7.3403298855e-02
  -6.6361379623e-01
  -1.7729385197e-01
  -6.0751261190e-03
  -2.9141709208e-01
  -5.5198782682e-01
  1.7476865649e-01
  1.1465270817e-01
  1.3274289668e-01
  2.3905056715e-01
  3.6428838968e-02
  -1.6427537426e-02
  7.0221386850e-02
  -1.7778988183e-01
  2.7000691742e-02
  -1.1008943431e-02
  3.0290344730e-02
  -7.1764388122e-03
  1.9672322273e-01
  6.1907403171e-02
  8.5636340082e-02
  1.2838004529e-01
  1.3607278466e-01
  -5.4602965713e-02
  1.2005037069e-01
  7.9427935183e-02
  1.9719414413e-01
  1.0219696164e-01
  -1.8392653763e-01
  1.3149690628e-01
  -7.2697706521e-02
  -2.7025315166e-01
  -3.9939116687e-02
  -1.8404547882e-04
  9.1668769717e-02
  2.2711697966e-02
  2.3090527952e-01
  1.2135632336e-01
  -1.3816484809e-01
  1.9041880965e-02
  -2.6057025790e-01
  5.0506737083e-02
  -1.3218289614e-01
  5.4222635925e-02
  5.3087480366e-02
  5.0342887640e-02
  -1.6966265440e-01
  4.8674594611e-02
  2.8636074066e-01
  1.1425741017e-01
  -2.4262867868e-02
  -1.2229680270e-01
  1.4088797569e-01
  -1.1837351322e-01
  9.7508668900e-02
  1.8868215382e-01
  2.0376786590e-01
  1.6438262165e-01
  6.2940366566e-02
  1.0355473496e-02
  2.8714528307e-02
  -2.4253943563e-01
  1.3767917454e-01
  3.6957755685e-01
  -3.9187243581e-01
  -2.7019590139e-01
  -7.7044528723e-01
  4.6662017703e-01
  6.7780956626e-02
  3.7307915092e-01
  8.7636962533e-02
  4.6900447458e-02
  6.9531664252e-02
  -9.4748705626e-02
  -2.5467889383e-02
  -4.7369781882e-02
  4.1387414932e-01
  -1.2640466448e-03
  2.2853317857e-01
  9.2219486833e-02
  1.8283799291e-01
  7.0823669434e-02
  -1.8483314663e-02
  -1.0611079931e+00
  4.2623451352e-01
  1.8738839030e-01
  -4.1761827469e-01
  1.5863037109e-01
  -3.8610219955e-02
  5.8902513236e-02
  2.9994103312e-01
  -8.8083535433e-01
  -2.7777919173e-01
  2.0107868314e-01
  5.4322713986e-03
  -1.8193905056e-01
  3.1274307519e-02
  -1.2251997367e-02
  2.1468579769e-01
  1.1254072189e-01
  -1.3829584420e-01
  7.7963781357e-01
  7.4841737747e-02
  7.1825772524e-02
  5.5020475388e-01
  -4.1423663497e-02
  -1.2239491194e-01
  1.1668158323e-01
  1.2564834952e-01
  -2.3357404768e-01
  -1.8988360465e-01
  9.1264724731e-02
  2.2166328132e-01
  2.5691875815e-01
  9.1039307415e-02
  5.3771519661e-01
  -6.8165713549e-01
  -8.5961706936e-02
  1.1839623451e+00
  7.5096976757e-01
  3.1292116642e-01
  5.6501185894e-01
  8.6300057173e-01
  -2.5601357222e-01
  -6.5644067526e-01
  2.7099338174e-01
  2.0082211494e-01
  -1.3644062281e+00
  -2.7605539071e-04
  -2.4938434362e-01
  1.1290093660e+00
  4.0446299314e-01
  2.0196543634e-01
  -2.3306095600e-01
  2.6503363252e-01
  -8.7235428393e-02
  5.6520462036e-01
  -2.1274590865e-02
  -4.6224240214e-02
  -3.5761976242e-01
  3.7710553408e-01
  -2.8689637780e-01
  1.3484150171e-02
  -4.5531898737e-01
  -3.7275761366e-01
  1.9879816473e-01
  2.4239921570e-01
  -3.3961406350e-01
  -5.6170187891e-02
  4.3511200696e-02
  -1.7469948158e-02
  -3.2995542884e-01
  -4.1683268547e-01
  1.2171184272e-01
  1.9798463583e-01
  -6.6099539399e-02
  -6.5521019697e-01
  -5.9845834970e-02
  -2.5197732449e-01
  2.1810372174e-01
  -1.0497404635e-01
  -1.2929938734e-01
  -3.1300779432e-02
  -2.3054935038e-01
  -4.0878227353e-01
  3.6641579866e-01
  -1.1219913512e-01
  -1.0514484346e-01
  -4.0784090757e-02
  -1.6002175212e-01
  -1.5662086010e-01
  -1.9914685190e-01
  1.5250551701e-01
  -3.4464292228e-02
  -2.4029910564e-02
  1.0269662738e-01
  6.1640124768e-02
  4.7904752195e-02
  8.4362693131e-02
  1.7969807610e-02
  -1.3929992914e-02
  5.9156030416e-02
  -1.1066602916e-01
  -3.7618853152e-02
  8.4583625197e-02
  6.8630673923e-03
  5.1147405058e-02
  -1.4738079906e-01
  -7.5711078942e-02
  -1.3223108649e-01
  1.9599451125e-01
  -3.7014760077e-02
  -5.8061171323e-02
  4.8671919852e-02
  -4.4566046447e-02
  2.0742338896e-01
  2.2002403438e-01
  -2.1628788114e-01
  -6.8748436868e-02
  5.8494888246e-02
  6.6930875182e-02
  2.7510730550e-02
  2.4143463373e-01
  -1.2227854133e-01
  2.0771013200e-01
  -3.0037960038e-02
  -8.6788147688e-02
  -5.9754960239e-02
  1.2379349209e-03
  2.1134293079e-01
  -2.5890943408e-01
  -2.6808750629e-01
  5.3313251585e-02
  -4.4981349260e-02
  -6.1228456907e-03
  2.1939668804e-02
  -1.3271640241e-01
  -1.2260290980e-01
  3.4776365757e-01
  -1.1910527200e-01
  1.4924433827e-01
  2.5910614058e-02
  5.2143879235e-02
  1.2383900583e-01
  -3.1423425674e-01
  6.8783089519e-02
  2.2925938666e-01
  2.4434514344e-02
  -3.2300975174e-02
  1.8530713022e-01
  1.1465523392e-01
  3.5793215036e-02
  -4.9558497965e-02
  1.9441980124e-01
  7.1909278631e-02
  -2.5964872912e-02
  8.9735135436e-02
  8.2791402936e-02
  -1.9296021492e-04
  7.1721985005e-03
  -4.2199861258e-02
  6.1468765140e-02
  -2.8006151319e-01
  -1.9578145444e-01
  -1.4583615959e-01
  1.0962068103e-02
  4.4316243380e-02
  -3.6845589057e-03
  4.8924133182e-02
  -1.2651726604e-01
  1.9855499268e-01
  2.6196477935e-02
  -1.3975296915e-01
  -6.0716789216e-02
  2.9833510518e-01
  -1.3304324448e-01
  6.5961122513e-02
  -1.9935069606e-02
  1.3930070214e-02
  -6.2748096883e-02
  -1.3110637665e-01
  -6.2323387712e-02
  -1.3584414124e-01
  -4.1312556714e-02
  -2.0781807601e-01
  9.2467345297e-02
  1.5084505081e-02
  -1.5077351034e-01
  1.5590859950e-01
  -1.0260070115e-01
  -1.1330527253e-02
  -6.0665363073e-01
  -4.5478515327e-02
  -1.2472748756e-01
  1.1827774346e-01
  3.7540186197e-02
  7.5792022049e-02
  5.3513262421e-02
  1.0238744318e-01
  -3.3531516790e-01
  4.0192496032e-02
  -2.7472567558e-01
  4.8026302457e-01
  -2.3731265962e-01
  -6.5995469689e-02
  -3.3896210790e-01
  3.0315560102e-01
  -1.8623429537e-01
  -1.4527268708e-01
  -1.9221338630e-01
  6.7959323525e-02
  9.0127694607e-01
  7.2961762547e-02
  3.1908410788e-01
  2.7745476365e-01
  4.7586044669e-01
  1.1222587526e-01
  -3.4730277956e-02
  -5.3580790758e-01
  1.9526433945e-01
  3.3706879616e-01
  -4.3001517653e-01
  -3.8159781694e-01
  -1.6196498182e-03
  -1.3619205356e-01
  -1.4654909074e-01
  3.4697678685e-01
  -4.7969847918e-01
  -2.1625328064e-01
  4.2164123058e-01
  -3.8581192493e-01
  6.4573444426e-02
  -1.2838734686e-01
  1.8985803425e-01
  -1.3296596706e-01
  1.0367111862e-01
  -1.9877616316e-02
  -1.0645394772e-01
  1.4625102282e-01
  6.9620817900e-02
  -4.5771706104e-01
  1.0839529335e-01
  3.7393569946e-01
  1.9697754085e-01
  -4.2262477800e-03
  -3.9678251743e-01
  3.4130930901e-01
  6.8387454748e-01
  2.4441589415e-01
  7.1874447167e-02
  -4.6665918082e-02
  6.9195968099e-03
  3.5896351933e-01
  3.2445270568e-02
  -1.7344856262e-01
  -7.1696895361e-01
  7.5607098639e-02
  -1.5342061222e-01
  -2.3319894075e-01
  -4.1829568148e-01
  -2.0190216601e-01
  -2.7438649535e-01
  -2.4017438293e-01
  5.2157866955e-01
  -1.1587912589e-01
  1.7947253585e-01
  -2.0329608023e-01
  3.1521666795e-02
  -2.0292294025e-01
  -7.7913910151e-02
  6.2324833870e-01
  -1.1961669661e-02
  -1.7677156627e-01
  -2.3614129424e-01
  1.0189180076e-01
  2.4691835046e-02
  -5.0483727455e-01
  2.4287566543e-01
  1.8595008552e-01
  2.2649286687e-01
  -1.4893011749e-01
  -2.0933270454e-01
  1.6930837929e-01
  -8.7146081030e-02
  -3.1169432402e-01
  -3.9800593257e-01
  -7.2421059012e-02
  -2.4876844883e-01
  2.1749530733e-01
  1.4129437506e-01
  1.1923702806e-01
  -1.1489166319e-01
  5.8892405033e-01
  3.2948026061e-01
  -3.8677302003e-01
  2.0364201069e-01
  -9.5634140074e-02
  1.0172639787e-01
  -8.6154066026e-02
  1.8950988352e-01
  4.8388275504e-01
  1.9860923290e-01
  -2.7609387040e-01
  2.1005913615e-01
  1.1695142835e-01
  6.0691171885e-01
  -9.7910743952e-01
  -5.0629414618e-02
  7.3095434904e-01
  9.3309111893e-02
  -7.1817971766e-02
  2.1323877573e-01
  1.1509611458e-01
  7.9581511021e-01
  -1.0444592685e-01
  1.3633881509e-01
  4.7546973825e-01
  -1.2505570650e+00
  2.7333325148e-01
  4.4778373092e-02
  -1.0301252604e+00
  5.4237879813e-02
  8.6620084941e-02
  -1.0111495107e-01
  -7.6837533712e-01
  -1.4174021780e-01
  -8.5992962122e-01
  6.4493358135e-01
  -7.5018063188e-02
  -4.7625187039e-01
  7.9541617632e-01
  -2.3793600500e-01
  4.5179182291e-01
  -5.9795844555e-01
  -2.5636404753e-01
  -2.9002243280e-01
  -1.7103607953e-01
  3.9634111524e-01
  -7.8120186925e-02
  1.8481376767e-01
  -7.5692079961e-02
  1.5642619692e-03
  2.6426383853e-01
  -1.4641381800e-01
  -7.1449033916e-02
  3.4671083093e-01
  -2.8253912926e-01
  -5.3147143126e-01
  3.5458296537e-01
  -3.6781176925e-01
  8.1539541483e-01
  6.9417035580e-01
  3.1402626634e-01
  -1.4806631207e-01
  9.3879580498e-01
  -1.8620663881e-01
  -1.7891950905e-01
  -3.0794620514e-02
  -1.3954323530e-01
  3.9931860566e-01
  -3.2224991918e-01
  -3.2077953219e-01
  1.8669876456e-01
  3.7501531839e-01
  -5.2279774100e-02
  5.7680368423e-02
  1.5225844085e-01
  -1.0346315801e-01
  -1.0423277318e-01
  5.0089605153e-02
  -3.1585314870e-01
  4.1752019525e-01
  -4.1268453002e-02
  3.0650016665e-01
  7.7080368996e-02
  -1.6477067769e-01
  -1.4249987900e-01
  -2.2348304093e-01
  -1.5379801393e-01
  -1.1943224072e-01
  -2.1753862500e-01
  1.4366246760e-02
  -1.1972539872e-01
  -7.3582425714e-02
  -2.0067121834e-02
  -3.5110551119e-01
  -5.5944196880e-02
  -4.7571557760e-01
  -2.9197272658e-01
  1.1420383453e+00
  4.5658358932e-01
  -9.7664915025e-02
  1.7161360383e-01
  -1.6502204537e-01
  6.7291110754e-02
  3.3401322365e-01
  -9.4990655780e-03
  -1.9090740383e-01
  -4.6617197804e-03
  -2.7867984772e-01
  -2.2882880270e-01
  6.1791192740e-02
  2.2664362565e-02
  6.7125782371e-02
  -2.1158629656e-01
  1.8301954865e-01
  -3.4673286136e-03
  -6.9680768251e-01
  8.0283844471e-01
  -3.5506716371e-01
  -5.3487580270e-02
  -2.5587192178e-01
  -1.0689924657e-01
  -1.7426913604e-02
  4.0102604032e-01
  -2.6986727491e-02
  -4.9885071814e-02
  -3.5559320450e-01
  -4.4313352555e-02
  -1.8816630542e-01
  -4.2844334245e-01
  -5.5344301462e-01
  8.0113664269e-02
  6.1122835614e-03
  -7.7165752649e-02
  5.9509903193e-01
  -2.4406973273e-02
  4.0028724074e-01
  3.1263148785e-01
  -1.0054916143e-01
  8.9079417288e-02
  1.3167823851e-01
  3.1457296014e-01
  -1.2037850171e-01
  7.6613092422e-01
  -3.7310707569e-01
  1.0259550065e-01
  1.3501086831e-01
  -6.9457769394e-01
  5.6215163320e-02
  1.3239926659e-02
  6.7444019020e-02
  -1.6035611928e-01
  2.9930287600e-01
  -8.8516905904e-02
  -1.1711992323e-01
  2.6039622724e-02
  -3.2316532731e-01
  1.4872862399e-01
  -3.4769001603e-01
  5.5025432259e-02
  -1.1337001622e-01
  -2.6848304272e-01
  -2.5501093268e-01
  1.4505010843e-01
  4.6671003103e-01
  -3.0858635902e-01
  -3.6878064275e-01
  -6.7985042930e-02
  -3.6395784467e-02
  -1.7205490172e-01
  -1.8570406735e-01
  -5.0023180246e-01
  9.9053137004e-02
  1.1339028366e-02
  -1.7805841565e-01
  -4.7870922834e-02
  -1.0808897018e-01
  2.7676323056e-01
  -6.3574180007e-02
  -2.0548886061e-01
  -1.4739772677e-01
  -2.5806477666e-01
  -4.3570868671e-02
  2.8697116300e-02
  -8.8901601732e-02
  -2.1028153598e-01
  1.4435132034e-02
  -4.9413867295e-02
  1.2025988847e-01
  -5.1357366145e-02
  -1.3949945569e-01
  1.0785110295e-01
  1.6399730742e-01
  -5.4807830602e-02
  6.7213527858e-02
  2.0123276114e-01
  1.1897070706e-01
  1.1063252389e-01
  1.4058054984e-01
  -8.8349366561e-03
  1.6787983477e-01
  -1.3439816236e-01
  -1.3099516928e-01
  9.4924747944e-02
  1.3233113289e-01
  1.5822769701e-01
  2.1995981038e-01
  3.1548492610e-02
  -8.6575068533e-02
  -7.5363744982e-03
  1.1742530763e-01
  -2.4299699068e-01
  -2.7981521562e-02
  2.3670603335e-01
  3.0640715361e-01
  -3.8979381323e-02
  -1.1830751598e-01
  7.8017510474e-02
  5.9337429702e-02
  8.3596996963e-02
  -1.6617944837e-01
  -2.3046411574e-01
  -2.8753215075e-01
  2.6337113976e-01
  -3.7882875651e-02
  1.0470081121e-01
  -1.3902597129e-01
  -1.0909497738e-01
  -1.8026162684e-01
  -1.0752051137e-02
  -6.9579385221e-02
  -5.0750541687e-01
  1.5354874544e-02
  1.0693492740e-01
  1.6635732353e-01
  -1.4176094532e-01
  1.1498338729e-01
  1.1115153134e-01
  4.1176164150e-01
  8.1324808300e-02
  -1.0147569329e-01
  -1.6457520425e-01
  -3.1189747155e-02
  -2.1227620542e-01
  -8.6797960103e-02
  2.4374958128e-02
  -2.9712438583e-01
  -2.4425445497e-01
  -1.8749752641e-01
  -2.5686514378e-01
  -1.2074037641e-01
  -3.1092077494e-01
  1.9887568057e-01
  -3.8001045585e-01
  2.9130533338e-01
  5.0737947226e-01
  2.3575048149e-01
  -6.7563615739e-02
  -1.7393541336e-01
  -3.1439322233e-01
  -2.2684589028e-01
  -4.7755215317e-02
  1.2668161094e-01
  3.1796574593e-01
  -3.4473994374e-01
  -8.9095734060e-02
  9.2899054289e-03
  -1.9380431622e-02
  -3.0925878882e-01
  4.0603789687e-01
  -5.3338155150e-02
  -4.7673404217e-02
  1.7073774338e-01
  1.0518226773e-01
  1.4435625076e-01
  1.2729443610e-01
  8.6726382375e-02
  -2.5585204363e-01
  -1.5081860125e-01
  -4.0956759453e-01
  -7.3923952878e-02
  6.3497461379e-02
  4.8590949178e-01
  -1.5394143760e-01
  -7.1664065123e-02
  -7.9578412697e-03
  1.1163622886e-01
  5.5457413197e-02
  2.0381885767e-01
  -3.2534950972e-01
  1.1952263117e-01
  1.6123849154e-01
  2.9041098431e-02
  -1.9301165640e-01
  9.7578674555e-02
  -1.1535505950e-01
  3.4157812595e-01
  8.1655057147e-04
  -2.2969548404e-01
  -1.7593190074e-01
  -2.9011544585e-01
  -1.3348326087e-01
  -3.2497429848e-01
  -2.7655047178e-01
  -1.1467638612e-01
  4.7270861268e-01
  -7.4452809058e-03
  9.4062663615e-02
  2.1158528328e-01
  1.8573094904e-01
  6.9754734635e-02
  1.5911954641e-01
  -3.9742436260e-02
  -2.5388827920e-01
  4.1936230659e-01
  1.8045922741e-02
  -4.0513876826e-02
  -1.5054552257e-01
  -8.6252748966e-02
  -7.4769921601e-02
  -1.8213757873e-01
  3.3516624570e-01
  -3.4765832126e-02
  -5.4829288274e-02
  7.4993617833e-02
  -4.4044312835e-01
  -1.3820235431e-01
  1.1625761539e-01
  -5.6067369878e-02
  -4.2405867577e-01
  -1.3748133183e-01
  -3.0742643401e-02
  3.7713074684e-01
  3.4284415841e-01
  -7.7087789774e-02
  -3.1358081102e-01
  -8.7442487478e-02
  2.0571623743e-01
  2.1198250353e-01
  1.0672980547e-01
  -5.1842812449e-02
  1.6234310344e-02
  -1.2922162190e-02
  8.2488730550e-02
  2.0719489083e-02
  1.4493136108e-01
  -4.3302930892e-02
  7.7625401318e-02
  -4.1120685637e-02
  5.1562368870e-02
  -9.8937831819e-02
  -4.1504964232e-02
  -1.2544831634e-01
  1.7362341285e-01
  -8.3989962935e-02
  7.4639573693e-02
  -9.6650116146e-02
  -1.7771068960e-02
  1.0292957723e-01
  1.2785422802e-01
  -1.3166451454e-01
  1.7484988272e-01
  1.0228282213e-01
  -1.6482883692e-01
  -1.7567591369e-01
  -8.5714057088e-02
  1.2301562726e-01
  8.6592480540e-02
  -1.3791374862e-02
  2.9095940292e-02
  -7.6201990247e-02
  -8.0646306276e-02
  5.6838016957e-02
  -2.8900969028e-01
  2.3496377468e-01
  5.9012088925e-02
  -6.7461322760e-04
  -8.3312839270e-02
  -3.5264585167e-02
  9.6912272274e-02
  7.5402148068e-02
  1.2186764739e-02
  -1.0586917400e-01
  1.7562394496e-03
  -1.5775378793e-02
  8.1862090155e-03
  4.0461421013e-02
  -2.0305362344e-01
  1.3170468807e-01
  -6.2170983292e-03
  2.8396555781e-01
  4.3592881411e-02
  5.8160626888e-01
  7.8990519047e-02
  5.1521080732e-01
  -3.2357475162e-01
  -1.3125756383e-01
  -1.6109074652e-01
  -2.6638194919e-01
  4.0195846558e-01
  2.0418193936e-01
  -1.9160643220e-01
  2.7531757951e-01
  3.7307187915e-01
  -3.9644682407e-01
  2.3357914388e-01
  -4.6085670590e-02
  2.4262742698e-01
  1.8649935722e-01
  1.3069392741e-01
  7.7443200350e-01
  3.8398867846e-01
  -1.3999190927e-01
  5.2800495178e-02
  -5.9976432472e-02
  1.4425282180e-01
  -1.1547376215e-01
  5.3786170483e-01
  2.0296041667e-01
  -8.9161738753e-02
  1.2621189654e-01
  -3.1429961324e-02
  3.4855681658e-01
  1.5722385049e-01
  -1.0403164625e+00
  8.8837748766e-01
  3.5885164142e-01
  -3.6505442858e-01
  5.0759232044e-01
  7.6780891418e-01
  1.0437561199e-02
  1.2344950810e-03
  -1.7127716541e-01
  -5.3422379494e-01
  3.1173014641e-01
  -3.7407506257e-02
  -6.1075831763e-03
  3.7332528830e-01
  -5.2317243069e-02
  -1.3952410221e-01
  -1.0579358339e+00
  -4.5681506395e-01
  -1.5868216753e-01
  -3.5045478493e-02
  -5.0168567896e-01
  -7.4003511667e-01
  1.7331555486e-01
  -1.5781897306e-01
  -1.8412135541e-01
  8.0563046038e-02
  7.3699645698e-02
  -1.3856898248e-01
  2.7735632658e-01
  1.5106420219e-01
  9.0232759714e-02
  -6.4421348274e-02
  -2.4748283625e-01
  8.3332955837e-02
  2.7228966355e-01
  2.4230273440e-02
  -8.8061504066e-02
  5.8783896267e-02
  -9.8239421844e-02
  2.2879971564e-01
  6.1258967966e-02
  -3.8748723269e-01
  -7.8364379704e-02
  4.8603683710e-01
  -3.0705806613e-01
  -2.8012918308e-02
  2.2778892517e-01
  -4.5161849260e-01
  5.0637349486e-02
  7.2987370193e-02
  -2.2931347787e-01
  -3.4893730283e-01
  2.9203258455e-03
  2.2639065981e-01
  6.2858648598e-03
  3.0390819907e-01
  -6.6416598856e-02
  9.6857503057e-02
  -1.0185711086e-01
  3.8045160472e-02
  -9.1179959476e-02
  -1.7558799684e-01
  1.7622868717e-01
  8.8566588238e-03
  1.7080253363e-01
  7.9500623047e-02
  -1.3554948568e-01
  -1.9901657943e-03
  -1.5095135570e-01
  -7.2104766965e-02
  9.6058696508e-02
  9.7489483654e-02
  -1.0771501064e-01
  2.0840470493e-01
  -2.5543105602e-01
  -7.8520111740e-02
  2.1909382939e-01
  -1.6019473970e-01
  -3.4628760815e-01
  4.1155841947e-01
  6.4251601696e-01
  4.0327292681e-01
  -1.4084501565e-01
  4.0345123410e-01
  -3.1058135629e-01
  5.8486875147e-02
  1.7295737565e-01
  -8.8078588247e-02
  2.4971923232e-01
  2.4198250473e-01
  -3.1770974398e-01
  -2.4979144335e-02
  -8.1349380314e-02
  -6.0332342982e-02
  -2.7181768417e-01
  -2.1302722394e-01
  7.2252802551e-02
  8.6634731293e-01
  7.9004928470e-02
  -3.2143703103e-01
  1.1766219884e-01
  2.6163756847e-01
  -5.5039590597e-01
  -3.2030087709e-01
  -5.6252717972e-01
  2.3751088977e-01
  3.5145518184e-01
  -1.7355793715e-01
  -2.4125203490e-01
  -2.3069676012e-02
  1.7414966226e-01
  7.0572679397e-04
  -1.7541299760e-01
  -6.4124502242e-02
  1.1817631871e-01
  2.2317203879e-01
  -2.2035636008e-01
  -2.2457586229e-01
  -1.8656101078e-02
  4.3628793955e-01
  -1.7974095047e-01
  -1.3325136900e-01
  -2.7841317654e-01
  -8.0164134502e-02
  -1.4499243498e+00
  4.3655648828e-01
  -8.4003783762e-02
  2.5296002626e-01
  1.4881606400e-01
  4.7494238615e-01
  4.7901272774e-01
  -1.4590567350e-01
  1.4397449791e-01
  -8.2026705146e-02
  -1.3306485116e-01
  5.2487486973e-03
  7.8616430983e-04
  -3.6232678685e-03
  3.3114771359e-03
  -2.0979989320e-02
  -1.1780399829e-01
  3.1450349092e-01
  -1.8855179846e-01
  8.5149638355e-02
  1.1046229303e-01
  1.1144281924e-01
  -2.4271911010e-02
  2.5789455976e-03
  1.3874474168e-01
  2.1603430808e-01
  9.1231428087e-02
  1.4938884974e-01
  -9.2150077224e-02
  6.8183586001e-02
  5.5922929198e-02
  -3.5431307554e-01
  -1.3219262660e-01
  -1.5144491196e-01
  2.8633975983e-01
  6.0984849930e-02
  1.6362805665e-01
  3.6551695317e-02
  6.4990319312e-02
  -4.1680163704e-03
  3.6915671080e-02
  -9.4741694629e-02
  -1.4874798059e-01
  1.3091062009e-01
  -5.1992952824e-02
  -2.2391983867e-01
  -4.6142682433e-02
  1.7610898614e-01
  2.2489026189e-01
  -4.8669863492e-02
  6.0509312898e-02
  -3.1499121338e-02
  6.0798153281e-02
  -2.5184465572e-02
  3.9067518711e-01
  -3.4393659234e-01
  2.0219452679e-02
  -9.9753893912e-02
  -2.2318151593e-01
  1.3516847789e-01
  4.7797903419e-02
  -8.6240172386e-02
  -5.2595994202e-04
  -7.2259053588e-02
  -2.0406056195e-02
  1.9731013477e-01
  5.6391663849e-02
  -3.0478930473e-01
  -3.0818125606e-01
  1.8167926371e-01
  -1.7603205144e-01
  9.6891969442e-02
  -4.5654734969e-01
  2.9719009995e-01
  2.8570228815e-01
  1.2664578855e-01
  7.4839614332e-02
  1.0334862769e-01
  1.7296542227e-01
  1.0862994939e-02
  -2.7296298649e-03
  -4.5194071531e-01
  3.4049011767e-02
  2.9684984684e-01
  -5.0001257658e-01
  -2.0530064404e-01
  -5.1183320582e-02
  1.1139963567e-01
  2.3316900432e-01
  2.5666511059e-01
  2.4886983633e-01
  3.3193686604e-01
  -1.3441348076e-01
  1.2671911716e-01
  4.3160054088e-01
  -9.7731828690e-02
  1.8163757399e-02
  1.5908578038e-01
  -7.5828567147e-02
  -1.8123991787e-01
  -7.4845697964e-04
  -3.0502152443e-01
  -4.8417359591e-02
  -9.5794923604e-02
  -3.0755303800e-02
  1.0790725052e-01
  -5.3379978985e-02
  3.1065049767e-01
  -4.7710528970e-01
  -4.3435192108e-01
  1.1929467320e-01
  3.0050092936e-01
  -4.5101070404e-01
  -2.3076596856e-01
  1.8374288082e-01
  -3.9964157343e-01
  -1.2729391456e-02
  3.5343393683e-01
  1.8248839676e-01
  -7.6260969043e-02
  5.1351666451e-01
  2.7692553401e-01
  2.4118934572e-01
  4.5337608457e-01
  8.6070388556e-02
  -2.4803858250e-02
  4.1399452090e-01
  3.3845987916e-01
  -4.3726615608e-02
  2.0094615221e-01
  5.7091265917e-01
  1.5325182118e-02
  3.5111878067e-02
  -1.8020467460e-01
  -3.1024321914e-01
  5.6116962433e-01
  -2.0160987042e-03
  -1.4953956008e-01
  7.6709844172e-02
  -3.6335361004e-01
  -2.3700009286e-01
  9.9443830550e-02
  -6.8630583584e-02
  -4.0889427066e-02
  7.3806095123e-01
  -1.3915704191e-01
  -4.8520401120e-02
  1.6410657763e-01
  -3.2529699802e-01
  -3.1821846962e-02
  5.5592283607e-02
  3.8895261288e-01
  2.4042949080e-02
  -3.4666471183e-02
  -3.1123775989e-02
  2.5377580523e-01
  -4.4882014394e-02
  -1.2733402848e-01
  -4.0655672550e-02
  1.7449347675e-01
  -2.7681306005e-01
  -1.4477719367e-01
  -5.9866722673e-02
  2.5911659002e-01
  -5.6041646004e-01
  -5.7831108570e-02
  -2.7253395319e-01
  -1.1563141644e-01
  3.2227214426e-02
  5.4629631341e-02
  4.1607114673e-01
  -5.1905417442e-01
  -2.5327214599e-01
  -9.3270528316e-01
  2.0818741620e-01
  1.0246501304e-02
  3.4779235721e-01
  -3.4161310643e-02
  1.5012219548e-01
  1.2020718306e-01
  6.0193039477e-02
  3.0070099235e-01
  4.1369402409e-01
  2.9664215446e-01
  -6.2201219797e-01
  -1.3952957094e-01
  3.2232514024e-01
  5.0707213581e-02
  3.5952404141e-01
  6.0279421508e-02
  -4.4245612621e-01
  -8.2812912762e-02
  2.2770985961e-01
  4.9028685689e-01
  7.9412825406e-02
  2.6271274686e-01
  -5.5981587619e-02
  1.0957468301e-01
  5.9263521433e-01
  8.6458414793e-02
  1.9767912105e-02
  -6.5235540271e-02
  1.1434619129e-01
  3.9097666740e-01
  -4.0199777484e-01
  -5.4386925697e-01
  -3.6281961203e-01
  -9.7205445170e-02
  -5.3226822615e-01
  -1.1015384458e-02
  -5.0381946564e-01
  -5.4790383577e-01
  6.5142959356e-03
  -4.0256345272e-01
  2.4390357733e-01
  -1.2297616340e-02
  5.4914355278e-01
  4.2341831326e-01
  -4.1958473623e-02
  2.6205915213e-01
  5.8689367771e-01
  2.1957315505e-02
  -6.8372929096e-01
  -7.3287077248e-02
  -9.3633485958e-03
  -1.1834174395e-01
  5.3493547440e-01
  2.2257547081e-01
  6.8875513971e-02
  1.3499546051e-01
  -1.6028559208e-01
  -3.4054771066e-02
  -9.7269333899e-02
  -1.6011722386e-01
  7.1210242808e-02
  -7.2871506214e-02
  -2.7081742883e-02
  -1.7202693224e-01
  -4.9605987966e-02
  9.3985415995e-02
  -5.0005108118e-01
  -1.7083932459e-01
  8.1206962466e-02
  3.5907819867e-01
  2.5751286745e-01
  1.4376842976e-01
  -2.0759666339e-02
  1.7125013471e-01
  1.2938222289e-01
  -2.7141714096e-01
  -2.0738564432e-02
  -2.2054591682e-03
  3.9725372195e-01
  4.9100667238e-02
  1.4983892441e-01
  -2.2902393341e-01
  7.2671264410e-02
  2.2150228918e-01
  -1.1311847717e-01
  -1.8077419698e-01
  1.4941010624e-02
  -1.1822540313e-01
  -3.6923268437e-01
  -3.0909065157e-02
  -8.1692516804e-02
  2.2401978076e-01
  -1.7551564379e-03
  -2.6200208068e-01
  4.5707482845e-02
  6.0927849263e-02
  1.3605988026e+00
  5.3253718652e-03
  -4.7352671623e-02
  -8.7164826691e-02
  1.0385740995e+00
  -4.9739126116e-02
  7.5282424688e-02
  -3.0250427127e-01
  -1.1606481671e-01
  6.0314729810e-02
  1.5962907672e-01
  7.8302234411e-02
  1.7367255688e-01
  1.3664714992e-01
  1.9050945342e-01
  -1.1681225151e-02
  -1.2127169967e-01
  -2.8633767366e-01
  2.9950612783e-01
  9.4441585243e-02
  4.2416129261e-02
  8.8325522840e-02
  1.9788738340e-02
  3.0770068988e-02
  -1.5026395209e-02
  -2.9290652275e-01
  -2.2983793914e-01
  1.4878609776e-01
  2.7441859245e-01
  -2.1693807840e-01
  5.9737324715e-02
  2.5691458583e-01
  -1.7256905138e-01
  -6.3295394182e-02
  -1.0074129701e-01
  -3.4947896004e-01
  2.3742271960e-01
  -7.5389027596e-02
  4.5531619340e-02
  1.9375309348e-01
  -1.3117539883e-01
  1.8867135514e-03
  1.1528059840e-01
  -2.3048009723e-02
  7.3319496587e-03
  7.4931301177e-02
  3.1486365944e-02
  3.4380838275e-02
  1.0179904103e-01
  -9.4589427114e-02
  9.9479518831e-02
  -1.5600323677e-02
  -1.2789005041e-01
  -1.6645209491e-01
  -4.5900768042e-01
  -3.0700910091e-01
  -7.2106115520e-02
  -6.5603740513e-02
  -3.0278077722e-01
  -4.5187853277e-02
  -4.1796594858e-01
  5.7943198830e-02
  7.3477071524e-01
  -1.7902309773e-03
  -5.7216668129e-01
  -1.6350236535e-01
  1.9856404513e-02
  -5.0497841835e-01
  6.4149689674e-01
  -3.9853155613e-01
  2.7213281393e-01
  3.6039832234e-01
  -8.3470471203e-02
  -1.6361224651e-01
  -2.1187125146e-01
  -4.3092824519e-02
  -6.9231919944e-02
  -1.1144463904e-02
  2.4227654934e-01
  1.5543578565e-01
  -5.3006544709e-02
  -7.6276236773e-01
  -5.1715135574e-01
  -1.4270594716e-01
  2.0785510540e-01
  5.1252365112e-02
  3.5067564249e-01
  1.2226560712e-01
  3.7878575921e-01
  -3.8586834073e-01
  -5.0133860111e-01
  5.8101654053e-01
  -1.5205882490e-01
  1.8337513506e-01
  -8.1645125151e-01
  2.7050501108e-01
  5.6229252368e-02
  9.4319976866e-02
  -1.3064240105e-02
  -5.2400976419e-01
  2.6784732938e-01
  -1.2951090932e-01
  2.7056610584e-01
  -3.8034719229e-01
  2.1265767515e-01
  5.8088648319e-01
  -2.4473082274e-02
  5.5766452104e-02
  -9.3411064148e-01
  -2.0593063533e-01
  -1.5196312964e-01
  -9.4327762723e-02
  -4.6982890368e-01
  -4.3458333611e-01
  9.1346907616e-01
  -1.9884064794e-01
  1.2157494575e-01
  3.2408118248e-01
  4.9826543778e-02
  -4.4083032757e-02
  -2.0816552639e-01
  2.2616979480e-01
  1.4451486059e-02
  8.0532737076e-02
  7.7470533550e-02
  1.1784741282e-01
  -1.2496392429e-01
  2.4486841261e-01
  8.2258097827e-02
  1.1943835765e-01
  2.9500681907e-02
  -1.7709565163e-01
  1.4823530614e-01
  2.1280482411e-01
  1.7745068297e-02
  -5.8169710636e-01
  -9.6035517752e-02
  -2.2691190243e-01
  1.7476691306e-01
  -1.9465632737e-01
  -1.8114416301e-01
  1.1703822017e-01
  -5.9448394924e-02
  1.0660152882e-02
  -4.4888341427e-01
  -1.5114673972e-01
  2.0393879712e-01
  3.5271361470e-01
  -7.0300430059e-02
  -2.4904569983e-01
  9.9670432508e-02
  1.5557341278e-01
  -3.2731229067e-01
  -7.1133807302e-02
  4.6959448606e-02
  -7.4178941548e-02
  1.0962672532e-01
  2.7628082037e-01
  -2.3624514043e-01
  6.9212965667e-02
  -3.4789424390e-02
  -2.0275081042e-03
  -1.0809535980e+00
  3.0075171590e-01
  -8.9967586100e-02
  4.8812665045e-02
  6.0180103779e-01
  1.6701789200e-01
  -5.0806713104e-01
  6.7713246681e-03
  -4.3535411358e-02
  -2.7327066660e-01
  -1.1529326439e-01
  1.1697955430e-01
  1.9388766587e-01
  -2.8894421458e-01
  -9.8681807518e-02
  7.0480957627e-02
  3.3342026174e-02
  -2.4490210414e-01
  -3.8471300155e-02
  -1.2922994792e-01
  -7.2560019791e-02
  -4.6105023474e-02
  -3.3553943038e-02
  -2.9161455110e-02
  -1.6861848533e-01
  8.0059766769e-02
  -5.5750526488e-02
  2.3491249979e-01
  -1.0563677549e-01
  2.4670596421e-01
  1.6578668728e-02
  9.5791727304e-02
  4.2156916857e-01
  -1.6476099193e-01
  7.4482358992e-02
  -1.6680529714e-01
  3.7089396268e-02
  3.0731824040e-01
  -1.0525196046e-01
  1.8129815161e-01
  -2.7701349929e-02
  1.3002836704e-01
  -5.8756455779e-02
  -2.1235311870e-03
  3.9568651468e-02
  2.3217807710e-01
  -2.2023597360e-01
  -1.5546458960e-01
  -2.2528079152e-01
  4.1633613408e-02
  8.0181159079e-02
  -3.2031932473e-01
  -7.0558622479e-02
  -1.6811257601e-01
  -3.4123802185e-01
  -4.2785999179e-01
  -1.4175392687e-01
  -3.0088867992e-02
  -8.0972097814e-02
  -6.6439777613e-02
  -1.8267460167e-01
  9.1352441814e-04
  8.3132132888e-02
  -2.5807354599e-02
  1.5647090971e-01
  -2.9615391046e-02
  1.5962296724e-01
  1.9772332907e-01
  1.1565037072e-01
  1.3359054923e-01
  -1.3799755275e-01
  -8.4457188845e-02
  2.3254032433e-01
  7.0252157748e-02
  -7.0849239826e-02
  5.8128949255e-02
  -9.2942818999e-02
  -4.7180693597e-02
  -5.1281664521e-02
  -8.1380814314e-02
  -1.2185762823e-01
  4.7827666998e-01
  2.0829759538e-01
  4.6873748302e-02
  5.3668804467e-02
  2.3343554139e-01
  1.9298645854e-01
  2.5705900043e-02
  -1.4094536006e-01
  -1.8914617598e-01
  3.2100209594e-01
  8.5392601788e-02
  5.9675108641e-02
  5.1032733917e-01
  -9.3469314277e-02
  1.7905335128e-01
  -1.6393262148e-01
  -1.1999838799e-01
  2.6260841638e-02
  1.0653344542e-01
  -4.6362634748e-04
  -1.6559787095e-02
  -3.0429413915e-01
  5.5317666382e-02
  2.3279640824e-02
  -1.6930866241e-01
  -7.7282879502e-03
  -1.0178707540e-01
  8.7842714787e-01
  -7.4650816619e-02
  -7.9085618258e-02
  1.1876620352e-01
  3.0911713839e-01
  -1.0627287626e-01
  1.9652801752e-01
  1.0080716610e+00
  8.9249712229e-01
  -8.1931513548e-01
  -4.4524091482e-01
  1.8064879179e+00
  -1.8852955103e+00
  -3.7911036611e-01
  -4.9727553129e-01
  -3.6851736903e-01
  -8.0199927092e-01
  1.4197991788e-01
  3.4447018057e-02
  -2.8342080116e-01
  7.5114771724e-02
  9.6638298035e-01
  1.2950712442e+00
  1.2978674471e-01
  -9.6203818917e-02
  -1.0884995759e-01
  3.0942461453e-03
  1.3528148830e-01
  9.1080200672e-01
  8.7517940998e-01
  4.4452640414e-01
  -2.5254410505e-01
  1.7476126552e-01
  -6.2367592007e-02
  -1.2808410823e-01
  -2.0948062837e-01
  -3.7643870711e-01
  -2.2060984373e-01
  6.6719388962e-01
  -1.3083262742e-01
  -2.6797978207e-02
  5.3743898869e-01
  4.2037987709e-01
  4.1977885365e-01
  1.8894340098e-01
  -1.3638070226e-01
  8.1985205412e-01
  3.6955161486e-03
  1.8318854272e-01
  -6.8113362789e-01
  2.0104779303e-01
  5.0238561630e-01
  -2.2541761398e-01
  -3.0642867088e-01
  -7.8731402755e-02
  3.3954367042e-01
  5.3270524740e-01
  4.9195027351e-01
  -3.1107816100e-01
  2.3758893833e-02
  1.1902492493e-02
  1.6261734068e-01
  1.0466059297e-01
  1.0907061398e-01
  -6.8383120000e-02
  -3.3008780330e-02
  -1.6748608649e-01
  5.9101350605e-02
  1.4652606845e-01
  -1.5490548685e-02
  -8.6053952575e-02
  1.6768206656e-01
  -2.6136094332e-01
  1.3920220733e-01
  1.3797006011e-01
  2.8560668230e-02
  -1.4151078463e-01
  6.5013103187e-02
  8.9555166662e-02
  1.8320928514e-01
  4.1087560356e-02
  1.2656943500e-01
  1.5803806484e-02
  2.1562518179e-01
  -1.8796001375e-01
  -8.3769001067e-02
  2.2403225303e-02
  1.7820960283e-01
  2.5274637341e-01
  1.3127033412e-01
  2.4331480265e-01
  -3.1371138990e-02
  1.0343689471e-01
  -1.3986161351e-01
  1.5535721183e-01
  -1.2748923898e-01
  -2.1059954539e-02
  1.4944079518e-01
  5.8567319065e-02
  -2.2132211924e-01
  1.0232937336e-01
  1.5174188651e-02
  -4.1824746877e-02
  -2.4780707434e-02
  -1.9718846679e-01
  1.4137177169e-01
  1.4758507907e-01
  -1.0048401356e-01
  3.5950249434e-01
  1.0749184340e-01
  -3.5320986062e-03
  -1.6267722845e-01
  -1.0181056708e-01
  1.4979587495e-01
  -1.8299250305e-01
  -3.8962446153e-02
  9.5068141818e-02
  -1.1645239592e-01
  -6.7578017712e-02
  1.2018618733e-01
  -3.6579344422e-02
  -2.4236813188e-01
  1.1770687252e-01
  1.9676461816e-02
  2.7761604637e-02
  7.9573519528e-02
  3.2723107934e-01
  -6.2073595822e-02
  6.3148498535e-02
  -8.6950082332e-03
  -1.4795703813e-02
  -1.1056951433e-01
  -8.6628608406e-02
  -9.8204359412e-02
  -1.6744355857e-01
  3.2545393705e-01
  2.4920456111e-01
  1.0507793725e-01
  -7.6595388353e-02
  1.4921563864e-01
  2.7480703592e-01
  1.7344447970e-01
  3.0075859278e-02
  -3.1699165702e-02
  5.3434107453e-02
  1.0485992581e-01
  1.1905391514e-01
  -1.6489547491e-01
  -1.0101673007e-01
  3.7988148630e-02
  -4.9938544631e-02
  -1.0519389808e-01
  -3.4541726112e-01
  2.7068590745e-02
  2.7183838189e-02
  1.2307099253e-01
  -1.2609568238e-01
  -3.7871602923e-02
  3.0661784112e-02
  -6.4265012741e-02
  9.8343156278e-03
  -8.0367684364e-02
  2.2187130153e-01
  2.3870301247e-01
  8.8140800595e-02
  4.5694235712e-02
  -2.7880430222e-01
  3.9635758847e-02
  -3.2063543797e-01
  -3.8297984004e-01
  -8.4824025631e-01
  -2.2413751483e-01
  5.4749238491e-01
  5.5519372225e-01
  2.7899214625e-01
  -2.9234597087e-01
  -3.6610868573e-01
  -4.7538839281e-03
  -2.2918078303e-01
  -6.5886151791e-01
  -1.6957893968e-01
  -1.2238182873e-01
  3.0418008566e-02
  6.1816543341e-01
  -2.3448079824e-01
  2.0833717287e-01
  7.5476817787e-02
  -1.7481717467e-01
  -1.2861287594e-01
  -3.8096353412e-01
  2.3289911449e-01
  3.2915285230e-01
  -1.0113393515e-01
  -2.3213556036e-02
  -1.9727046788e-01
  -1.1585775763e-01
  4.5121712610e-03
  3.8293886930e-02
  4.5694792271e-01
  -3.9630055428e-01
  3.2578843832e-01
  -2.6382222772e-01
  9.0098410845e-02
  -1.0518418252e-01
  3.9900481701e-01
  -3.7092846632e-01
  1.0992264003e-01
  -3.3108107164e-04
  -9.0080700815e-02
  -2.1466121078e-01
  -2.0816732943e-01
  -5.8773420751e-02
  -1.4353780448e-01
  2.8664281964e-01
  -1.4546878636e-01
  -1.6396330670e-02
  3.3165147901e-01
  2.7682077885e-01
  1.2933276594e-01
  1.0191260278e-01
  -8.5076428950e-02
  2.2793033719e-01
  -2.2543460131e-01
  2.1097059548e-01
  1.7421734333e-01
  -1.6256162524e-01
  -1.2953123450e-01
  3.0816925690e-02
  -2.8853583336e-01
  -1.6693104804e-01
  -1.9311450422e-01
  -2.5191411376e-02
  8.5052341223e-02
  -3.2100287080e-01
  -2.0248369873e-01
  -1.1590500362e-02
  1.2093501538e-01
  -7.9692222178e-02
  1.6111396253e-01
  -1.7332600057e-01
  -1.3334765099e-02
  3.2122528553e-01
  2.4669006467e-01
  -3.7683480978e-01
  1.9009993970e-01
  -2.9116878286e-02
  -9.6391931176e-02
  2.7440175414e-01
  7.6040662825e-02
  -1.0239056498e-01
  1.4149884880e-01
  2.9785412550e-01
  -7.6643750072e-02
  -1.3792930543e-01
  1.3272786140e-01
  -4.0764328837e-01
  1.4497065544e-01
  1.4724505600e-03
  8.4193415940e-02
  -7.2656244040e-02
  3.8077387959e-02
  2.4178777635e-01
  -3.6880794168e-01
  -3.7468653917e-01
  -5.6274116039e-02
  1.2844732404e-01
  9.4617698342e-03
  -6.0339481570e-03
  3.6497525871e-02
  1.1025543511e-01
  -1.4772845805e-01
  -2.3459759355e-01
  2.3318903148e-01
  -1.7559994757e-01
  3.5213050246e-01
  -1.1391014606e-01
  2.2947295010e-01
  2.4233731627e-01
  7.9396003485e-01
  -9.9205449224e-02
  -6.1886328459e-01
  -7.0286375284e-01
  -9.5653824508e-02
  -3.3490327001e-01
  2.3379418254e-01
  -2.6975888014e-01
  -2.8495660424e-01
  1.0380504280e-01
  1.8575977534e-02
  -4.3836477399e-01
  -7.4820294976e-02
  -1.6692289710e-01
  -3.3131715655e-01
  -9.7594983876e-02
  -5.9268258512e-02
  6.1230488122e-02
  2.9304671288e-01
  1.1821364164e+00
  -7.0522183180e-01
  -2.2846651077e-01
  -1.0515884310e-01
  -2.4721764028e-01
  -2.5509119034e-01
  4.2687505484e-01
  1.5284037217e-03
  1.9532598555e-01
  -1.2865586579e-01
  5.6064707041e-01
  2.0687782764e-01
  -3.1475386024e-01
  -4.7302097082e-01
  1.9696940482e-01
  1.6417862847e-02
  2.9821309447e-01
  3.9679338224e-03
  2.8369331360e-01
  5.9685659409e-01
  1.3522315025e-01
  2.5802955031e-01
  1.7001481727e-02
  2.7423390746e-01
  -4.4578734040e-01
  3.1857213378e-01
  2.0940382779e-01
  4.2717782781e-03
  4.4030010700e-01
  -3.4513390064e-01
  4.3680927157e-01
  2.9401949048e-01
  8.4951810539e-02
  -1.6492551565e-01
  -1.0069929063e-01
  -1.3505131006e-01
  1.5705700219e-01
  2.5966310501e-01
  1.3448737562e-01
  2.2409339249e-01
  -4.7482866794e-02
  7.7990151942e-02
  -6.1514690518e-02
  -6.7656911910e-02
  1.1035603285e-01
  -5.7178549469e-02
  -2.4320019409e-02
  1.6547257081e-02
  6.7330643535e-02
  -1.2679295242e-01
  -1.6287784278e-01
  -1.3421762269e-03
  -1.8418703973e-01
  -3.8636721671e-02
  -5.5131670088e-02
  4.5017573982e-02
  -8.1726610661e-02
  1.5159824491e-01
  -1.9847226143e-01
  5.1524326205e-02
  -1.4560467005e-01
  -2.4869894981e-01
  -3.4500208497e-01
  -1.7666960135e-02
  1.5759700537e-01
  -9.3723654747e-02
  1.2318486720e-01
  -5.6302584708e-03
  -5.5308341980e-02
  -1.0554701835e-01
  -3.5589948297e-02
  -1.0525930673e-01
  6.2531582080e-04
  -5.3640399128e-02
  -5.9263367206e-02
  2.2096666694e-01
  1.7642568052e-01
  -6.4458489418e-02
  2.8053845745e-03
  -6.7846626043e-02
  -1.2777540088e-01
  5.3884077817e-02
  -3.3653724194e-01
  -2.7988615632e-01
  1.3246871531e-01
  -2.7900108695e-01
  -1.0563604534e-01
  4.1723683476e-02
  4.5273634791e-01
  -4.8700872064e-01
  -5.8285886049e-01
  1.2747657299e-01
  5.1717516035e-02
  -5.1218848675e-02
  1.4170739800e-02
  -5.6824183464e-01
  7.7361688018e-02
  2.9566511512e-02
  -2.6910090446e-01
  3.5023257136e-01
  1.6469617188e-01
  -2.8092462569e-02
  1.0084415972e-01
  1.7340771854e-01
  -1.3076889329e-02
  -2.1511362493e-01
  -6.0682278126e-03
  -7.5272165239e-02
  6.7791742086e-01
  1.1065072566e-01
  1.7331312597e-01
  7.0204213262e-02
  -1.3212734461e-01
  -1.7238670588e-01
  -4.8724892735e-01
  -7.5912192464e-02
  2.2402592003e-01
  -2.0058183372e-01
  -7.5115092099e-02
  -1.6403852403e-01
  -1.4287222922e-01
  -4.2879935354e-02
  -1.1480575800e-01
  2.3229743540e-01
  -2.0173782110e-01
  2.7909338474e-01
  -1.7550705373e-01
  -2.7112120390e-01
  3.2317157835e-02
  8.3155825734e-02
  2.6043620706e-01
  8.8409073651e-02
  -4.2538747191e-01
  2.0951037109e-01
  2.0657446980e-01
  5.1071470976e-01
  7.2460830212e-01
  3.6118857563e-02
  2.1601723135e-01
  2.0955590904e-01
  2.0881888270e-01
  1.5223489702e-01
  1.7852689326e-01
  -2.8707148507e-02
  -2.2519385815e-01
  -2.3269878328e-01
  -2.8010349721e-02
  -2.1107462049e-01
  4.5778162777e-02
  -1.2453100830e-01
  2.4624744058e-01
  1.2876681983e-01
  -8.8281504810e-02
  4.3849873543e-01
  5.5766433477e-02
  -1.9307313859e-01
  -2.6306074858e-01
  2.7615230531e-02
  1.8905046582e-01
  -9.3520462513e-02
  2.0755961537e-01
  -1.6268393397e-01
  3.3570128679e-01
  -2.0610043406e-01
  7.9891443253e-02
  -2.1627360582e-01
  -2.5362478569e-02
  1.3194039464e-01
  -7.6249904931e-02
  1.8581946194e-01
  2.9410967231e-01
  1.6758849844e-02
  -1.4502301812e-01
  1.9186809659e-01
  -2.4893978238e-01
  -5.1904860884e-02
  -1.4726717770e-01
  3.3134967089e-02
  -1.3387115300e-01
  3.1943641603e-02
  -2.0618690550e-01
  7.8431718051e-02
  1.3233228028e-01
  1.1125800014e-01
  1.5910966694e-01
  2.4431440234e-01
  -2.3060509562e-01
  1.2841656804e-01
  1.1771393567e-01
  6.5321928263e-01
  4.7767806053e-01
  3.1575232744e-01
  1.5733166039e-01
  4.6541187912e-02
  4.6675089747e-02
  -7.4687801301e-02
  -4.9445626140e-01
  -4.5436090231e-01
  6.8115103245e-01
  4.6424219012e-01
  -3.7862336636e-01
  2.8352862597e-01
  5.7768231630e-01
  3.5853630304e-01
  -4.5382180810e-01
  7.9795069993e-02
  -7.6439505816e-01
  2.5250077248e-01
  -3.7198901176e-02
  -4.9667125940e-01
  -5.6338012218e-02
  3.7539735436e-01
  7.1915102005e-01
  4.3729266524e-01
  -6.2290298939e-01
  5.7384544611e-01
  1.5074248314e+00
  2.2317260504e-01
  2.9033282399e-01
  -5.5853611231e-01
  6.8570703268e-01
  8.5616654158e-01
  -3.6297357082e-01
  6.3696873188e-01
  6.2049484253e-01
  -6.9618511200e-01
  -6.0558444262e-01
  -6.8509560823e-01
  5.0475323200e-01
  -3.2333731651e-01
  6.1997812986e-01
  3.0394300818e-01
  7.0136618614e-01
  -7.5686931610e-01
  4.1858345270e-01
  6.0114157200e-01
  1.0794917122e-02
  -5.4706352949e-01
  2.4177683890e-01
  5.9993684292e-01
  -5.3892600536e-01
  -1.5667119622e-01
  4.3546694517e-01
  -7.5399863720e-01
  -5.6731808186e-01
  -6.1591792107e-01
  2.5381782651e-01
  1.7834202945e-01
  -2.0311512053e-01
  -2.6752310991e-01
  2.4729983509e-01
  -2.4114051461e-01
  -7.3102690279e-02
  -1.1949435808e-02
  1.9383123517e-01
  -2.1705333889e-01
  1.4831160009e-01
  -1.7621633410e-01
  3.4540590644e-01
  1.2561666965e-01
  4.6465969086e-01
  -4.3034839630e-01
  -1.1574809998e-01
  -1.0156074911e-01
  2.9472726583e-01
  -3.4888279438e-01
  -3.8502776623e-01
  -2.9247838259e-01
  -4.8576211929e-01
  1.4720436931e-01
  -2.3158574104e-01
  -3.7939366698e-01
  3.4394908696e-02
  2.5647893548e-01
  -1.9258190691e-01
  3.1090396643e-01
  1.1253715307e-01
  3.8570061326e-01
  -4.7761082649e-01
  4.5024326444e-01
  -1.8398499489e-01
  -2.9939106107e-01
  -4.3084898591e-01
  2.5876995921e-01
  -1.6572366655e-01
  -4.3133858591e-02
  -6.9750571251e-01
  4.8862326890e-02
  -1.2893453240e-01
  -2.8450030088e-01
  1.7087939382e-01
  3.0313137174e-01
  -4.3434041739e-01
  3.2484918833e-01
  2.1887974441e-01
  5.2925047874e+00
  -1.2814059854e-01
  -1.1567044072e-02
  -4.2487514019e-01
  -6.5904863179e-02
  -9.6273072064e-02
  -3.8133845665e-03
  -1.6027012840e-02
  -3.5729426146e-01
  1.6321955249e-02
  -5.4077613354e-01
  2.9091727734e-01
  -4.0732785128e-03
  -1.2000805140e-01
  -2.2058433294e-01
  -1.3356988430e+00
  -2.6552087069e-01
  -9.6021369100e-02
  1.6674895585e-01
  3.2997840643e-01
  7.8724116087e-02
  -7.2584822774e-02
  1.7522330582e-01
  -3.8704189658e-01
  1.3123975694e-01
  6.7543126643e-02
  2.4808330461e-02
  -1.9773966074e-01
  -9.0626311302e-01
  -1.1273099184e+00
  1.5668460727e-01
  5.8621227741e-01
  -4.7916439176e-01
  -3.2128870487e-02
  -3.2112622261e-01
  -5.8342754841e-01
  -5.7497757673e-01
  2.7348318696e-01
  2.4961015582e-01
  -2.1383896470e-01
  -2.9004245996e-01
  -8.4490340948e-01
  -1.1222235858e-01
  1.8200434744e-02
  8.7505728006e-02
  -1.0983338952e-01
  -1.3489291072e-01
  5.8346623182e-01
  1.8143996596e-01
  -4.8596743494e-02
  1.5552313626e-01
  -3.0075180531e-01
  7.7484798431e-01
  -3.0055347085e-01
  1.8461507559e-01
  -1.2425024994e-02
  -9.8772537708e-01
  3.5615289211e-01
  -5.8671700954e-01
  -3.2854327001e-03
  -1.4818601608e+00
  2.4358768761e-01
  7.4613250792e-02
  -2.5847211480e-01
  -2.9670846462e-01
  -2.7202126980e+00
  -1.8268392980e-01
  -1.8217468262e-01
  -1.8085373938e-01
  3.6592203379e-01
  2.4896603823e-01
  -2.8357383609e-01
  -9.3396717310e-01
  -2.8140604496e-01
  1.5210755169e-01
  -4.6155112982e-01
  1.8308795989e-02
  -5.9214863926e-02
  -1.6265215874e+00
  -8.9311003685e-01
  1.2535816431e-01
  2.9747948050e-01
  -6.4872719347e-02
  9.4249948859e-02
  -3.4857782722e-01
  4.9289241433e-01
  -1.8877994269e-02
  2.6596936584e-01
  1.5427446365e-01
  -1.3355448842e-01
  -4.6736326814e-01
  -4.1888454556e-01
  -3.6305999756e-01
  6.5251559019e-02
  2.0595371723e-01
  -6.2310505658e-02
  2.1708139777e-01
  2.2356840968e-01
  -1.4862945676e-01
  7.4497990310e-02
  2.0044570789e-02
  -3.1730288174e-03
  3.5097513348e-02
  3.8156521320e-01
  4.4083586335e-01
  1.4723895490e-01
  8.0056115985e-02
  6.4456891268e-03
  -2.5715017319e-01
  3.9312440157e-01
  -1.3276048899e+00
  -3.7183979154e-01
  5.6074424647e-03
  -5.7389092445e-01
  -2.0581732690e-01
  -3.0777494907e+00
  -4.6448624134e-01
  4.6472075582e-01
  -9.9754765630e-02
  3.9079692960e-01
  -9.6401549876e-02
  -4.3681928515e-01
  2.1460667253e-01
  -6.4215022326e-01
  -2.0222838223e-01
  5.9659916162e-01
  -8.7661892176e-02
  -4.6683814377e-02
  -8.9188599586e-01
  -6.0902945697e-03
  -2.1193654835e-01
  2.1651931107e-01
  4.7901123762e-02
  -2.3894187808e-01
  -4.6414303780e-01
  -8.7223030627e-02
  5.5224758387e-01
  6.5090730786e-02
  -2.7541887760e-01
  2.3153748363e-02
  2.4852511287e-01
  -5.0893247128e-01
  -5.2555084229e-01
  1.6140233725e-02
  2.2118194401e-01
  5.7851403952e-01
  1.1776201427e-01
  4.2673873901e-01
  -3.4106260538e-01
  5.0600856543e-01
  -3.9027780294e-01
  5.0929885358e-02
  3.7496975064e-01
  -1.3035756350e+00
  -7.7846765518e-01
  -6.2181568146e-01
  -2.4228861928e-01
  2.9295217246e-02
  -7.9204529524e-01
  6.2333661318e-01
  -1.4546566010e+00
  -8.1011378765e-01
  1.0908102989e+00
  -7.5937554240e-02
  1.4709372818e-01
  -1.6477878094e+00
  5.5311161280e-01
  3.8548001647e-01
  2.4885720015e-01
  5.3883433342e-02
  -4.6450498700e-01
  3.0183625221e-01
  5.5668056011e-02
  -2.7901247144e-01
  2.0104056597e-01
  -1.0787338763e-01
  -3.3173164725e-01
  8.5188508034e-02
  1.7477624118e-01
  4.6334195137e-01
  3.8986882567e-01
  1.9976952672e-01
  -4.3907836080e-01
  -1.1250002682e-01
  5.3211301565e-01
  -1.1998184025e-01
  1.0343159549e-02
  4.0942719579e-01
  -1.4187002182e-01
  -1.1022925377e-01
  -3.6801472306e-01
  5.2738678455e-01
  -3.9626273513e-01
  -2.8562959284e-02
  5.4531708360e-02
  3.0218154192e-01
  1.1348121800e-02
  -2.5515484810e-01
  2.9002955556e-01
  -2.7476742864e-01
  3.7156373262e-01
  -2.4929979444e-01
  2.8161972761e-01
  -2.6111412048e-01
  7.2409105301e-01
  2.4249261618e-01
  3.4992963076e-02
  3.3246088773e-02
  8.0625098944e-01
  1.0126183182e-01
  -1.0117077082e-01
  -2.1662534773e-01
  2.6274254918e-01
  -9.3060508370e-02
  1.6142711043e-01
  -1.7029629648e-01
  7.8097152710e-01
  -3.2499220967e-01
  -2.7687886357e-01
  4.0367662907e-01
  6.8316208199e-03
  2.9562494159e-01
  -1.1258962331e-03
  4.4971808791e-01
  -5.5008884519e-02
  1.2706916034e-01
  -7.5460146181e-03
  -7.1613097191e-01
  4.0846195817e-01
  3.1115436554e-01
  5.4154425859e-01
  1.8229016066e+00
  -8.9425092936e-01
  -5.6280666590e-01
  9.1105055809e-01
  1.1145230532e+00
  -2.6737388223e-02
  1.0613123327e-01
  -4.4082630426e-02
  -3.6887365580e-01
  -5.8910638094e-01
  3.0430874228e-01
  -2.7486175299e-01
  4.1669508815e-01
  -1.1337400973e-01
  2.0182781219e+00
  3.8121497631e-01
  -3.6902290583e-01
  4.9427833408e-02
  -1.6759540141e-01
  -6.3686028123e-02
  -2.5353893638e-01
  3.5854530334e-01
  -5.2920109034e-01
  4.6112629771e-01
  3.9723676443e-01
  -7.4614411592e-01
  -1.0361614823e-01
  5.4439187050e-01
  7.7696377039e-01
  -1.9006842375e+00
  -8.8155530393e-02
  6.3314777613e-01
  1.1683883145e-02
  -3.5065239668e-01
  -4.6062818170e-01
  4.3440884352e-01
  -1.3955226541e-01
  7.7291429043e-02
  1.4547778666e-01
  1.6724722087e-01
  1.6753603518e-01
  -2.9371637106e-01
  4.0022153407e-02
  -6.9405704737e-02
  3.0856892467e-01
  4.0487211943e-01
  3.5695010424e-01
  8.4540128708e-01
  7.1864885092e-01
  3.7090677023e-01
  7.2123289108e-01
  -9.2695158720e-01
  3.2913556695e-01
  8.0312842131e-01
  5.7273000479e-01
  -1.2972606719e-01
  1.0931965895e-02
  -3.4656345844e-01
  -2.0440277457e-01
  -1.9620759785e-01
  5.9026747942e-01
  -5.3696519136e-01
  -2.9284936190e-01
  -4.4353812933e-01
  4.3586143851e-01
  2.4640890956e-01
  -1.6105486453e-01
  3.8414931297e-01
  -3.9127174020e-01
  5.2143150568e-01
  -6.3248997927e-01
  -2.4023419619e-01
  -1.8192211166e-02
  1.1277750880e-01
  -5.7625359297e-01
  -1.6341893002e-02
  -3.3216053247e-01
  -3.6537975073e-01
  -8.9626163244e-02
  3.6477306485e-01
  1.2696361542e-01
  5.0908797979e-01
  -3.1710017473e-02
  1.2223475426e-01
  2.6040494442e-01
  5.3536795080e-02
  -5.0580716133e-01
  5.6630764157e-02
  -1.6215771437e-01
  1.0009142160e+00
  2.7648034692e-01
  8.2202099264e-02
  2.7058279142e-02
  1.0751571506e-01
  1.2047015876e-01
  3.6755499244e-01
  -4.0368399024e-01
  -6.5825045109e-01
  3.8728439808e-01
  9.3297564983e-01
  2.4111516774e-01
  -6.2959484756e-02
  1.6764977574e-01
  -1.5990903974e-01
  1.1295568943e+00
  5.1211297512e-02
  8.9833682775e-01
  -2.4244996905e-01
  -2.4683272839e-01
  -8.6459386349e-01
  1.1832536459e+00
  1.1215947568e-01
  1.1275608093e-02
  2.5166705251e-01
  -1.8760737777e-01
  5.3981834650e-01
  -3.3562037349e-01
  1.1676794291e-01
  -2.1930482984e-01
  -2.0014621317e-01
  1.0691460222e-02
  1.8379846215e-01
  -8.6772933602e-02
  -2.2492231429e-01
  9.6654504538e-02
  -3.2167160511e-01
  5.8254814148e-01
  1.2410989404e-01
  2.3156829178e-01
  -6.9134783745e-01
  5.2849823236e-01
  9.2123806477e-02
  1.8462668359e-01
  1.8955710530e-01
  1.3246949911e+00
  -9.0323671699e-02
  -1.9279462099e-01
  -2.1573655307e-01
  1.4553835988e-01
  -4.1268493980e-02
  2.4056322873e-01
  -1.1959451437e-01
  3.6328709126e-01
  -6.6087901592e-02
  1.6166958958e-02
  -2.8878834844e-01
  4.6252035536e-03
  -6.5596826375e-02
  1.0797908902e-01
  -2.9406204820e-01
  -5.5070757866e-01
  9.7524726391e-01
  -1.1645894051e+00
  2.2718697786e-01
  -3.5615089536e-01
  5.2101671696e-01
  5.9801612049e-02
  5.1823455840e-02
  -2.7756290510e-02
  5.8269453049e-01
  -2.0821462572e-01
  -5.1276701689e-01
  -2.4145536125e-01
  2.7343279123e-01
  -6.8864506483e-01
  1.0611195117e-01
  -1.4628380537e-01
  2.0624908805e-01
  -8.4671460092e-02
  3.3344801515e-02
  -5.6171376258e-02
  -4.4004963711e-03
  -1.1449932307e-01
  -4.4538712502e-01
  7.6425695419e-01
  8.2506813109e-02
  3.2369783521e-01
  9.2430967093e-01
  -1.3015708327e-01
  -1.4439953566e+00
  5.4231399298e-01
  1.2312892079e-01
  1.9292990863e-01
  3.7548422813e-01
  2.6709959507e+00
  1.2150010467e-01
  -2.2293037176e-01
  1.7486922443e-01
  5.4452430457e-02
  1.1340835094e+00
  6.3101840019e-01
  -4.5762467384e-01
  9.0922576189e-01
  1.9515535235e-01
  8.2619726658e-02
  -2.6425802708e-01
  1.2866641581e-01
  -7.8470721841e-02
  -2.1321111917e-01
  -5.6008562446e-02
  -3.0167952180e-01
  2.7021598816e-01
  -7.8156799078e-01
  1.9614563882e-01
  -2.8703624010e-01
  2.5873538852e-01
  2.9501879215e-01
  6.8501643836e-02
  3.4595493227e-02
  6.5574443340e-01
  -5.9768974781e-01
  -5.9392690659e-01
  -5.9169131517e-01
  2.3907439411e-01
  -5.1479750872e-01
  -5.4993844032e-01
  1.4471459389e-01
  -3.8961209357e-02
  -1.6488903761e-01
  1.1208871752e-01
  -3.4376055002e-02
  3.8498407602e-01
  7.1110561490e-02
  -8.3478674293e-02
  6.0401845723e-02
  -8.0436688662e-01
  2.0412862301e-01
  -2.4467498064e-01
  -1.6186022758e-01
  -2.9454776645e-01
  8.9693391323e-01
  1.7899462581e-01
  -1.9501177967e-01
  1.3794873655e-01
  1.4111644030e+00
  1.5527302027e-01
  3.3420574665e-01
  -9.1947361827e-02
  -8.1674635410e-02
  1.5115204453e-01
  7.2407442331e-01
  -4.6619874239e-01
  1.3978792429e+00
  -3.4226351976e-01
  3.0104401708e-01
  -2.7117356658e-02
  -2.1524411440e-01
  -2.2988523543e-01
  -3.2059538364e-01
  2.5542396307e-01
  -9.1498583555e-02
  2.3820810020e-01
  6.3458812237e-01
  2.7168929577e-01
  -8.4103447199e-01
  3.6931225657e-01
  2.2637179494e-01
  -1.0909448378e-02
  7.1280404925e-02
  1.4067178965e+00
  2.1977573633e-02
  -7.6419687271e-01
  5.9534609318e-03
  2.2840669751e-01
  7.8743331134e-02
  -3.3392423391e-01
  7.1718856692e-02
  3.0867019296e-01
  3.2686337829e-01
  -6.4994864166e-02
  9.5470979810e-02
  -1.7765451968e-01
  -1.5435673296e-01
  -3.0479246378e-01
  -3.0366039276e-01
  -1.6677528620e-01
  2.2059187293e-01
  9.9717909098e-01
  2.0181952417e-01
  -3.3557963371e-01
  7.8838676214e-01
  7.7803736925e-01
  -8.0079473555e-02
  -2.8384938836e-02
  2.3508217931e-01
  -1.7960242927e-01
  6.3227701187e-01
  -4.0326631069e-01
  -7.5566582382e-02
  1.0336127877e-01
  -1.2171410769e-01
  -6.2829065323e-01
  -1.8195614219e-01
  -3.7075343728e-01
  -1.9778673351e-01
  -2.8662294149e-01
  2.2419305146e-01
  2.6845356822e-01
  3.8618896157e-02
  6.7627739906e-01
  2.8569298983e-01
  -6.2140312046e-02
  3.3398500085e-01
  2.9351761937e-01
  7.8359943628e-01
  3.6848652363e-01
  -2.4755121768e-01
  1.4589560032e-01
  -1.0765745491e-01
  2.8793424368e-01
  -4.8222076148e-02
  -5.8708566427e-01
  6.2528640032e-02
  -2.7932509780e-01
  -8.5760697722e-02
  -2.5905796885e-01
  5.4736703634e-01
  -2.1913384262e-04
  2.5172331929e-01
  -1.4295095205e-01
  -2.9116407037e-01
  -4.9803055823e-02
  7.2403120995e-01
  7.0078432560e-01
  4.2521187663e-01
  7.0516204834e-01
  -3.1698259711e-01
  3.2603085041e-01
  1.0612862110e+00
  6.3517987728e-01
  2.5743576884e-01
  1.9180643559e-01
  1.9506123662e-01
  -9.3820244074e-02
  2.8082999587e-01
  3.3191514015e-01
  -1.3480955362e-01
  -3.7603057921e-02
  -3.1080827117e-01
  -3.7089653313e-02
  -6.7709349096e-02
  3.2111936808e-01
  -1.4126622677e-01
  2.3955693841e-01
  -4.7021694481e-02
  1.9433434308e-01
  5.2178931236e-01
  -8.5383728147e-02
  -3.5098680854e-01
  -2.1094726026e-01
  -5.4331574589e-02
  2.4369464815e-01
  1.7455638945e-01
  -2.0051114261e-01
  -1.3604046106e+00
  4.4664341211e-01
  -2.4230401218e-01
  6.3943751156e-02
  -4.5242914557e-01
  4.7392114997e-01
  -2.8719165921e-01
  -4.7346764803e-01
  1.2131805532e-02
  -2.9489696026e-02
  -3.0279502273e-01
  -3.5827329755e-01
  5.4514718056e-01
  3.9321232587e-02
  4.4406539202e-01
  -5.9515409172e-02
  -6.4341449179e-03
  9.5793291926e-02
  5.2170175314e-01
  4.0105789900e-01
  9.4254976511e-01
  5.5824089795e-02
  -8.6467511952e-02
  9.9297487736e-01
  9.2619550228e-01
  1.7235738039e+00
  3.2951706648e-01
  -4.9779024720e-01
  1.9336013496e-01
  -3.7731316686e-01
  3.5758954287e-01
  3.1985562295e-02
  -8.5376679897e-02
  3.7706387043e-01
  -3.8145104051e-01
  -6.9336466491e-02
  -2.9751452804e-01
  3.8907304406e-01
  7.4882884510e-03
  5.0384062529e-01
  -1.2161257118e-01
  -4.0571552515e-01
  3.0425760150e-01
  6.4755477011e-02
  -1.3310587406e-01
  1.1099258065e-01
  5.2136772871e-01
  -3.7485361099e-01
  -2.0373727381e-01
  -3.6325716972e-01
  5.3553509712e-01
  4.5137831569e-01
  -3.5231110454e-01
  -5.8828286827e-02
  -2.3962436616e-01
  6.8749958277e-01
  -4.4330069423e-01
  -4.5197448134e-01
  2.3019836843e-01
  -2.3413923383e-01
  2.1289414167e-01
  -1.6428157687e-01
  1.9578902423e-01
  -9.6276968718e-01
  -2.9304021597e-01
  -1.9531558454e-01
  -4.7771230340e-02
  2.7815768123e-01
  -3.2989256084e-02
  -2.4369235337e-01
  -3.1881842017e-01
  4.2559690773e-02
  1.5495841205e-01
  -7.5350090861e-02
  3.0338469893e-02
  -1.4474350214e-01
  1.4008566737e-01
  1.5552972257e-01
  3.4124203026e-02
  -1.8360073445e-03
  3.5757812858e-01
  1.2967385352e-01
  -5.5373519659e-01
  -7.0903524756e-02
  -2.3553448915e-01
  -2.2002933919e-01
  -2.7788427472e-01
  2.1042770147e-01
  1.8596503139e-01
  8.2405912876e-01
  -3.7391221523e-01
  -6.1190605164e-02
  -1.6925600171e-01
  -2.8011560440e-01
  -9.6315279603e-02
  6.9304561615e-01
  -1.4197595417e-01
  1.4846188016e-02
  1.1931986809e+00
  -4.4497406483e-01
  4.8520964384e-01
  4.9842348695e-01
  -4.2908314615e-02
  -1.1103557050e-01
  -1.2047037482e-02
  3.3360603452e-01
  -6.4336907864e-01
  8.4378160536e-02
  1.0154439509e-01
  -1.5526114963e-02
  -8.0205298960e-02
  -2.3908470571e-01
  7.2165608406e-02
  3.2576799393e-02
  -2.7927547693e-01
  1.8241736293e-01
  1.5998482704e-01
  1.6711084545e-01
  -1.1943165958e-01
  3.5880959034e-01
  -1.2985368073e-01
  -2.2361003794e-03
  3.1456017494e-01
  -9.9702991545e-02
  -1.8045520782e-01
  5.2829784155e-01
  3.1166601181e-01
  1.1574258655e-01
  9.6861943603e-02
  5.6032001972e-02
  -5.2713024616e-01
  -6.5717571974e-01
  -1.7363739014e-01
  3.2227236778e-02
  5.2617144585e-01
  -3.6899209023e-01
  -2.0137174428e-01
  2.3057737947e-01
  -5.1970130205e-01
  1.0791155696e-01
  -1.1939885095e-02
  -8.2338474691e-02
  -3.9166722447e-02
  1.3987538218e-01
  2.3709140718e-01
  -9.7768902779e-02
  -2.3826787248e-02
  3.6833462119e-01
  -1.0282601118e+00
  1.8562029302e-01
  5.6249815226e-01
  6.6564917564e-01
  -2.9953408241e-01
  -1.7883889377e-01
  -9.8420225084e-02
  -4.5144516230e-01
  -6.8270929158e-02
  4.5365354419e-01
  -1.4223949984e-02
  3.2114964724e-01
  -1.3640938699e-01
  2.8539815918e-02
  -5.7243201882e-02
  -2.1443521976e-01
  -1.2586474419e-01
  -3.3255431056e-01
  2.7052688599e-01
  -4.0940992767e-04
  -1.1808475479e-02
  2.4105593562e-01
  3.0128133297e-01
  3.0515754223e-01
  -1.6372536123e-01
  9.3832200766e-01
  -3.6973953247e-01
  -3.3088794351e-01
  2.7639657259e-01
  1.9200246036e-01
  7.0666968822e-03
  2.5598305464e-01
  -6.9477155805e-02
  -5.7335335016e-01
  -2.9517540336e-01
  3.4493321180e-01
  3.2352048904e-02
  -3.4234371781e-01
  -6.4336252213e-01
  1.1883773804e+00
  -7.8616642952e-01
  2.9244539142e-01
  2.1351037920e-01
  -1.0835920274e-01
  1.4482456446e-01
  1.9620494917e-02
  3.0825439095e-01
  3.3330552280e-02
  -6.0968351364e-01
  1.3629658520e-01
  -1.2704869509e+00
  5.3907772526e-03
  2.4814508855e-01
  4.3944770098e-01
  1.0545746237e-01
  -1.1375765502e-01
  2.3435150087e-01
  -2.3848101497e-01
  -4.2806777358e-01
  -4.4667294621e-01
  -2.5414618850e-01
  5.6244772673e-01
  -2.3562239110e-01
  -1.2644995749e-01
  3.6785480380e-01
  -3.0726402998e-01
  -2.6046228409e-01
  -2.9938799143e-01
  -2.4313277006e-01
  3.7524417043e-01
  2.5909563899e-01
  2.8772154450e-01
  -5.9675353765e-01
  -5.7918626070e-01
  1.9934739172e-01
  -3.0439448357e-01
  -1.9787785411e-01
  2.4410562217e-01
  8.2285410166e-01
  -1.5677677095e-01
  2.8042942286e-01
  3.7610819936e-01
  1.2000188828e+00
  -8.2856452465e-01
  6.9822323322e-01
  -2.7202871442e-01
  -2.5074326992e-01
  -4.4251063466e-01
  -2.0598600805e-01
  2.8761672974e-01
  -1.8033063412e-01
  6.9678485394e-01
  -2.1121500432e-01
  8.9949712157e-02
  8.5146851838e-02
  -4.5363750309e-02
  3.8914747536e-02
  3.1267830729e-01
  2.3177094758e-01
  5.1811035722e-02
  8.6875426769e-01
  -8.4556058049e-02
  1.3120824099e-01
  1.5431191027e-01
  2.8911659122e-01
  4.0674973279e-02
  -6.1579807661e-03
  -1.0358133316e+00
  -7.8528180718e-02
  -5.4178810120e-01
  1.0061345994e-01
  3.2323285937e-01
  5.2440828085e-01
  3.5008978099e-02
  3.1794029474e-01
  -6.9592857361e-01
  -7.7131944895e-01
  1.1564252526e-01
  -1.2949872017e-01
  -2.1680398285e-01
  -1.0099388659e-01
  1.4888473786e-02
  -3.5148963332e-01
  1.8769381568e-02
  -1.4616490342e-02
  1.2706279755e-01
  4.6841993928e-02
  7.6788890362e-01
  6.7166918516e-01
  -1.3640117645e-01
  -5.9612624347e-02
  1.6398701817e-02
  5.0430160761e-01
  -2.9416722059e-01
  -3.5951557755e-01
  3.7741664797e-02
  6.1041640583e-04
  -9.7463652492e-02
  -6.4843797684e-01
  6.3116717339e-01
  7.5955935754e-03
  5.2561217546e-01
  6.7028634250e-02
  2.1808776259e-01
  -1.7242732644e-01
  -5.1129180193e-01
  -4.8650842905e-01
  1.1394838989e-01
  4.9642186612e-02
  1.1577559263e-01
  -6.8664377928e-01
  -3.9938569069e-01
  -5.0046324730e-01
  8.6131371558e-02
  -3.1413888931e-01
  3.3541288227e-02
  -2.4850416183e-01
  1.8736253679e-01
  -1.2640734017e-01
  -3.0678185821e-01
  2.4990758300e-01
  -5.3019571304e-01
  6.0946255922e-01
  2.1495165303e-02
  4.0531277657e-02
  2.5987985730e-01
  2.5200495124e-01
  2.3651894927e-01
  2.1175171435e-01
  2.0384243131e-01
  -1.0313391685e+00
  -1.4344013929e+00
  2.8986742720e-02
  -9.7637987137e-01
  8.5234433413e-01
  -1.4228320122e+00
  8.9872682095e-01
  5.1987147331e-01
  3.2840451598e-01
  2.2909295559e-01
  3.5689100623e-01
  1.3487001881e-02
  3.0368950963e-01
  1.1210306734e-01
  -3.4328147769e-01
  2.9787272215e-01
  -2.9494056106e-01
  4.8484626412e-01
  3.1444393098e-02
  -3.8690021634e-01
  -1.7536651576e-03
  -9.3632988632e-02
  1.0923064500e-01
  2.3769535124e-01
  -1.3368097544e+00
  -2.0114099607e-02
  -1.1494436115e-01
  1.0405591726e+00
  1.6520429850e+00
  -1.2047570944e-01
  4.1924598813e-01
  -8.3597314358e-01
  -2.4442198277e+00
  -4.1412055492e-02
  -4.0248081088e-02
  -9.7102425992e-02
  -3.0150890350e-01
  -2.5969612598e-01
  -3.3901488781e-01
  -1.1149286479e-01
  -6.6583251953e-01
  -3.3472955227e-01
  4.8348300159e-02
  -8.9549973607e-02
  6.5095973015e-01
  3.9621824026e-01
  3.0871045589e-01
  1.4677979946e+00
  2.1902334690e-01
  -7.3025330901e-02
  -5.2198165655e-01
  -6.2671369314e-01
  -8.6682923138e-02
  -1.8855629023e-03
  3.0412739515e-01
  -1.9702650309e+00
  3.0081468821e-01
  -5.6699478626e-01
  2.7926862240e-01
  -4.1737547517e-01
  3.8058847189e-01
  -1.8659563363e-01
  7.3287181556e-02
  3.4095501900e-01
  -2.1968194842e-01
  5.9287667274e-01
  -3.1460613012e-01
  7.2029173374e-01
  -1.3547149301e-01
  3.7366989255e-01
  -1.2733022869e-01
  1.9303159416e-01
  1.3488398492e-01
  3.6867505312e-01
  -5.2936720848e-01
  -7.9436749220e-01
  -8.5779440403e-01
  -1.1419806629e-01
  -1.4713841677e-01
  1.4358101785e-01
  -9.1983723640e-01
  -3.2485944033e-01
  -7.0735776424e-01
  1.1505839229e-01
  1.2530562468e-02
  -2.0455470681e-01
  -1.7894954979e-01
  6.5910357237e-01
  -3.3359166980e-01
  3.8489478827e-01
  4.4381710887e-01
  -3.8366976380e-01
  7.6361238956e-02
  3.4399431944e-01
  -2.4927355349e-02
  3.9500012994e-01
  1.7376922071e-01
  -2.8153380752e-01
  1.7046730220e-01
  -9.4388686121e-02
  3.5059651732e-01
  1.8557082117e-01
  4.7778987885e-01
  -3.1802347302e-01
  -1.1521942914e-01
  5.7801890373e-01
  -2.8274539113e-01
  1.4205582142e+00
  1.5750186145e-01
  3.7340503931e-01
  2.5087696314e-01
  9.6706643701e-02
  -5.5370050669e-01
  8.0031417310e-02
  -7.7884507179e-01
  -3.7245344371e-02
  -3.9567270875e-01
  3.6322629452e-01
  -3.3391979337e-01
  -1.6147880256e-01
  1.8726582825e-01
  2.1721443534e-01
  8.8987007737e-02
  2.4343281984e-01
  -8.4053143859e-02
  6.8460798264e-01
  -1.8391282856e-01
  7.1063756943e-01
  3.2543110847e-01
  -2.0186576247e-01
  -2.5261029601e-01
  3.6151701212e-01
  -1.3135665655e+00
  -4.0386091918e-02
  -2.5054836273e-01
  2.3162283003e-01
  -9.8225064576e-02
  1.6276018322e-01
  -3.1621140242e-01
  -2.1667458117e-01
  -2.5694400072e-02
  2.8035727143e-01
  5.4930037260e-01
  -4.7196096182e-01
  2.2746114433e-01
  -1.6385962069e-01
  2.7737301588e-01
  1.5893310308e-01
  -7.1416206658e-02
  -1.1354833841e-01
  -1.5318290889e-01
  -1.9917747378e-01
  2.7044859529e-01
  3.9749160409e-01
  -3.7144446373e-01
  3.1860074401e-01
  -3.9587447047e-01
  4.7264914960e-02
  2.1474245936e-02
  6.2479719520e-02
  9.6887566149e-02
  1.7018118501e-01
  -1.7381297052e-01
  6.9239366055e-01
  -4.9824920297e-01
  2.5386428460e-02
  -3.6791840196e-01
  1.7356814444e-01
  -3.6298863590e-02
  1.2148203701e-01
  -2.2636181116e-01
  -7.0919895172e-01
  -4.5640712976e-01
  2.1028722823e-01
  -2.0732225850e-02
  -9.7390347719e-01
  -1.2395088673e+00
  1.4128905535e-01
  1.7619799078e-01
  -4.4981053472e-01
  8.0035871267e-01
  -1.6552788019e-01
  3.9896026254e-01
  8.5531156510e-03
  -2.8960251808e-01
  -1.6191642731e-02
  -6.9764435291e-02
  -1.9607277215e-01
  -9.0281146765e-01
  -5.9193581343e-01
  1.5474107862e-01
  -5.2633094788e-01
  -3.6955669522e-01
  -6.1493474990e-02
  -1.9716413319e-01
  2.0653827488e-01
  -2.1414766088e-02
  -1.8671779335e-01
  -1.5284070373e-01
  1.5642653406e-01
  9.8706200719e-02
  1.0663508624e-01
  8.6579918861e-02
  6.2164217234e-01
  -1.3079974055e-01
  7.1924768388e-02
  -4.4760534167e-01
  -3.7711080909e-01
  -2.0160387456e-01
  2.1134066582e-01
  5.1073245704e-02
  -9.4289205968e-02
  -1.1306743324e-01
  1.3651678562e+00
  -4.1608956456e-01
  -1.5478958189e-01
  7.1359067224e-03
  1.4731217623e+00
  -6.1766201258e-01
  6.2831896544e-01
  -4.4915917516e-01
  -8.1614661217e-01
  -5.3613662720e-01
  2.3351341486e-01
  -9.6194118261e-02
  -6.6098260880e-01
  -3.6992639303e-01
  2.5186198950e-01
  2.0552387461e-02
  -3.7517112494e-01
  1.3886740208e+00
  -6.8742698431e-01
  -3.1632167101e-01
  -3.1736889482e-01
  1.2321803719e-01
  -1.3797879219e-01
  6.8446618319e-01
  -3.4811664373e-02
  -5.4676544666e-01
  -8.0637055635e-01
  1.6448076069e-01
  -2.1066634357e-01
  -6.6548550129e-01
  -1.7567771673e-01
  2.6114529371e-01
  3.5108944774e-01
  -5.5209076405e-01
  -2.1272376180e-01
  -1.2170122005e-02
  -3.6399555206e-01
  -2.4165679514e-01
  -2.6074445248e-01
  1.8382653594e-01
  5.2989429235e-01
  -5.1847702265e-01
  5.3201723844e-02
  5.9724003077e-01
  7.3170429468e-01
  3.2836173195e-03
  1.7306922376e-01
  3.1327563524e-01
  4.5399025083e-02
  -2.5782153010e-01
  1.4531322718e+00
  -4.2670357227e-01
  3.7560880184e-01
  8.2616575062e-02
  1.5505615473e+00
  -1.2031849474e-02
  8.3474680781e-02
  -1.4651626348e+00
  2.5884044170e-01
  -9.9507606030e-01
  -2.6307919621e-01
  1.9480308890e-01
  1.6648398340e-01
  2.5020027161e-01
  1.7256598175e-01
  1.4270426333e-01
  -1.7660526559e-02
  3.2685089111e-01
  -1.0184968710e+00
  -1.7945009470e-01
  -8.4581404924e-02
  -4.1073507071e-01
  5.5067155510e-02
  -2.6037418842e-01
  -5.0473827869e-02
  8.5217863321e-02
  -1.9087186456e-01
  1.3179084659e-01
  -1.1379232258e-01
  -1.3733053207e-01
  4.9275266938e-03
  1.1614972353e-01
  8.8769741356e-02
  -9.6105742455e-01
  -1.2307416648e-01
  -2.1918904036e-02
  1.5205216594e-02
  -5.6116932631e-01
  -1.7710255086e-01
  5.0893574953e-01
  6.8921148777e-02
  -1.3258083165e-01
  -1.9673761725e-01
  -2.4292309582e-01
  4.4095543027e-01
  -2.4365858734e-01
  2.2321191430e-01
  1.0006128252e-01
  5.0254106522e-02
  5.4521423578e-01
  2.7211299539e-01
  -1.0179624557e+00
  -5.3577031940e-02
  -1.3743610680e-01
  -9.6482954919e-02
  -4.7374430299e-01
  3.0369997025e-01
  4.4937869906e-01
  -1.4033943415e-01
  -6.0853779316e-02
  1.7381922901e-01
  1.1447922140e-01
  -4.6477949619e-01
  1.1173520237e-01
  7.8410619497e-01
  -1.1347609758e-01
  8.9993350208e-02
  3.0119636655e-01
  2.0071861148e-01
  -8.8394984603e-02
  8.6416222155e-02
  1.3565224409e-01
  2.3979015648e-01
  -1.4529049397e-01
  -2.2741357982e-01
  -4.1166940331e-01
  1.5062859654e-01
  -3.4304326773e-01
  4.1701146960e-01
  -2.1168713272e-01
  -2.5617578626e-01
  2.9068505764e-01
  -5.7628381252e-01
  -4.7025826573e-01
  -4.6753577888e-02
  1.0842048377e-01
  -1.2299703062e-01
  1.3509496450e+00
  1.1294807196e+00
  5.2398020029e-01
  6.8040899932e-02
  -1.9235159457e-01
  -4.6384966373e-01
  5.6561511755e-01
  -1.6771960258e-01
  -1.0173424333e-01
  2.7608444914e-02
  -1.1168777943e-01
  1.6938443482e-01
  -1.1858003587e-01
  -1.4111563563e-01
  1.2402436137e-01
  -1.2675845623e-01
  1.1664752662e-01
  -3.8464978337e-01
  -1.5570317209e-01
  6.4233994484e-01
  -1.6665861011e-01
  -3.1837335229e-01
  2.6136273146e-01
  1.4771273732e-01
  1.0130620748e-01
  -7.7308660746e-01
  -3.8673245907e-01
  8.4539341927e-01
  -3.2644534111e-01
  1.4663542807e-01
  3.3394470811e-01
  -1.3415843248e-01
  -8.4085249901e-01
  1.5055507421e-01
  -1.4605961740e-01
  -4.0016427636e-02
  -3.6133176088e-01
  -2.4347361922e-01
  -2.0297309756e-01
  -6.5383971669e-03
  -8.6636729538e-02
  4.1511467099e-01
  4.1866686940e-01
  -4.4045296311e-01
  -2.2857232392e-01
  -1.0453935862e+00
  -4.9319392443e-01
  -3.1043222547e-01
  6.0597468168e-02
  1.2643687427e-01
  4.2294669151e-01
  1.8570296466e-01
  1.5740647316e+00
  -1.1848056316e-01
  -8.5036784410e-02
  7.0092844963e-01
  -1.2784639001e-01
  3.0617180467e-01
  8.3509199321e-03
  -1.3096898794e-01
  7.1670301259e-02
  -4.2559129000e-01
  -3.1407982111e-01
  -5.5386942625e-01
  3.6369183660e-01
  -3.9836019278e-01
  3.0478173867e-02
  -5.1277762651e-01
  -8.0711893737e-02
  2.5634947419e-01
  -4.3045425415e-01
  -3.6122143269e-01
  5.6704539806e-02
  -1.1440020055e-01
  3.1612947583e-01
  -4.2276102304e-01
  1.9688062370e-01
  2.3373319209e-01
  3.9862743020e-01
  -2.2200602293e-01
  -2.4273277819e-01
  7.0588809252e-01
  2.8927338123e-01
  8.8973350823e-02
  -2.1426615119e-01
  -4.4316440821e-02
  -1.5779134631e-01
  3.3353987336e-01
  1.5118844807e-01
  -7.0497190952e-01
  -4.7474932671e-01
  8.3924102783e-01
  1.8865129352e-01
  -6.5867990255e-01
  3.2417324185e-01
  -4.4025307894e-01
  -2.2914972901e-01
  3.7336507440e-01
  1.5276139975e-01
  5.2294418216e-02
  -6.7195975780e-01
  -4.9709466100e-01
  1.9733199850e-02
  -3.0283132568e-02
  2.7545604110e-01
  3.5022173077e-02
  -8.1806398928e-02
  -3.3448091149e-01
  -3.8479175419e-03
  2.8445947170e-01
  2.5771173835e-01
  -3.4671046305e-03
  -6.3568294048e-01
  -3.0148928985e-02
  3.8338968158e-01
  1.4153441787e-01
  3.1755718589e-01
  -1.1458494700e-02
  -2.2224202752e-01
  6.7795383930e-01
  -1.0649310350e+00
  -3.0642211437e-01
  -2.2760659456e-01
  6.1599381268e-02
  -3.5215012729e-02
  2.1156552434e-01
  5.9856373072e-01
  9.9903750420e-01
  -1.2929548323e-01
  6.1821594834e-02
  8.2115024328e-01
  -7.9583859444e-01
  -1.3748544455e-01
  -1.8221433461e-01
  2.7219635248e-01
  -1.3139906526e-01
  -9.9572628736e-02
  -2.2139462829e-01
  -4.2623099685e-01
  3.1426975131e-01
  -1.8881288171e-01
  -2.8411099687e-02
  -7.5134813786e-02
  9.9087990820e-02
  1.5305027366e-01
  -1.1131244153e-01
  3.0886262655e-01
  -2.4524728954e-01
  2.6669055223e-01
  -3.1782245636e-01
  2.0186524093e-01
  -2.6149475947e-02
  3.6438578367e-01
  2.7977940440e-01
  -2.8168499470e-01
  1.0432410240e+00
  -2.4612510204e-01
  1.9909667969e-01
  1.6495132446e-01
  5.7643377781e-01
  -2.1773995459e-01
  2.4286843836e-01
  1.0882321745e-01
  -4.2052799463e-01
  3.9653640985e-01
  -1.2077823281e-01
  5.8955824375e-01
  -2.3145538568e-01
  -1.2792928517e-01
  -1.9147010520e-02
  2.7928218246e-01
  6.3608497381e-01
  -3.3389708400e-01
  5.1436334848e-01
  -1.4112155139e-01
  1.6309051216e-01
  -4.3692842126e-01
  1.8468360603e-01
  2.5646072626e-01
  -3.3946409822e-01
  -8.5715934634e-02
  1.2316528559e+00
  3.3222240210e-01
  -1.1168639176e-02
  2.9783204198e-01
  3.1219580770e-01
  -9.0973310173e-02
  1.1977301836e+00
  -2.8303131461e-01
  9.1349519789e-02
  -1.3473859429e-01
  -3.5392537713e-01
  3.7697032094e-01
  -1.5480656922e-01
  3.6702561378e-01
  -2.8675314039e-02
  6.3542908430e-01
  -7.9724505544e-02
  3.5502690077e-01
  -5.9603095055e-01
  -1.3388748467e-01
  9.4635710120e-02
  5.7516688108e-01
  5.3613841534e-02
  1.3209803402e-01
  1.0661582947e+00
  -8.4837156534e-01
  -1.4737913609e+00
  2.3829437792e-01
  5.6185406446e-01
  -4.9210560322e-01
  1.2293492556e+00
  -1.2468228340e+00
  -4.1618180275e-01
  3.7417715788e-01
  -1.4610650539e+00
  8.5297614336e-01
  -9.3773508072e-01
  -1.7696909606e-01
  -1.7678762972e-01
  3.9254036546e-01
  4.2850732803e-01
  -3.8940230012e-01
  6.5370643139e-01
  1.4668770134e-02
  1.7399880290e-01
  -3.7046700716e-02
  -1.0039231926e-01
  -2.0092882216e-01
  -2.7152797580e-01
  1.1503956318e+00
  9.1850161552e-01
  1.1586843431e-01
  -1.3733738661e-01
  -3.0194577575e-01
  2.3386508226e-02
  2.2745542228e-01
  1.0442212820e+00
  -4.4513589144e-01
  5.6693688035e-02
  5.0013339520e-01
  -1.7812441289e-01
  -8.1514775753e-02
  -3.5923758149e-01
  -1.3764156401e-01
  -1.2899994850e-01
  5.5444091558e-01
  -3.5099777579e-01
  1.4162331820e-01
  -7.3028254509e-01
  -2.0314429700e-01
  -2.5531074405e-01
  4.9257472157e-01
  6.7151767015e-01
  -2.1500577033e-01
  4.7068336606e-01
  -4.8978847265e-01
  3.9356312156e-01
  7.7773219347e-01
  8.9533323050e-01
  -1.3095566034e+00
  2.8380522132e-01
  1.7465478182e-01
  -2.7452519536e-01
  4.6825185418e-03
  -3.8898476958e-01
  2.1823773384e+00
  9.3568682671e-02
  -5.0291463733e-02
  3.2473558187e-01
  7.0714849234e-01
  2.4893912673e-01
  1.5618816018e-01
  3.0567190051e-01
  -4.4459160417e-02
  3.3145299554e-01
  2.5123089552e-01
  5.0395351648e-01
  -6.2237419188e-02
  -2.3601529002e-01
  6.7068558931e-01
  -7.6357841492e-01
  -1.9393369555e-01
  -3.8361495733e-01
  3.2276588678e-01
  -2.6082435250e-01
  2.0371045172e-01
  -6.7018604279e-01
  -2.5108531117e-01
  2.2613297403e-01
  -3.6975950003e-01
  4.0500867367e-01
  -9.8383718729e-01
  6.9360069931e-02
  3.1852483749e-02
  2.9181745648e-01
  1.9109988213e-01
  -1.5693429112e-01
  3.4144997597e-01
  1.5740016103e-01
  3.6649557948e-01
  6.7931777239e-01
  2.0411677659e-01
  -2.4253126234e-02
  -5.4197963327e-02
  5.6893229485e-01
  4.3369323015e-01
  -2.4569258094e-01
  2.9012924433e-01
  3.2131290436e-01
  1.1401276290e-01
  -5.2297636867e-02
  1.1404330730e+00
  -3.9917841554e-01
  6.2241768837e-01
  -5.8468550444e-02
  -3.0392992496e-01
  -3.5711795092e-01
  -1.1628606170e-01
  -2.3764739931e-01
  -1.9295847416e-01
  5.0098931789e-01
  -3.3783480525e-01
  -1.2636549771e-01
  -1.7049127817e-01
  -1.1918336153e-01
  -1.6636589170e-01
  -6.5285071731e-02
  8.1852398813e-02
  1.2434869260e-01
  2.9224105179e-02
  1.2813860178e-01
  1.3030603528e-02
  2.1654935554e-03
  1.3438476622e-01
  1.1845511943e-01
  2.7942219749e-02
  -9.6557632089e-02
  -1.1610735953e-01
  6.1498906463e-02
  -1.3269519806e-01
  1.0833553970e-01
  -1.3594447635e-02
  -5.5103067309e-02
  -1.6795064509e-01
  9.9699072540e-02
  1.8365981057e-02
  -1.1061654240e-01
  5.0299251080e-01
  8.3601593971e-02
  2.6756808162e-01
  8.5845710710e-03
  1.5466022491e-01
  1.9748376310e-01
  1.0237834603e-01
  1.2651339173e-01
  -3.5442876816e-01
  2.8498342633e-01
  8.1597626209e-02
  2.8285068274e-01
  8.7575905025e-02
  -1.8732359633e-02
  -1.3779108226e-01
  2.0116075873e-02
  -4.3754217029e-01
  1.5089956112e-02
  1.0472836345e-01
  1.7322117090e-01
  -1.1066206545e-01
  -1.3922406733e-01
  -1.6474474967e-01
  -6.8304568529e-02
  -4.7538834624e-03
  -1.3272869587e-01
  9.7824074328e-03
  -3.1216511130e-01
  -3.8224503398e-01
  -2.4350088835e-01
  -5.3639523685e-02
  6.7965120077e-02
  -1.4634439349e-01
  2.4450053275e-01
  -2.4869458377e-01
  6.5253436565e-02
  -6.3822656870e-01
  1.8647837639e-01
  -2.2751808167e-02
  -7.9940445721e-02
  -2.0628616214e-01
  3.8342300057e-01
  -1.8647384644e-01
  1.4120325446e-01
  -1.7398230731e-01
  3.8291195035e-01
  -9.4972252846e-02
  -4.9064129591e-02
  -7.4499905109e-02
  -5.5126111954e-02
  2.3425778747e-01
  -1.7899483442e-01
  1.7081962526e-01
  8.5111841559e-02
  -9.3283941969e-03
  -4.1003936529e-01
  -4.1085325181e-02
  -2.2328136861e-01
  -1.3916240633e-01
  -1.2648744881e-01
  -5.8896850795e-02
  6.2429260463e-02
  -2.6616923511e-02
  3.9071176201e-02
  1.9085375965e-01
  -2.3798000813e-01
  -4.8074100167e-02
  -2.1045148373e-01
  1.2212096900e-01
  -1.5748959035e-02
  -9.4687074423e-02
  7.9327888787e-02
  -1.0364133120e-01
  -2.7593826875e-02
  9.1844767332e-02
  -4.4858825207e-01
  3.4422736615e-02
  -1.6315494478e-01
  -6.5005511045e-02
  -1.0192946345e-01
  7.8745171428e-02
  -5.1264286041e-02
  1.1206269264e-01
  -1.1330904067e-01
  2.9695394635e-01
  7.9939842224e-02
  2.3077991605e-01
  1.5486976504e-01
  1.2191141397e-01
  1.7703625560e-01
  -1.0712260380e-02
  -1.6528984904e-01
  2.1774363518e-01
  3.9771225303e-02
  2.7738183737e-02
  -7.2984308004e-02
  -7.6577119529e-02
  1.6275747120e-01
  3.2937395573e-01
  -8.1697261333e-01
  -1.2182476372e-01
  1.1622384936e-01
  -3.7355385721e-02
  -8.9396819472e-02
  1.7068907619e-01
  1.6393749416e-01
  -3.1975409365e-04
  -3.4710146487e-02
  -3.7168715149e-02
  1.5499508381e-01
  7.8475467861e-02
  -3.1786125153e-02
  -9.5612347126e-02
  1.1732291430e-01
  -7.2352461517e-02
  -1.0638123751e-01
  2.4083270133e-01
  -3.1824454665e-02
  1.8113559484e-01
  -2.1304333210e-01
  -1.0471291840e-01
  -1.7065532506e-01
  2.4141050875e-02
  -3.0635717511e-01
  -1.0172096640e-01
  -1.3602811098e-01
  1.4584712684e-01
  -2.1384365857e-01
  2.0821425319e-01
  1.1798401363e-02
  2.7302177623e-03
  7.6652355492e-03
  -3.6783773452e-02
  -1.0995360464e-01
  7.0655316813e-04
  -2.4897849560e-01
  -7.7880010009e-02
  6.1180800200e-01
  2.8545927256e-02
  6.8880975246e-02
  -1.3681508601e-01
  2.8091377020e-01
  4.8993304372e-02
  -1.5534021892e-02
  5.9055533260e-02
  7.6600946486e-02
  5.2608724684e-02
  -5.6175817735e-03
  1.0881028138e-02
  8.6045719683e-02
  -6.1787310988e-02
  -1.6652789712e-01
  2.5483554229e-02
  -1.3770920038e-01
  -3.8248628378e-01
  -4.1435979307e-02
  -6.7548602819e-02
  2.1146707237e-02
  1.1988041550e-01
  -1.3884557784e-01
  -1.8441697955e-01
  -2.0205715299e-01
  6.3392475247e-02
  -2.0220488310e-01
  -2.2065439820e-01
  -4.9027156085e-02
  3.1896847486e-01
  -1.7690552771e-01
  8.7539330125e-03
  -9.3932315707e-02
  6.8897552788e-02
  -1.8948456645e-01
  9.6894048154e-02
  -3.4295406193e-02
  1.7667153478e-01
  3.6388570070e-01
  -1.2262170017e-01
  4.3927665800e-02
  -2.7741831541e-01
  -8.6003907025e-02
  -3.7466964126e-01
  -7.6808005571e-01
  2.2031457722e-01
  -2.6787906885e-01
  -2.9128664732e-01
  -2.6943853498e-01
  -2.9440352321e-01
  9.9526546896e-02
  4.8326086253e-02
  -2.4552561808e-03
  -2.3974888027e-01
  3.0301582813e-01
  -2.2616927326e-01
  9.2933028936e-02
  -2.6266485453e-02
  3.1106647849e-01
  -4.4444051385e-01
  2.2416809201e-01
  5.8415863663e-02
  2.1890906990e-01
  7.9708121717e-02
  1.0158119351e-01
  8.0343522131e-02
  2.3166781664e-01
  4.2859473615e-04
  5.5345326662e-01
  4.0716004372e-01
  -2.5271433592e-01
  6.7478114367e-01
  2.7004602551e-01
  1.5569394827e-01
  -1.3044565916e-01
  -9.8492689431e-02
  -4.7750797868e-01
  -2.3469291627e-01
  1.1977068335e-01
  3.3938810229e-01
  -3.5610772669e-02
  2.7564626932e-01
  4.7816794366e-02
  -2.6564300060e-01
  5.0033825636e-01
  3.8268141448e-02
  -5.3598832339e-02
  -1.4363472164e-01
  5.0721857697e-02
  -1.1594858021e-01
  6.1241004616e-02
  -2.1400301158e-01
  -2.0173314214e-01
  2.5425606966e-01
  -1.5285567939e-01
  -3.8433019072e-03
  -3.0967954546e-02
  1.1193959415e-01
  -3.3397448063e-01
  -2.2363325953e-01
  6.5915934741e-02
  -1.7818115652e-01
  -5.0207175314e-02
  -1.4548774064e-01
  -1.0025971383e-01
  -6.2078736722e-02
  9.6673659980e-02
  1.5684170648e-02
  4.7935847193e-02
  1.7048777640e-01
  1.7531248927e-01
  8.2914166152e-02
  1.6426961124e-01
  -1.3827894628e-01
  -1.9882561266e-01
  -3.5402825475e-01
  -2.4073229730e-01
  -1.3636344671e-01
  5.5523604155e-02
  -2.3855267093e-02
  1.5187504888e-01
  9.7978629172e-02
  -3.8419240713e-01
  -4.3975841999e-01
  3.0869715847e-03
  -2.0877593756e-01
  1.1196569353e-01
  -8.7341618538e-01
  -9.6377670765e-02
  2.0273205638e-01
  -2.7104830742e-01
  3.9576345682e-01
  2.5045317411e-01
  1.1293594539e-01
  -2.6839724183e-01
  -7.3680236936e-02
  -4.4064962864e-01
  1.5146802366e-01
  6.8326741457e-02
  1.3490651548e-01
  9.6851482987e-02
  1.0893002898e-01
  2.0724751055e-01
  -3.4260007739e-01
  3.3339254558e-02
  2.1164126694e-01
  -2.0100785792e-01
  -4.9279552698e-01
  1.6332828999e-01
  2.0467483997e-01
  6.4200153574e-03
  -7.2538331151e-02
  -1.4305463433e-01
  -1.1126562953e-01
  5.1006311178e-01
  -3.0895432457e-02
  2.8866347671e-01
  1.2214918435e-01
  -8.9124083519e-02
  -8.5971042514e-02
  3.7043374032e-03
  4.0884101391e-01
  -6.7777350545e-02
  5.6897405535e-02
  1.3425730169e-01
  1.6615210474e-01
  -1.0291849822e-01
  1.0747500509e-01
  -3.1914350390e-01
  -8.1092668697e-03
  -7.9325027764e-02
  -1.3541737199e-01
  1.5171368141e-03
  -1.6994734108e-01
  -1.5214218199e-01
  -1.2031587958e-01
  -1.7668304965e-02
  -1.6313838959e-01
  1.1899638921e-01
  1.1292457581e-01
  3.2930377871e-02
  -3.6445412040e-01
  -7.3319645599e-03
  -1.8721544743e-01
  9.3812188134e-03
  2.4507416785e-01
  -8.2208313048e-02
  1.5157264471e-01
  5.4430566728e-02
  6.8658008240e-03
  -1.3952116668e-01
  -7.3754437268e-02
  9.6098974347e-02
  2.2564060986e-01
  -1.6846492887e-01
  -9.4046227634e-02
  -1.5245582163e-01
  2.2849770263e-02
  -2.3330513388e-02
  1.3019472361e-01
  1.4099892974e-01
  -2.5957289338e-01
  -1.3412389159e-01
  -5.8270171285e-02
  -2.8043104336e-02
  -1.3997921348e-01
  -6.4888231456e-02
  2.2021247074e-02
  2.6458576322e-02
  -2.0448753238e-01
  -6.7393578589e-02
  -2.2117777169e-01
  1.3055513799e-01
  3.0642567202e-02
  1.4149171114e-01
  -3.0746778846e-01
  -1.4036299288e-01
  1.8403613567e-01
  1.6866089404e-01
  -2.1487620473e-01
  2.7214533091e-01
  2.1800808609e-01
  -4.2374633253e-02
  -4.1230022907e-01
  -5.8358055539e-03
  4.5911684632e-02
  1.0488646105e-02
  3.7298053503e-02
  -7.7044367790e-02
  2.1089027822e-01
  -2.2051581740e-01
  -2.9773026705e-01
  2.3065364361e-01
  -1.4297769964e-01
  -2.2319856286e-01
  -7.4821181595e-02
  -8.4243685007e-02
  3.1543076038e-01
  -8.9190743864e-02
  -2.7671784163e-01
  1.1271087825e-01
  1.8435528874e-01
  -5.9977084398e-01
  1.5415546298e-01
  -6.7885272205e-02
  7.9380378127e-02
  -7.6446247101e-01
  1.9414994121e-01
  -3.8743637502e-02
  3.8528689742e-01
  3.0144542456e-01
  -1.8609812856e-01
  9.9006488919e-02
  -5.3671859205e-02
  -4.4492596388e-01
  1.6313776374e-01
  6.2754556537e-02
  -1.7291691154e-02
  -1.6017436981e-02
  1.7205268145e-01
  2.6970943436e-02
  -8.7746061385e-02
  -2.9151526093e-01
  4.9297921360e-02
  -3.6258229613e-01
  -2.9456055164e-01
  1.7080254853e-02
  2.5790870190e-01
  -2.7686315775e-01
  -1.5465532243e-01
  1.2358390540e-01
  3.0163437128e-02
  -6.4034000039e-02
  -2.4345041811e-01
  3.3313568681e-02
  1.1297993362e-02
  -8.5714831948e-02
  2.6220872998e-02
  -6.5267425962e-03
  -1.5798053145e-01
  -4.7940202057e-02
  -1.1927588284e-01
  -9.6018373966e-02
  -2.5085355155e-03
  2.1800963581e-01
  -1.1201947182e-01
  9.0329414234e-03
  1.5078687668e-01
  2.7002081275e-01
  5.6063834578e-02
  -6.6509848833e-01
  -2.9907456040e-01
  2.2321547568e-01
  4.4998291880e-02
  -2.1201001108e-01
  3.5809159279e-01
  -2.7481713891e-01
  9.9266104400e-02
  -2.3376579583e-01
  -7.8359013423e-03
  1.6839134693e-01
  1.7325380445e-01
  2.2218975425e-01
  1.1424934864e-01
  1.4177928865e-01
  -1.6597352922e-01
  8.1118285656e-02
  3.4011166543e-02
  2.1422652900e-01
  -3.0493918061e-01
  -4.3137311935e-01
  -2.6232153177e-01
  6.1856949329e-01
  3.8038309664e-02
  3.2895237207e-01
  1.3984765112e-01
  -2.3930831254e-01
  1.5042667091e-01
  3.0949832872e-02
  -1.3740575314e-01
  -5.2549312823e-03
  1.2801134586e-01
  -7.5240567327e-02
  2.4663401768e-02
  -5.5187884718e-02
  -6.7156655714e-03
  4.3954767287e-02
  -9.8053708673e-02
  -4.5498099178e-02
  3.4346967936e-01
  -1.5207326412e-01
  -1.9817067683e-01
  -6.4919494092e-02
  7.2995156050e-02
  -1.2443862110e-01
  -3.5430431366e-02
  4.9113340676e-02
  9.3907617033e-02
  -1.1761993170e-01
  2.6723614335e-01
  1.1214734614e-01
  -3.7337705493e-02
  -3.5892918706e-01
  -5.0151076168e-02
  -5.4000936449e-02
  -1.3484482467e-01
  -2.4078539014e-01
  -4.9603775144e-02
  -2.9283601046e-01
  8.8902518153e-02
  7.2775542736e-01
  -1.8733344972e-02
  -2.4182610214e-02
  -1.6583862901e-01
  2.3614676297e-01
  1.1793182045e-01
  -1.8026168644e-01
  4.5197851956e-02
  -5.5236324668e-02
  -2.4519890547e-02
  -1.1773873866e-01
  -8.8106095791e-03
  -1.2972673774e-01
  2.9064860195e-02
  5.4320983589e-02
  -1.0493072122e-01
  6.2324952334e-02
  -1.2152635306e-01
  -1.9622428715e-01
  -4.2774043977e-02
  5.8754641563e-02
  -1.1180455238e-01
  7.4482262135e-02
  1.5117608011e-01
  1.9244275987e-01
  -1.0171307623e-01
  1.0931175202e-01
  2.1121531725e-01
  -1.3439774513e-01
  -3.3039927483e-02
  -2.6338049769e-01
  1.2974336743e-01
  1.4820458367e-02
  1.2218707800e-01
  -1.6799739003e-01
  1.1995211244e-01
  8.5252877325e-03
  2.4843361229e-02
  2.0225244761e-01
  -2.1622660756e-01
  2.6465117931e-01
  1.5998817980e-02
  -2.0135819912e-01
  -7.6814785600e-02
  -4.8468843102e-02
  -5.1091320813e-02
  9.4524510205e-02
  -2.3716530204e-01
  3.2929202914e-01
  1.0106512159e-01
  2.4138288572e-02
  1.9363324344e-01
  2.4493359029e-02
  -3.9088633657e-01
  -6.6401004791e-01
  1.3133059442e-01
  -1.8188796937e-01
  -2.1581755579e-01
  -4.4766852260e-01
  2.0887266099e-01
  7.1744754910e-02
  8.3317048848e-02
  7.8333720565e-02
  1.6536383331e-01
  1.0947311670e-01
  7.7050305903e-02
  -1.1654992402e-01
  3.8189741969e-01
  2.3655627668e-01
  8.9277394116e-02
  -1.1330392957e-01
  -2.3317957297e-02
  2.0407517254e-01
  2.8535234928e-01
  -3.5762661695e-01
  3.3599466085e-02
  -8.0542020500e-02
  2.2485716641e-01
  5.7340472937e-01
  1.0462216139e+00
  -3.7598177791e-01
  1.2966068089e-01
  -2.6218645275e-02
  9.6306645870e-01
  -9.3148636818e-01
  -6.7601315677e-02
  -4.8693832755e-01
  -9.2318430543e-02
  -5.2956794389e-03
  -1.8455235660e-01
  1.4023025334e-01
  -7.4575133622e-02
  -4.0964946151e-02
  -1.2668266892e-01
  -2.0234428346e-01
  -1.3007384539e-01
  -2.8310132027e-01
  -1.4735853672e-01
  1.6919474304e-01
  1.3227157295e-01
  3.9906941354e-02
  2.1816532314e-01
  3.0214952305e-02
  -2.8129440546e-01
  -6.6897839308e-01
  -9.9879078567e-02
  -1.1209993809e-01
  -1.1644595116e-01
  -1.7465597391e-01
  1.2327993661e-01
  7.6536731794e-03
  1.0101398081e-01
  1.3263264298e-01
  -4.8472158611e-02
  1.8005253375e-01
  2.2034573555e-01
  9.0314626694e-02
  -1.7729648948e-01
  1.8336521462e-02
  1.9583529793e-03
  1.0111021111e-03
  -1.2817822397e-01
  1.0818036646e-01
  -1.9034998119e-01
  -5.1806811243e-03
  -1.6165281832e-01
  1.8622441590e-01
  2.6827183366e-01
  1.6807554057e-03
  1.4329543710e-01
  1.4059670269e-01
  2.4260379374e-01
  -7.0760667324e-02
  1.2679642439e-01
  -9.8012849689e-02
  -6.8688529730e-01
  -2.8593686223e-01
  -3.0232948065e-01
  1.5892089903e-01
  1.0552258790e-01
  9.8004095256e-02
  -1.0635669529e-01
  -1.2046824396e-01
  1.0564692318e-01
  3.7687543780e-02
  1.0459787399e-01
  3.2826048136e-01
  -1.3495062292e-01
  1.4176844060e-01
  3.2422739267e-01
  8.6424738169e-02
  -1.4457172155e-01
  6.3502453268e-02
  6.1373472214e-02
  -1.0617239028e-01
  -6.5438196063e-02
  -6.4603842795e-02
  6.3326194882e-02
  1.4294792712e-01
  -4.9287538975e-02
  -1.1652320623e-01
  -7.9560866579e-03
  3.7597209215e-02
  1.6587291658e-01
  -5.4228130728e-02
  -1.1167491227e-01
  -1.3968057930e-01
  -5.1679057069e-03
  -1.0525758564e-01
  1.4984308183e-01
  -1.0584672540e-01
  -6.3831143081e-02
  -3.4901883453e-02
  4.2876395583e-01
  -1.0295583308e-01
  -2.9969432950e-01
  -1.1806207150e-01
  -1.0506586730e-01
  4.9120433629e-02
  -1.1708781868e-01
  6.9780342281e-02
  8.3783465624e-01
  -6.7097708583e-02
  2.1291416883e-01
  -5.5608965456e-02
  -2.2074924409e-01
  -1.5192121267e-01
  -1.3099165261e-01
  -5.3999619558e-04
  1.8228916824e-01
  5.8574967086e-02
  2.3732294142e-01
  4.1600337625e-01
  2.8809277341e-02
  -1.5739166737e-01
  2.1156644821e-01
  -8.4087356925e-02
  -1.1059471965e-01
  -5.4225493222e-02
  4.2626191862e-04
  -6.0889925808e-02
  -6.5347193740e-03
  -1.4152301848e-01
  -3.4513235092e-02
  3.3512139320e-01
  1.0179971345e-02
  2.6683411002e-01
  5.2310857922e-02
  -2.2947138175e-02
  2.4421695620e-02
  7.1749560535e-02
  1.6234716773e-01
  1.0871297866e-01
  1.8085844815e-01
  2.3702873290e-01
  7.1182608604e-02
  9.0933091938e-02
  3.6985889077e-01
  -1.6350826621e-01
  -2.6480752230e-01
  1.2398555130e-01
  -4.2562957853e-02
  -1.6046915948e-01
  8.3668276668e-02
  2.3655730486e-01
  -1.2880089879e-01
  -3.4073305130e-01
  -6.0026120394e-02
  -8.6659444496e-03
  -4.2222085595e-01
  -6.1243277043e-02
  3.1647476554e-01
  1.5691289445e-03
  -1.2758620083e-02
  1.2702503800e-01
  2.3664782941e-01
  1.6663891077e-01
  -1.3186465204e-01
  -1.6437934339e-01
  -1.5432915092e-01
  6.6840983927e-02
  2.7644819021e-01
  -7.3059326410e-01
  3.2800543308e-01
  -1.3785433769e-01
  4.9900263548e-02
  -9.4608962536e-02
  1.2004053593e-01
  1.7753556371e-01
  2.6294282079e-01
  3.0674891546e-02
  8.5056707263e-02
  1.9298468530e-01
  5.6801242754e-03
  1.8370007277e+00
  1.9454351068e-01
  2.6350614429e-01
  2.2346894443e-01
  -4.0909085423e-02
  3.4434206784e-02
  -2.7993876487e-02
  4.4053960592e-02
  4.5213329792e-01
  9.4814486802e-02
  -1.5001679957e-01
  1.1643271893e-01
  -8.7109461427e-02
  1.6584827006e-01
  1.1928763241e-02
  -2.7547711134e-01
  -1.5260133892e-02
  2.8685957193e-01
  1.9932861626e-01
  -1.8471598625e-01
  -2.7441024780e-01
  -2.4398107827e-01
  2.7374175191e-01
  3.5577986389e-02
  -8.9083306491e-02
  -4.8481288552e-01
  -9.4686158001e-02
  3.5591354966e-01
  -5.2716087550e-02
  -1.6837434471e-01
  3.4577187896e-01
  1.0588118434e-01
  8.5174344480e-02
  1.3794063032e-01
  -4.4773174450e-03
  2.2387683392e-02
  7.0711830631e-03
  -1.5571175516e-01
  3.7041839957e-01
  -7.0501580834e-02
  -6.1948543787e-01
  2.6650410146e-02
  -1.4804176986e-01
  -1.6689470410e-01
  1.2442138046e-01
  3.4654316306e-01
  2.7566668391e-01
  -2.0785459876e-01
  5.7465791702e-01
  1.9655737281e-01
  5.4691100121e-01
  -4.7827675939e-02
  3.9524564147e-01
  6.8405824900e-01
  -1.1347787082e-01
  -1.1937049776e-01
  -1.5238381457e-04
  -1.5008975565e-01
  3.6071512103e-01
  -3.1380031258e-02
  3.5650992393e-01
  1.5244944394e-01
  2.4223978817e-01
  1.7178726196e-01
  -3.1034182757e-02
  -7.6616376638e-02
  -1.2987717986e-01
  -2.3125436902e-01
  -1.5993414819e-01
  1.4742991328e-01
  1.0503173620e-01
  -1.3323311694e-02
  -3.3130663633e-01
  1.9297072291e-01
  -1.4789679646e-01
  -2.5178551674e-01
  2.8572627902e-01
  2.3118169606e-01
  -4.7402158380e-01
  1.3305281103e-01
  3.4827116877e-02
  1.9981469959e-02
  2.4374653399e-01
  -4.2575430125e-02
  6.9639049470e-02
  1.4148078859e-01
  8.9974872768e-02
  5.5082008243e-02
  8.8933415711e-02
  -3.2274328172e-02
  -1.8834456801e-01
  -1.0353327543e-01
  3.9725519717e-02
  3.7580140634e-04
  1.5770494938e-02
  -2.9042210430e-02
  1.2118572742e-01
  -2.8533297777e-01
  1.0910392553e-01
  2.0456182957e-01
  4.4601258636e-01
  1.1216674745e-01
  1.0868413448e+00
  2.0282064378e-01
  6.5489366651e-02
  1.9063429534e-01
  -4.4689092785e-02
  -1.1995602399e-02
  7.8884966671e-02
  7.0916727185e-02
  1.6104017198e-01
  4.4676594436e-02
  -1.1829780042e-01
  2.1437293291e-01
  5.2384503186e-02
  -3.3876934648e-01
  7.6939463615e-02
  1.1910150200e-01
  1.5571679175e-01
  -2.2427061200e-01
  4.5976344496e-02
  -3.0716362596e-01
  -1.8593080342e-01
  -2.0431265235e-01
  -2.8818228841e-01
  -1.8191342056e-01
  1.1694555730e-01
  -1.1653956026e-01
  -4.9230329692e-02
  5.8059450239e-02
  -1.4894126356e-01
  2.2165445983e-01
  -1.2639583647e-01
  -8.0073498189e-02
  1.4012417197e-01
  3.5456344485e-01
  1.2215688080e-01
  2.6382070780e-01
  1.7213231325e-01
  2.6962870359e-01
  -1.8415533006e-01
  1.5277347527e-02
  4.6415713429e-01
  -7.3135331273e-02
  -2.8702102602e-02
  4.0338236094e-01
  8.9494496584e-02
  7.6077818871e-02
  -5.0754450262e-02
  -3.9430599660e-02
  9.0615570545e-02
  -8.9392280206e-03
  -7.3277033865e-02
  2.2583346069e-01
  1.7512592673e-01
  -8.8058389723e-02
  3.4517571330e-03
  -2.9750365019e-01
  -1.6701520979e-01
  -6.4714245498e-02
  -4.1522291303e-01
  4.0343154222e-02
  -2.8098699450e-01
  -4.4247519225e-02
  -8.3863057196e-02
  -6.9461666048e-02
  2.7150654793e-01
  -1.3183535337e+00
  -2.4772617221e-01
  -8.5612041876e-03
  -1.1793704033e+00
  -3.8024967909e-01
  -6.5521709621e-02
  -2.0832301676e-01
  1.0916700214e-01
  -2.9453057051e-01
  1.9098713994e-01
  1.6195546836e-02
  -1.6104105860e-02
  -5.9218162298e-01
  2.0718790591e-01
  1.0563015193e-01
  -8.0366738141e-02
  -6.7181110382e-02
  1.5967713296e-01
  -3.1444209814e-01
  5.2183307707e-02
  9.3515165150e-02
  -1.9144836068e-01
  8.8474452496e-02
  -3.9385703206e-01
  -4.1453283280e-02
  5.3918755054e-01
  3.4140564501e-02
  -2.5077825785e-01
  8.1945158541e-02
  -1.1388010532e-01
  3.5141937435e-02
  -3.6931714416e-01
  -4.3191131949e-01
  -5.1522146910e-02
  3.5079193115e-01
  2.8574604075e-03
  2.3498402536e-01
  -4.8833761364e-02
  5.3941633552e-02
  -5.0337027758e-02
  -2.3200258613e-01
  1.0177752934e-02
  8.2881219685e-02
  4.2906738818e-02
  1.0069607943e-01
  3.1171657145e-02
  1.3931281865e-01
  5.3493697196e-02
  -3.4315541387e-01
  -1.8163911998e-01
  1.3079111278e-01
  -6.2853917480e-02
  1.0010359436e-01
  1.1990798265e-01
  -3.2140684128e-01
  1.5536330640e-01
  2.3275780678e-01
  -1.5681786835e-01
  -6.4466786571e-03
  1.6996784508e-01
  -1.5056158416e-02
  5.5111527443e-02
  1.0209870338e-01
  -8.5766881704e-02
  8.7072335184e-02
  -9.9564887583e-02
  -8.8629132509e-01
  4.1789550334e-02
  1.6959747672e-01
  -2.2891940549e-02
  -1.9084708393e-01
  5.9099666774e-02
  1.0123556852e-01
  1.1756817251e-01
  -4.3224144727e-02
  1.6555246711e-01
  1.4281933010e-01
  -3.3409774303e-01
  -5.0674688071e-02
  -1.6352985799e-01
  -9.8802275956e-02
  -2.8710114956e-01
  7.5790211558e-02
  3.0814751983e-01
  -8.2451187074e-02
  2.2259214893e-02
  -1.3706927001e-01
  -8.9059159160e-02
  -4.5767426491e-01
  1.2225658633e-02
  -2.7818164229e-01
  3.5579413176e-02
  -6.4465023577e-02
  1.4569416642e-01
  4.3442528695e-02
  9.5003612339e-02
  -1.1452701688e-01
  1.8076212704e-01
  7.1720637381e-02
  2.8045925498e-01
  2.4368394911e-01
  -1.2109538540e-02
  -3.1348139048e-02
  -2.2736114264e-01
  -4.6469116211e-01
  -5.1967024803e-02
  3.0327421427e-01
  3.7999723107e-02
  9.0400949121e-02
  7.9311586916e-02
  1.2632319331e-01
  3.1475450844e-02
  -1.2407872826e-01
  7.6265260577e-02
  9.6883445978e-02
  2.4721066654e-01
  -9.4192303717e-02
  1.2183735520e-01
  -8.6018420756e-02
  -1.6036979854e-01
  5.4480087012e-02
  -3.6518856883e-02
  1.8139196932e-01
  1.5813437104e-01
  1.9095739722e-01
  1.1550014466e-01
  4.6649746597e-02
  1.8562343717e-01
  -1.5381468832e-01
  -2.5516673923e-01
  -4.0172178298e-02
  7.0838965476e-02
  -4.1003663093e-02
  1.3142012060e-01
  6.1931654811e-02
  -1.6542401165e-02
  5.0007868558e-02
  -1.8388439715e-01
  1.5939414501e-01
  2.7307491750e-02
  -7.4422650039e-02
  7.3844015598e-02
  3.2180163264e-01
  -4.6471733600e-02
  1.8083646894e-01
  2.1469718218e-01
  1.8271310627e-01
  -1.2484101951e-01
  -2.3876450956e-01
  3.0840748549e-01
  1.9573090971e-01
  -1.0266129673e-01
  -1.2154576927e-01
  -2.0956256986e-01
  5.0022852421e-01
  1.7737610638e-01
  -5.0495445728e-02
  1.5117129683e-01
  1.4099909924e-02
  -2.4335692823e-01
  -4.4824883342e-02
  1.3610711694e-01
  -1.5143972635e-01
  1.0520433076e-02
  -9.5747061074e-02
  1.6781365871e-01
  8.8610043749e-03
  2.2189275920e-01
  3.6694198847e-02
  5.3703967482e-02
  -2.3689761758e-01
  -6.0270644724e-02
  9.0912148356e-02
  2.8115904331e-01
  -3.1303802133e-01
  -7.6430201530e-01
  4.9009479582e-02
  3.4203442931e-01
  -2.4141958356e-01
  -2.0946981013e-01
  -1.1470564455e-01
  -1.0973225534e-01
  2.3414500058e-01
  3.6279314756e-01
  1.7131012678e-01
  -2.2472670302e-02
  -6.9510348141e-02
  2.8785562515e-01
  3.3319938183e-01
  1.2054321915e-01
  6.4617872238e-02
  -1.7767187953e-01
  -1.0006426275e-01
  -5.7079404593e-02
  7.2300493717e-02
  1.6352581978e-01
  2.7418580651e-01
  -4.2380180210e-02
  -3.2773163915e-01
  -7.1525856853e-02
  3.2497727871e-01
  5.8765098453e-02
  -1.1874272488e-02
  -8.0748192966e-02
  4.1776728630e-01
  -8.1682018936e-02
  -6.8290606141e-02
  -4.5087460428e-02
  -4.1353914887e-02
  1.8016040325e-01
  2.0738005638e-01
  5.3483285010e-02
  -1.3140290976e-01
  1.9618567824e-01
  6.7800641991e-03
  -1.8358352780e-01
  1.2786258757e-01
  3.9548602700e-01
  -1.8520739675e-01
  1.5107457340e-01
  -4.5996111631e-01
  7.2622172534e-02
  1.5900535882e-01
  -1.7011433840e-01
  1.7714364827e-01
  -1.5179930627e-01
  -2.3625798523e-01
  8.0265745521e-02
  3.3545222133e-02
  -7.4563634396e-01
  -1.1790239811e-01
  -4.8253792524e-01
  1.2532445788e-01
  -8.0110095441e-02
  -2.4346037209e-01
  -1.3158829510e-01
  2.5190493464e-01
  -1.0158729553e-01
  -6.8155094981e-02
  5.3490513563e-01
  2.6298817992e-01
  -5.2175492048e-01
  -2.4561226368e-02
  1.3867551088e-01
  -4.3967100792e-03
  -2.0209927112e-02
  -2.4415211380e-01
  4.2717158794e-03
  1.9258692861e-01
  1.5864045918e-01
  5.6572079659e-01
  -1.2946169078e-01
  1.2147200108e-01
  -1.7978587747e-01
  2.2941966355e-01
  3.4532904625e-02
  -1.1572337896e-01
  1.0367704928e-01
  1.5293510258e-01
  -4.1670984030e-01
  1.3000667095e-01
  2.8700863943e-02
  3.8732200861e-02
  -3.2326739281e-02
  -1.7318117619e-01
  2.5548394769e-02
  1.8094927073e-02
  8.8699810207e-02
  -1.6529238224e-01
  -1.7347384989e-01
  1.9608512521e-02
  -1.9672733545e-01
  3.7757754326e-02
  -1.0041031241e-01
  -9.9741443992e-02
  1.0727737844e-01
  3.5131134093e-02
  3.1313154101e-01
  4.7586821020e-02
  -3.2770535350e-01
  -1.7711867392e-01
  -2.3522180319e-01
  -7.4657402933e-02
  -4.2872592807e-02
  -1.2984475493e-01
  -1.5625758097e-02
  -1.0001225770e-01
  -1.8509662151e-01
  -1.3089770079e-01
  -4.8210762441e-02
  1.0948737711e-01
  1.8334667385e-01
  -1.8082049489e-01
  -1.3325022161e-01
  -1.7345355451e-01
  -1.4305657148e-01
  -1.8934372067e-01
  2.7269899845e-01
  -3.0036250129e-02
  2.0183598995e-01
  1.5212397277e-01
  6.1107508838e-02
  1.5184713528e-02
  -1.1955845356e-01
  -2.6741504669e-01
  -2.6078197360e-01
  -1.4102676511e-01
  -7.8508906066e-02
  -1.4056427777e-01
  1.8369954824e-01
  2.8684604168e-01
  6.0348276049e-02
  2.2360863164e-02
  -1.3449634612e-01
  3.1242635101e-02
  2.4453787133e-02
  4.3682809919e-02
  -1.0998578742e-02
  -1.5068890154e-01
  -8.3566017449e-02
  -3.3510121703e-01
  -2.9844874144e-01
  -8.4504902363e-02
  1.8514770269e-01
  2.3822462559e-01
  8.0225117505e-02
  3.7129649520e-01
  -3.3640947938e-01
  -3.0989712477e-01
  -2.1463087201e-01
  -2.3040853441e-01
  -6.8275056779e-02
  5.1430207491e-01
  -1.7155154049e-01
  2.7408540249e-01
  2.3053655028e-01
  3.3633998036e-01
  -2.0621177554e-01
  -4.8202109337e-01
  1.5142445266e-01
  1.2332831323e-01
  -1.0924728960e-01
  -1.9261641800e-01
  4.9208757281e-01
  -7.6421327889e-02
  4.1346654296e-01
  3.9644945413e-02
  6.6619977355e-02
  -2.2121214867e-01
  -3.0094179511e-01
  -4.7766226530e-01
  -4.5313853025e-01
  2.7825656533e-01
  -1.0167324543e-01
  -3.7965778261e-02
  1.7280057073e-01
  -2.9107785225e-01
  -6.4554363489e-02
  2.6335185766e-01
  4.2625650764e-01
  -1.2779109180e-01
  -1.0020995885e-01
  3.2076743245e-01
  2.5833174586e-01
  1.3114558160e-01
  -5.9380186722e-03
  5.8988191187e-02
  -1.9543396309e-02
  -1.9516642392e-01
  -2.7984282374e-01
  -2.8735738993e-01
  -1.3751137257e-01
  1.0080421716e-01
  1.0411032289e-01
  1.4617384970e-01
  4.4123625755e-01
  -1.8946059048e-01
  -1.4721347392e-01
  6.7012220621e-02
  5.1520406269e-03
  4.5193442702e-01
  -8.6945816875e-02
  4.9588635564e-02
  4.6331524849e-02
  -3.0218553543e-01
  1.4349962771e-01
  8.2864761353e-02
  9.7861446440e-02
  -2.1215528250e-01
  6.1104027554e-03
  -1.5964861214e-01
  1.9108295441e-01
  -2.3425345123e-01
  2.4182006717e-02
  -2.1472196281e-01
  8.0259636045e-02
  -5.0724184513e-01
  -3.5717628896e-02
  -5.9027526528e-02
  2.7220476419e-02
  -4.2769896984e-01
  2.4216614664e-01
  2.3887662590e-01
  -2.0138946176e-01
  -4.3321356177e-02
  -1.5345285833e-01
  -2.0810429752e-01
  6.2022984028e-02
  1.7160221934e-01
  1.2793129683e-01
  -6.6816709936e-02
  1.7929345369e-01
  2.2084319592e-01
  -3.4838852286e-01
  3.4952008724e-01
  5.2233344316e-01
  2.4499824643e-01
  2.3879919201e-02
  -1.9828484952e-01
  1.3642056286e-01
  -2.5108185410e-01
  9.5199100673e-02
  2.6937144995e-01
  7.5917698443e-02
  2.4036630988e-01
  5.8087015152e-01
  3.5602915287e-01
  -5.3624693304e-02
  -3.4240305424e-01
  -5.8535657823e-02
  -4.2715030909e-01
  -4.7212038189e-02
  1.0619371384e-01
  2.4431440234e-01
  3.5089713335e-01
  1.8483638763e-01
  -1.7464157939e-01
  6.7903608084e-02
  -9.3100577593e-02
  6.8418584764e-02
  -1.9396169111e-02
  1.1780101806e-01
  5.5524930358e-02
  -1.3957764208e-01
  -1.1172359437e-01
  -2.1906036139e-01
  2.2061772645e-02
  2.2730752826e-01
  -5.7408209890e-02
  -2.4432533979e-01
  4.7406476736e-01
  -2.4486215785e-02
  8.2156106830e-02
  2.2775743157e-02
  9.2283174396e-02
  -1.7512045801e-01
  -7.0279091597e-02
  7.9805761576e-02
  4.0788358450e-01
  1.1750958860e-01
  1.9787877798e-01
  5.5925134569e-02
  1.2215548009e-01
  -1.9479203969e-02
  1.9474448264e-01
  -1.6506928205e-01
  -1.6388931870e-01
  -3.5207647830e-02
  1.0402250104e-02
  4.6273749322e-02
  9.0410239995e-02
  -1.0210481472e-02
  5.7533498853e-02
  -7.2807157412e-03
  -1.0788948089e-01
  7.9894382507e-03
  -6.4076401293e-02
  1.1239676923e-01
  1.5909442678e-02
  9.5477597788e-03
  -1.1987795681e-01
  -7.0063970983e-02
  7.4090756476e-02
  -1.8634623289e-01
  -1.1774615198e-01
  -1.5168616176e-01
  -1.0332870483e-01
  4.8945248127e-02
  -5.6415800005e-02
  1.3888747990e-01
  1.7604024708e-01
  1.4925020933e-01
  1.6521354020e-01
  -2.1475550532e-01
  3.0918544158e-02
  3.3937558532e-01
  6.4101952314e-01
  -1.9591291249e-01
  1.5581668913e-01
  -2.7138689160e-01
  -3.1854289770e-01
  -1.9496782124e-01
  -4.9068372697e-02
  2.6733112335e-01
  2.9826861620e-01
  -1.8893902004e-01
  5.8303423226e-02
  -8.4317512810e-02
  -1.9972106814e-01
  -4.9725662917e-02
  2.8446418047e-01
  -2.7359062433e-01
  1.4293977618e-01
  2.2717626393e-01
  -1.1984767020e-01
  -1.6675843298e-01
  -2.9006112367e-02
  1.8484959006e-01
  7.2764582001e-03
  -5.6256130338e-02
  -2.8303176165e-01
  -3.0403032899e-01
  -1.7070960999e-01
  -7.5472235680e-02
  3.5723501444e-01
  4.8790454865e-01
  -1.7820966244e-01
  -1.3339018822e-01
  -8.9249476790e-02
  -4.3745033443e-02
  1.5364669263e-01
  2.0481187850e-02
  3.5084798932e-01
  -1.4545272291e-01
  4.1904282570e-01
  -2.4944329262e-01
  -7.7477641404e-02
  3.0337595940e-01
  -8.1876128912e-02
  2.6785218716e-01
  3.3165675402e-01
  8.3346016705e-02
  -3.2648704946e-02
  2.5191456079e-01
  2.7919247746e-01
  7.8612975776e-02
  1.5793220699e-01
  1.6252134740e-01
  1.7758563161e-01
  4.1130948812e-02
  2.9380965233e-01
  1.0685828514e-02
  1.5014782548e-01
  -2.0055180788e-01
  1.5967455506e-01
  9.1864325106e-02
  1.8160676584e-02
  -1.1126812547e-01
  7.5993202627e-02
  -1.4377935231e-01
  3.3542039990e-01
  -2.2323235869e-01
  4.8895772547e-02
  1.2557949126e-01
  -2.9839688912e-02
  -8.5739985108e-02
  2.1813143045e-02
  4.5482444763e-01
  -2.2001057863e-01
  3.5213866830e-01
  -1.2265057862e-01
  2.6924440265e-01
  -1.4301413298e-01
  -5.8574888855e-02
  -2.0008368790e-01
  -3.3884078264e-01
  1.0540318675e-02
  -1.1784365773e-01
  1.6152381897e-01
  -4.5933604240e-02
  -2.4128857255e-01
  -3.0905646086e-01
  -1.9428756833e-01
  -4.2553114891e-01
  -6.1915993690e-02
  -7.6557070017e-02
  -3.5678154230e-01
  1.8337684870e-01
  -5.0186388195e-02
  5.2280241251e-01
  6.7899572849e-01
  -2.3043397069e-01
  2.4704934657e-01
  -1.0487287492e-01
  -7.1704894304e-02
  2.8512170911e-01
  -5.6645944715e-02
  2.0091958344e-01
  6.6296994686e-02
  3.7529587746e-01
  1.7490725219e-01
  4.2336976528e-01
  1.0021264665e-02
  2.4702064693e-01
  3.6042843014e-02
  -2.1309751272e-01
  -7.2447359562e-02
  -4.9155741930e-02
  -3.4730616212e-01
  1.1877960712e-01
  2.9323136806e-01
  -1.6549794003e-02
  -3.4819105268e-01
  2.0479072630e-01
  2.0492164791e-01
  -1.2654591352e-02
  1.6193404794e-01
  1.7821815610e-01
  -7.0479750633e-02
  1.6342809796e-01
  1.6109742224e-01
  -5.8841776103e-02
  1.7727625370e-01
  2.7780566365e-02
  2.8829401731e-01
  1.2214060873e-01
  7.5180880725e-02
  -1.8383723497e-01
  9.3815140426e-02
  9.3765169382e-02
  4.0908001363e-02
  2.1480281651e-01
  -2.7475523949e-01
  -3.0215188861e-01
  4.0110871196e-02
  -4.8043948412e-01
  2.1969287097e-01
  -7.7481627464e-02
  -5.2314672619e-02
  2.4930654466e-01
  -2.3151834309e-01
  -4.8388998955e-02
  5.3297799826e-01
  4.1337683797e-01
  4.4390523434e-01
  7.4777030945e-01
  5.6582754850e-01
  3.9399293065e-01
  5.7105600834e-01
  5.0245398283e-01
  3.4379190207e-01
  6.1180927277e+01
  1.4983099937e+01
  3.0167476654e+01
  2.4410724640e+01
  2.1996255875e+01
  2.4812311172e+01
  2.0060646057e+01
  2.5065462112e+01
  3.2517791748e+01
  3.3494377136e+01
  1.1325689316e+01
  2.4375295639e+01
  1.5172352791e+01
  1.0059262276e+01
  1.0247771263e+01
  1.9103212357e+01
  6.8016386032e+00
  2.3644939423e+01
  1.6014223099e+01
  5.1281371117e+00
  1.2956883430e+01
  1.2744027138e+01
  6.6747083664e+00
  9.8738193512e+00
  1.0744267464e+01
  6.2397899628e+00
  1.0225177765e+01
  1.3744606018e+01
  6.2999148369e+00
  1.2612885475e+01
  9.8377904892e+00
  4.3866906166e+00
  8.3517189026e+00
  8.8158502579e+00
  3.4798698425e+00
  9.8861856461e+00
  5.1511383057e+02
  1.0360201263e+02
  3.6919677734e+02
  2.8897924805e+02
  1.0046817780e+02
  9.9806106567e+01
  2.1326582336e+02
  5.8060333252e+01
  3.5459225464e+02
